index,uID,Context,Target,mean_vote
2,BNC-1003,"He patted her hand. If he had chosen to, Thomas might have told her in no uncertain terms what was wrong.",He might have said to her that some time in the middle of the nineteenth century a cult had grown up around the idea of the home.,0.6666666666666666
3,BNC-1005,"She could see his distorted image in the slanted glass of the car's windows, dim in the background, still lit by his instruments. She wondered how she could ever have thought that she loved him, and why she had stayed with him for so long after she 'd realised that if she ever had, she did not love him now.",Of course she could say it was for the children as people always did... It was true up to a point.,0.875
4,BNC-1006,"She glanced around the room, laying her hot flushed face against the cool pillow, listening to the bang of a cupboard door below, the chinks of crockery. The room seemed empty without him, strange and unfriendly.",Robyn swallowed and took a deep breath trying to compose herself so that when he returned she could say that it was all right she felt fine now.,0
6,BNC-1012,"Dynmouth was becoming a nasty kind of place.'' Poor Miss Poraway,'' Quentin said as they washed the tea dishes, and Lavinia - not feeling agreeably disposed towards Miss Poraway - did not say anything.",She wished she could say she was sorry now not in the middle of the night when he was asleep.,0.8888888888888888
7,BNC-1014,Stan was running a business and needed funds to buy stock and time to work on new finds. The price proposed was on the open market and Stuttgart was happy to offer it.,Some might say that compared to the prices paid for works of art $180 000 is a modest sum for a unique creature - the oldest reptile on earth.,1.375
9,BNC-1018,"Some would say her hair is her finest feature, though Robyn herself secretly hankers after something more muted and malleable, hair that could be groomed and styled according to mood - drawn back in a severe bun like Simone de Beauvoir's, or allowed to fall to the shoulders in a Pre-Raphaelite cloud. As it is, there is not much she can do with her curls except, every now and again, crop them brutally short just to demonstrate how inadequately they represent her character.",Her face is comely enough to take short hair though perfectionists might say that the grey-green eyes are a little close-set and the nose and chin are a centimetre longer than Robyn herself would have wished.,1.5555555555555556
10,BNC-1019,"Hardly, thought Jaq. Nor could Obispal exactly be viewed as incompetent, despite his last-moment slackening of judgement when he charged into that trap in the arcade.",A cynic might say that Obispal's activities were directly responsible for triggering the rebellion and thus for all the deaths including those of millions of bystanders.,1
13,BNC-1031,He looked at me questioningly.,I wished I could say yes I minded like hell it wouldn't cost me much in the circumstances.,1.7777777777777777
14,BNC-1032,"The kitchen radiator doesn't work and the Calorgas fire hadn't warmed the place up yet. I began to wonder about how long hypothermia takes to kill someone, I mean what if I left Mum there overnight - would that be long enough?",I could say that she must have gone wandering.,-2
15,BNC-1035,At this rate I 'll be a Homelessness Statistic. A student!,I could say I'm a student.,1.375
18,BNC-1048,"That day it all came out. Constanza tried to follow her out of the hotel-as she was very very upset, my grandmother-but Constanza was too late.",You could say that she died of... moral shock.,0.875
21,BNC-106,She spoke - more slowly than she had spoken before - and Fatima listened with a concentrated intensity that she never lent to Marie Claire's requests and detailed instructions. It was evident in all their dealings that no matter how Marie Claire bestirred herself the maids would do things as they had always done them.,Now watching her I thought that Fatima might at this girl's behest change her life her ways and I wondered what she would do if she was hearing that she would find no husband have no children lose her life to Leviathan.,0.7777777777777778
26,BNC-107,Harvey thinks very highly of you and you 'll be a great comfort to him. Terrible way for young Judd to die.,It 'll help Harvey if he hears his son didn't suffer none.,1.5
33,BNC-1082,Or Alexandra? He rather thought not.,It was not something he had considered much before now but he could see that outstanding looks could be more of a curse than a blessing.,1.625
48,BNC-1111,"She was pouring a cup of tea when the solution came to her. As a member of the editorial collective of Fem Sap, it was part of her job to commission occasional articles.",She could ring Jamie and suggest that he write something for it.,1.4444444444444444
49,BNC-1114,"We saw him at the Test matches, congratulating Gooch. But we never really believed that John Major was a sports fan until we saw him on that bleak Sunday afternoon at Stamford Bridge.",True it was a televised match and some might suggest that his media advisers were earning their keep but a prime minister who endures 90 minutes of Chelsea has surely earned the benefit of the doubt.,1
50,BNC-1116,"Emily - she seemed to be her own mistress, despite the grand connections - would surely not refuse an honest offer. Yet he was not, at present, in a position to make one.",Perhaps when she had recovered from this encounter he could suggest that they become engaged albeit in an unacknowledged fashion as he could not afford a ring worthy of her.,0.8888888888888888
51,BNC-1121,"He came up with them to Four on the first floor, Tom's room. This irritated Alice.",Peter might have supposed that they were lovers from Tom's ardour and her acquiescence might have thought it not just tactful but a requirement to leave them alone together.,0.75
52,BNC-1122,"She had had very little to do with Bunny, but on their occasional meetings the girl had grown more civil of late.",Sara could only suppose that her initial suspicion had been stilled and that she accepted her Sara as part of the permanent scenery around the place.,0.625
53,BNC-1123,It seems the fellow carried out his task well enough - there are two corpses in the burial chest this morning. But who could say for certain?,Will Slaughter has gone and one might suppose another has gone with him.,0.5
54,BNC-1124,"Manville had pruned Hayman's original shortlist of five to just two names, and added a third of his own choosing from the original dossier.",The name meant virtually nothing to him and a casual observer might easily have suspected that Manville had picked it out completely at random.,0.2222222222222222
55,BNC-1127,"He would come when he would come, and the Tabula Rasa would have to bide its time, though the longer he was away the more the likelihood grew of one of their number voicing the suspicion some of them surely nurtured. That Godolphin's dealings in talismans and wantons were only the tip of the iceberg.",Perhaps they even suspected he took trips.,0.625
57,BNC-1130,"He was engaging in a war of nerves with her, Isabel realised at last, but he didn't remember. She stared back at him, unable to speak, terrified of betraying the slightest clue that might jolt his memory, but conscious of a heartfelt sense of gratitude for the fever that had kept her so busy during the morning hours.",FitzAlan might suspect that something had happened between them but he didn't know for sure.,0.75
58,BNC-1131,"She was not constructed to be attractive. Roland half wished that she was, that a merchant banker would take her out to dinner, or a shady solicitor to the Playboy Club.",He hated himself for these demeaning fantasies and was reasonably afraid that she might suspect he nourished them.,0.8888888888888888
59,BNC-1132,Ginny could only suppose that Ralph thought he was protecting her from a possible nuisance. Perhaps he thought British Council employees who received personal calls at work were instantly dismissed.,Perhaps he suspected that Peter Redburn intended to whisper obscenities in her ear.,0.375
60,BNC-1133,Still missing. Found dead.,Charlotte could almost suspect the headline had already been selected the outcome already determined.,1.25
61,BNC-1134,"Trazior did overlook such a desert, as southerly sentinel of the Palatine cluster. However, Trazior also formed part of a mega-complex of hives densely crowding a poisoned terrain, interlinked by transport tubes supported on pylons or suspended from cables.",Whoever looked out northward from the massive protective shell of Trazior might suspect that some giant world-spider nourished on venom had swung from hive to hive spinning ropes and depositing multi-millions of hatchlings in each domain.,-0.5
62,BNC-1135,"``One of the old school,'' Ramsbum kept intoning. ``God knows what'll happen to us now.''",If Ramsbum had been a human being Amiss might have suspected that he was seriously feeling grief.,0.3333333333333333
63,BNC-1136,"``If I tread too presumptuously into sacred places, reprove me,'' entreated the earl, with the submissive sweetness of a brand-new novice. Precious little chance of that happening, thought Hugh, listening and observing with a pleasure that recalled to mind some of his earliest and most tentative exchanges with Brother Cadfael, dealing trick for trick and dart for dart, and feeling their way over small battlefields to a lasting friendship.",The prior might possibly suspect that he was being teased for he was no fool but he would certainly not challenge or provoke a magnate of Robert Beaumont's stature.,1
64,BNC-1137,"It sounded plausible, but the words were a little too pat for Lorton's liking. The solution was so convenient - and for someone in Tolby's position so tactful too.",Tolby might suspect that Lorton had a hand in Newley's disappearance despite the fact that he had unwittingly provided Lorton with a partial alibi for that Sunday.,0.5555555555555556
65,BNC-1141,"``Otherwise I shall faint.'' Though the window on the stairwell was left on the latch there was always a peculiar smell in the room, a mixture of coke fumes from the hot-water pipes, peppermints and that pervasive mist of eau de Cologne sprayed so recklessly by Dawn Allenby.",Stella was afraid Babs might tell Dotty that she didn't wear a slip and that Dotty would rush out and buy her one just as she had bought her a brassiere after catching her in the wardrobe with her arms above her head about to be fitted for her Ptolemy costume.,1.8888888888888888
74,BNC-1158,"Nick rolled his eyes upwards. ``Not so bad, then.''",She wished she could tell him that Mr Evans hadn't stolen the Will after all but Nick had never thought that he had so there was no point in it.,1
76,BNC-116,"After all, they had been together for a couple of years and she did idolise him. A line cut between Ashley's brows.",If Vitor imagined she was going to demand an immediate showdown with the model he was wrong.,-1.75
83,BNC-1180,"Dam the leaks? If I do that, the Company doesn't have to know I've been interfacing data when I shouldn't.",I could tell the tutor I got scent of it before the system went down yesterday... Then everyone will think I'm some kind of spy anyway because it's hardly going to fit in with my cover of being a moron.,0.125
85,BNC-1187,"I worried about the mythic trees you used to paint. Outside, some kids, browned off with the phone-booth, had snapped a sapling rowan in half.",They may have thought they were putting it out of its misery - a lifetime beautifying the lorry-route to the A1.,-0.5
86,BNC-119,"It's true - Peter can be infuriating, she registered. And, to someone with Marc's undoubted ambition and sheer grit, he probably seems hopelessly in need of a helping hand.",She almost felt sympathy for Marc if he imagined he could change what was deeply ingrained in Peter's nature.,-0.8888888888888888
87,BNC-1194,"And if he knew why did he tell her and annoy her still further? If he did have designs on her, and a plan to marry Mr Eddie Hogan's daughter and thereby marry into the business, then why was he saying all the things that would irritate and upset her?",Perhaps he thought that her own wishes would hardly be considered in the matter.,0.75
88,BNC-120,"We must be well past Malmesbury by this time, Isabel thought. But the fortress there was an outpost, virtually surrounded by enemy castles.",It would be miles yet probably another day of travelling before they reached safer country and even if fitzAlan stubbornly insisted that he could travel the horse wouldn't go forever.,-0.75
89,BNC-1200,"Mrs Menzies had died five years before, killed by malaria and stomach trouble from their time in Bengal. Menzies himself had a yellow face with a stained-looking flush on each cheekbone, and when he felt a bout of fever coming on, he drank to drown the symptoms.",Now he looked over at Cameron taking stock of the quizzical lift of his right eyebrow when he looked out below his black fringe the down-turn of his mouth under his long curved nose and began to recapitulate his argument with care uncomfortably aware that Angus might think he was trying not to sound drunk.,0.875
90,BNC-1201,"Right then Shannon would gladly have given her entire make-up kit for a rest, but there was no way she was about to admit any weakness to him, particularly after that crack about her ``poor over-used mouth''. So he thought she talked too much, did he?",He 'd see how quiet she could be - in fact the big ox might just think he was teaching a statue male-chauvinist pig that he was.,-0.375
91,BNC-1205,"Still doubtful, the embalmer beckoned his assistants away from their other tasks.",He was probably thinking that in these times it was not worth taking the risk of offending anyone just in case they were agents of Horemheb and you ended up in an emerald mine on the Eastern Coast.,1
92,BNC-1208,"It is obvious, is it not, that if one gets emotionally involved in a problem, one can not perform as well as when one is viewing it impersonally, yes?'' ``Yes,'' Fabia agreed, but what was more than obvious to her, with Ven stressing, ``specifically'' stressing, that Lubor talk to her on an impersonal basis only, was that he still didn't trust her not to ask personal questions about him.",Hurt that he could think she would do that pest of an interview through Lubor she was certain then that she didn't even like Ven Gajdusek - much less was she attracted to him!,-0.5555555555555556
93,BNC-1211,She gazed at him through her thick lashes.,Perhaps he thought that by giving them some space Maria Luisa would get Steve out of her system.,0.5555555555555556
94,BNC-1213,It was ridiculously easy to get away and her own skill brought a grin to her face. The great Felipe had not even been around and the servants had ignored the fact that the inglesa was calmly walking towards the great gates.,Maybe they thought she was just exploring the area within the walls.,0.125
95,BNC-1217,"For a moment Leith wondered who the dickens he thought she had with her, then she remembered Naylor had been with her last night when Travis had called.",Perhaps he thought she and Naylor were so enamoured of each other that he was always there.,0.3333333333333333
96,BNC-122,"And how deeply she wished she could feel the confidence impressed upon her voice as she added with forced lightness, ``Apart from any other consideration, I still have a wet dog to find.'' Unconvinced, shaking her grey curls under the mob-cap, Mrs Tillotson did as she was bidden.",The bedroom was insufferably dark though if he insisted that the drapes should be further drawn they would open only on to a dour and leaden sky.,0.8888888888888888
97,BNC-1221,But this was different. Mother Clare's idea of covering obligations centred around the kitchen.,She thought perhaps that Eve might like to serve the breakfast in the refectory and clear away and that she should also leave classes ten minutes before lunch and be back in the refectory to serve soup to the other students when they came in.,1.25
98,BNC-1223,"His head sank so low that his collar dented his bottom lip, and Sarah had touched his arm in sympathy, earning an even stronger rebuke herself. Nahum was becoming a feverishly energetic lover.",Perhaps he thought powerful attacks on her might produce the result he longed for.,0.375
99,BNC-1224,"However did people manage to discipline themselves and stick to a single line for long enough to gain control, to come out on top, to become the boss instead of the employee? At Liz's party, last night, there had been bosses.",Charles himself was an archetypal boss and if one didn't know Liz so well one might think she was one too.,-0.5
100,BNC-1228,"Harrison knew many of the wrestlers and the rest of the morning passed pleasantly enough as he moved around the quacks and the pedlars, tinkers and gypsies and show people who were an enjoyable contrast to the farmers ' wives selling their freshly imprinted butter, with their buckets of eggs, the vegetables and poultry, rabbits, game pies, potted char, rum butter. A few of the men had taken a rare day off from the quarries and the recognitions were more generous than Harrison had anticipated.",He suspected that they might think he had used the incident of the bad teeth and the convenience of a farming father to bolt from that tough and dirty job.,0
101,BNC-1229,"His reaction on seeing them was a surprise to himself, and a shock to them. He soared higher to lure them up and then folding his wings back stooped down towards them, gaining speed with each second and transfixing the weakest-looking one with his stare.",Perhaps the hooded crows thought it was a game perhaps they misjudged his skill and speed.,-0.6666666666666666
103,BNC-1240,How Robert (at Marlborough) patronizes him now. He never talked to me about them.,Perhaps he secretly thinks I belong to the same world.,-0.7777777777777778
104,BNC-1242,"He had been almost tempted to buy some from her at a discount until he remembered her prices. Highgate Cemetery was more or less on his way to the theatre, and although it was almost all old graves without flowers, he had seen some being left regularly by some nutty Communist at the grave of Karl Marx.",The woman would probably think it was kids who had stolen them.,-0.3333333333333333
105,BNC-1246,"Even Pedro, pattering nervily about the room, seemed more restless than usual, and when he slept his dreams were troubled. Gradually Louisa began to wonder whether her father had been right after all, whether she had been as unwise as he claimed to shut herself away in this sequestered place.",At moments when her concentration was disturbed when dusk came too soon and its shadows flittered dismally about the room almost she might think she was afraid.,1.25
107,BNC-1253,It was mainly to make a good impression on the new tribe. Little Krishna ran off into the jungle.,Perhaps the little idiot thought I was going to shoot him as well.,-0.7777777777777778
108,BNC-1254,"Isabel watched him vanish beneath the barbican and felt as though she had been abandoned to face the enemy without weapons or protection. The shield of cold indifference, the sword of anger, had both been snatched from her by Ralf's warning.",Instead of worrying about what fitzAlan might do to her after her last defiant outburst she could only think that he might be in danger.,1.25
109,BNC-1256,"Lewis, sensibly, had allowed himself a lot of time. Adam would be very surprised to see him.",He would probably think something had happened to his mother and that Lewis was there as the bearer of bad news.,-0.4444444444444444
110,BNC-1257,"``I 'd have done it long ago. Now, give me some beer, and don't poison it.''",It was said as a joke but if the man had seen the evil look on Fagin's face he might have thought the warning was a necessary one.,-0.1111111111111111
111,BNC-1259,"I felt I had to make him happy after all the sad things which had happened to him, so I told him his English was very good. It was just average really.",I wonder whether he thought it was just the way the English talked or whether he thought I was peculiar... Yes I suppose you're right he probably thought I was just a harmless English eccentric!,0.2222222222222222
112,BNC-1264,"But I still wasn't sure why. Perhaps it was Nassim's mention of the baby that sparked me off, however subconsciously.",Perhaps I thought that if it was Billy's kid then somebody had to tell Lucy the bad news and if she was skipping probation it had better not be the cops.,1.4444444444444444
113,BNC-1273,Then I knew what had happened. He didn't have to tell me the rest.,I suppose I could have thought from the little he 'd said up until then that my half-brother was dead or ill or that something had happened to him but I knew then it was something Eric had done and there was only one thing he could have done which would make my father look worried.,0.2222222222222222
114,BNC-1277,"Then a man at the back of the hall began to clap, and someone else joined in. Soon the clapping became fierce applause.",Such was the enthusiasm that you might have thought that the Collector had just sung an aria.,-1.125
115,BNC-128,``But it could have been a big jet. Maybe hundreds of passengers.'',If Andropulos knew it wasn't a jet carrying hundreds of passengers his face wasn't saying so.,0.375
116,BNC-1283,"The guy with her I 'd never seen before. He was shortish and wiry, had a straight thin moustache and I guessed he was anywhere between 40 and 45.",If you couldn't see that they were outside a Registry Office you might have thought it was a man out shopping with his daughter.,-0.5555555555555556
117,BNC-1285,"No, my dear, you are just as tired as I am, and I shall rest presently in the dressing-room where I have made up a bed for myself. If I leave the door open I shall be able to hear him if his condition worsens.",To hear these ``my dears'' being so liberally dispensed you might have thought that the two girls had become bosom friends.,-0.2222222222222222
118,BNC-1291,The name Northcliffe was linked with raising equity on all five continents but not in such a conspicuous way that he himself garnered personal publicity. I never saw a photograph of him published.,You might have thought these further disclosures would have had a powerful effect on me but of course I was inured to surprise where this man was concerned.,-1.375
119,BNC-1292,"The shadow was in the form of a vast spaceship resting near ours, and the last thing it looked was shadowy. The surface was gleaming with pure white and even purer gold.",You might have thought that no meteor shower no space dust had ever touched that brilliance.,0.125
120,BNC-1294,I looked at the mouth of the mother of the girl whose mouth I couldn't get enough of kissing. I looked and I looked.,But while I saw similarities (the forehead the set of the eyes) while I could understand that other people might take them for mother and daughter it didn't work for me.,0.625
123,BNC-1305,I asked him in for a break. I liked that about him.,He never assumed the kettle was on or that I was free.,0.07692307692307693
124,BNC-1309,"Dorothea had once tried to tell her this, but Alida Thorne had flushed with anger. ``Stop patronising me,'' she had shouted, ``stop pitying me!''",The incident had never been referred to again and Dorothea did not believe that Alida would remember it.,-1.4444444444444444
127,BNC-1322,Some of them will use their votes judiciously in order to bring about whichever outcome it is they seek. The defeat of the John Major government.,No one of course believes that the Liberal Democrats can do any more than secure a hung parliament - but there is a very real possibility that this may happen and they are therefore a force to be considered.,-0.875
128,BNC-1323,"He's got a bee in his bonnet about keeping them out of remand homes and prison. I'm not against that, but you can't leave young thugs loose to go round terrorising honest folk.",As far as I can make out Deanes doesn't believe that young people should be expected to know the difference between right and wrong.,1.1111111111111112
129,BNC-1324,"Alice asked after her daughter, Mungo's mother, and complained about the price of bread. She spoke of the pain in her hands, neighbours who had passed on, and twice asked Mungo what school he was going to now.",At one stage she somehow got on to the subject of coal and said she simply did not believe it came from wood.,-0.2222222222222222
132,BNC-1351,"The answer is no, no no. Not now, not ever.",I never believed I could wish anyone dead but last night changed all that.,1.5555555555555556
133,BNC-1360,"I can't take it. They keep questioning me, always asking where I was what I did why I did it, did all of them where I was who I was with who am I trying to kid why don't I just admit I did it well if I didn't do all these things, who did?",I'm in London I'm in the nick I'm in fucking Paddington Green for Christ's sake the high-security station they use for the Provos and they think I'm so dangerous so much a security risk they've got me here and even holding me under the Prevention of Terrorism Act Jesus God because some of them still aren't convinced they aren't dealing with some unholy alliance of the IRA Welsh Nationalists and uppity jocks.,0.625
135,BNC-1373,``Knock once and enter.'' Julia could think of no appropriate reply.,In fact when she came to consider she never felt that there was any reply that she could make to Miss Coldharbour whose remarks frequently had the air of concluding conversations rather than opening them.,-0.5555555555555556
136,BNC-1374,``What had you in mind to pursue him for?'' ``What you should want to pursue him for might be different from what I would pursue him for.'',The Archdeacon didn't feel he wanted to do any pursuing.,-1.75
137,BNC-1375,Fenna had become too powerful. Maggie did not want to be a crazy person.,She wanted now at any price to be able to sit in the rooms of young women who could be her friends and not feel that she was travelling in territory stranger than the night caves that were Fenna's home.,1.25
140,BNC-1388,"I have realised all this Quincx. I wouldn't want to embarrass you, but I really can see no alternative at present.",I don't feel I can abandon Crevecoeur after having worked with hir all this time.,-1.5555555555555556
141,BNC-139,She produced another scroll. ``I have here a petition and I want you all to sign it to show those men in power that the women and children of this country think that slavery is wicked and wrong!'',Sam wondered what Mr Harker would say if he knew that one of his relatives was so keen to disrupt the cotton industry.,1.875
143,BNC-140,Not rhyming is easier than rhyming. I don't mean art should be as clear as the instructions on a packet of seeds.,I'm saying that you trust the mystifier more if you know he's deliberately choosing not to be lucid.,1.375
150,BNC-1430,"Melanie, after a while, began to notch off the weeks in her mind by the appearance of the green-banded china, ``Here comes another Sunday.'' And on Monday mornings, she would look at the little bridge on her willow pattern plate and wish she could run across it away from her Uncle Philip's house to where the flowering trees were.",But she did not guess this was how it would be on her first morning.,-0.625
152,BNC-1434,"She felt quite shaky. It had happened before, last night and yesterday morning.",She hadn't guessed then that the woman's voice was Timothy Gedge's.,1.375
153,BNC-1438,"They stood in silence, while the sun dipped in the west. And Ruth felt she hadn't understood till now what it meant, to be Jake's daughter.",She 'd never guessed that one day he would turn to her like this calling her to understand all the past and set her own strength beside his.,0.5
154,BNC-1443,She was still trying to cope with the matter when Oliver said they ought to leave if they were to meet him as planned. On the way they stopped for Rain to buy a silk scarf which complemented her blouse.,No one would have guessed she was wearing it for any other reason.,0.4444444444444444
157,BNC-1453,The kind of questions Benny never thought to ask but was always interested in the answers. She had never known that her parents met at a tennis party in a county far away.,She had never heard that Father had been apprenticed to another business in the town of Ballylee.,0.375
159,BNC-1463,"She wanted to run her fingers through his hair, wanted to nuzzle her nose and chin into his neck, wanted to know the texture of his cheek and jaw, wanted to kiss him so that her lips never forgot the shape of his. Then she found she was doing all this already, and a sigh of utter contentment shivered through her.",She had never imagined that a kiss could feel like this that a man's arms could enclose and shield her so thoroughly against any other awareness that her body would respond so passionately and so completely from the roots of her hair to the backs of her knees.,1
161,BNC-1466,"``You will see the house, child. You will see where he lived and worked and then we will discuss the future,'' Marguerite said with a finality that left Jenna astonished.",She hadn't imagined that this woman could be at all assertive but she was being exactly that now and Alain had so far said nothing at all.,0
163,BNC-1468,"``Don't think I'm going to pluck it and cook it,'' said Betty. ``If you're going to eat it you 'll have to do it all yourself.''",Lydia had not imagined or expected that Betty would touch the pheasant.,-0.3333333333333333
164,BNC-1472,"``You speak calmly, but I know you're suffering.'' ``You are original,'' he said, looking surprised.",He had clearly not imagined that men and women could discuss such deep feelings together.,0
165,BNC-1473,"Juliet drew in her breath as she gazed at it. She had always imagined Nigel's home to be large, but this was immense!",She never imagined publishers could be as wealthy as this!,0.2222222222222222
167,BNC-1475,"Had Nigel noticed she 'd left, or hadn't he missed her at all? If he had been aware that she 'd gone, he would probably have assumed that someone else had taken her home.",She didn't imagine he 'd have worried about it.,-0.3333333333333333
171,BNC-15,"He hadn't recognised the ageing, twisted features of Pat Weaver, as the man on the bike had cycled lazily past. Nor had the CI5 man who was trailing Stone... Minutes before, as Stone had slipped surreptitiously from his house, his furtive movement had been picked up by Dan Monteith, stationed at the front of the house, concealed in a neighbouring garden.",If Stone believed he had slipped quietly away to the phone box he had underestimated - or forgotten - the pursuit abilities of CI5.,-1.5
175,BNC-1508,"They pretended that what was happening was not happening, and if it were to happen, it would certainly never happen to the likes of them. ``It is wise to bear in mind how vastly superior is the individual over all the political institutions and social mechanisms which oppress him!''",They did not know that liberal humanism was powerless in the face of fascism.,1.6666666666666667
176,BNC-1512,"Tess used to rest her head on the cow's body, her eyes fixed on a distant field. The sun shone on the beautiful lines of her face.",She did not know that Clare had followed her round and sat watching her.,1.75
177,BNC-1519,"He swam away and Adam swam away and very soon after that they came out of the lake and went back to Mary on the terrace. A disturbing experience it had been, exciting and confusing.",Adam had not known he carried within his mind a directory of the forbidden.,1.4615384615384615
178,BNC-1524,Only Mr Jemps accepted. Red lit one for himself.,I had not seen him smoke before and did not know he did.,1.4166666666666667
179,BNC-1526,"But in the end I saw that Frejji was right - that Mala and I could probably stay unrecognized in the midst of a typical Uulaan carnival. And there were a couple of other things, I told myself reassuringly, that to tip the balance back a little towards our side.",First I knew that they were on Uulaa - but they wouldn't know I was.,2.125
180,BNC-1528,"She thought that he 'd not started to drink, but might at any moment. ``Tea's better for you than that stuff,'' she said pertly, as pert as the chit Angela Macleod had called her.",She did not know that Neil's anger and disgust with his old love had been fuelled more by her unpleasant reference to McAllister than anything else she had said to him.,0.375
181,BNC-1529,"He turned his horse time and again, and went ploughing through the thickest of the struggle with bared sword, exchanging strokes with any who cared to stand and debate with him. Time did not exist for him now, as long as any challenged him.",He did not even know that most of the Scottish host had already cast off everything that weighed it down and taken to flight acknowledging the truth of this meeting.,1
182,BNC-1530,"Her heart leaped into her mouth, and she paused. It was one thing imagining the scene from the comfort of her London flat but quite another to find herself going through with it.",It occurred to her that she didn't even know that it was Veronica's house.,-0.2
185,BNC-1535,"Ruth looked down, utterly unable to meet his eyes. Yet it was unjust, this anger.",She hadn't known her magic would call the half-mortals - she 'd never meant it to.,1.1
186,BNC-1538,"There were three women before her, none of whom was dressed in black. So much detail was not available to her then but she would have agreed to it all and later she would be able to describe more of the room, the contents of the cabinets, even the names of the people represented in the photographs on top of the piano.",She did not know then that this was the first of many visits to this room.,0.3333333333333333
187,BNC-1541,We start by assuming that the telephone call to Mrs. Bidwell and Lorrimer's death are connected. That means the call was made by the murderer or an accomplice.,We 'll keep an open mind about the caller's sex until we get confirmation from Bidwell but it was probably a woman probably also someone who knew that old Mr. Lorrimer was expected to be in hospital yesterday and who didn't know that the appointment had been cancelled.,2
189,BNC-1548,"Kate sipped her drink. ``If the Chief Constable knew that I was seeing Patrick, all hell would break loose.''",Kate didn't know that the Chief Constable knew all about her and Kelly.,1.625
192,BNC-1558,"But then he asks himself if people would have enjoyed the story any more had it been true, and if they would have achieved any greater insight into themselves and their destinies. Of course not.",In any case they don't know it wasn't true.,1
194,BNC-156,"The one does not exclude the other. Surely Ben would understand that, if Lou explained it properly?",Ben spent so much time playing computer games barely pausing to eat that lately I 'd sometimes wondered if he knew I existed at all.,1.625
195,BNC-1566,"I didn't know they were Twenty-fourthers, I just thought they were people wearing one shoe.",I didn't know they were after Hasan.,0.625
196,BNC-1599,"Nevertheless I can't do that. Melanie or not, it was still in confidence.",All I can say is that I didn't even know Melanie was still there that night.,0.25
197,BNC-1601,I don't know what I envisaged happening once I 'd parted you and Peter. That I would step into the gap maybe.,I was positively machiavellian - I never knew I could feel like that.,1.2222222222222223
198,BNC-1606,"And O said to me, the thing was. I couldn't remember.",I didn't even know he still had my address it all happened years before we barely even had an affair.,1.125
199,BNC-1607,``What fun to hear Artemis laugh. She's such a serious child.'',I didn't know she had a sense of humour.,0.5555555555555556
201,BNC-1616,"``We,'' said Lili, ``have just managed to force down sufficient amounts of fresh veg and protein to retain some shapeliness and complexion.'' I found it odd that Robert had chosen to distinguish me alone as English and wondered how he saw himself and Lili and I found it odd that Lili had chosen to lay claim to Englishness.",I hadn't yet learned that she was able to change her nationality as she changed her accessories to suit the occasion.,1.1111111111111112
204,BNC-1628,"After all, it was only a season ago that we were last relegated, but the spirit within the club is such that we can bounce right back, of that I am sure. Personally, I take some comfort in knowing that I in no way contributed to our exit from Division Two.",When I took over the ``Whads'' were already twenty points adrift from the rest of football and while not seeing myself beyond blame entirely my denial of any involvement in our downfall does not mean my commitment is any less than 110 per cent.,-1.125
205,BNC-1631,"Shannon knew she was being excluded from the conversation, though there was absolutely no evidence of that. She gave herself a mental shake.",Marianne was simply like many other egocentric actresses she 'd met - interested more in herself than in anything else - but that didn't necessarily mean she was trying to shut Shannon out.,-0.625
207,BNC-1635,"``A shared taste. I ought to tell you, they did talk to me about him, it can't be news to you what they are saying, that Michel has run off with your mother and that he wants to marry her.''",Which doesn't mean that I am convinced I would never rely on Rosie-Posie's gossip alone.,-1.5555555555555556
208,BNC-1636,Until I can persuade her to unbind me - or make contact with Mephistco and convince someone back at base to forgive me my trespasses just long enough to do an override - I am confined inside the plane of reflected light. But - hoo-ha!,But - hoo-ha! - this does not mean I have to stay in one particular mirror.,-1.8888888888888888
209,BNC-164,Flaubert delighted in their presence and gave them money. No doubt you wish to pat him on the head for this.,If he 'd known he was gaining the approval of the future he 'd probably have kept the money to himself.,1.25
212,BNC-1643,"For a long time she had been unaware of anything lacking, but recently she had started feeling somehow... adrift. Ashley frowned.",This did not mean she was prepared to throw herself headlong into a relationship with the first half-decent male who happened by.,-0.7777777777777778
214,BNC-1648,You know in a funny sort of way he was really rather prim. There was once some heroin floating round the college and there were two students who were the pushers that's the phrase for them I think - and they were both beaten up.,I don't mean they were just knocked about a bit... they were smashed stitches and a fractured jaw for one severe abdominal bruising for the other.,-1.75
219,BNC-1661,"``Perhaps,'' said Neil. ``Her name is Maybelle Foy - Stair says that she is not very pretty, but is enormously rich.''",For once Dr Neil engrossed in drinking his coffee did not notice that McAllister had gone very still.,1.75
227,BNC-1675,"Now that he knows it's himself he can't help noticing the slightly ridiculous and embarrassing qualities - the way the young man frowns importantly as he talks about his job, and waves his arms about when he gets stuck for words. And the way he smiles insincerely at Howard from time to time, and looks straight into his eyes in an effort to demonstrate that he is interested in Howard as well as himself.",But since he never even notices that Howard is himself Howard takes this with a pinch of salt.,1.6666666666666667
228,BNC-1676,She wouldn't shed tears over that... that brute. He didn't deserve her love - he was utterly hateful.,Immersed in her misery her fight for self-control she didn't notice that Water Gypsy was no longer under way.,1.375
231,BNC-1681,"``Black and White Danish Dairy! Nothing near as tasty and tender as our...'' and, her mouth overflowing with steak, beans and croquette potato, Mitzi named an Austrian breed Elisabeth had never heard of (and did not imagine she would need to remember for future use).",``I like my steak burnt to a cinder on the outside and blood red and juicy at its heart...'' Absorbed by loving considerations of her tastes Mitzi did not notice that Elisabeth was not replying and her attention was drawn to her companion only when the peculiar noise of the latter's choking was sounding right round the Hall.,1.875
232,BNC-1682,She was very tired. Every day that week she had got up at five.,So she did not notice that they were riding off the main road and into The Chase the oldest wood in England.,1.125
236,BNC-1697,You 've always made it quite clear that you were staying here and that I could fuck off to the other end of the world for all you cared. You're too busy to speak some days.,You won't even notice I 've gone.,1.4444444444444444
237,BNC-1699,"He had come to entertain serious doubts about it himself. He, too, suffered from an occasional enlightening vision which came to him from the dim past and which he must have suppressed at the time... The extraordinary array of chains and fetters, manacles and shackles exhibited by Birmingham for export to America's slave states, for instance... Why had he not thought more about such exhibits?",Well he had never pretended that science and industry were good in themselves of course... they still had to be used correctly.,-0.6666666666666666
239,BNC-1713,My reading might be pointless in terms of the history of literary criticism. But it's not pointless in terms of pleasure.,I can't prove that lay readers enjoy books more than professional critics.,0
240,BNC-1716,Martha made no answer. She could not tell them that she was desperately in love with Bob Lamb.,She knew that Bob paid her no attention but did not realise that his interest lay with Sarah Butler down at Cherry Tree Farm.,0.625
241,BNC-1722,"``And somehow it seems to fit in with this landscape too - perhaps it's the sense of space...'' ``Perhaps,'' he agreed before lapsing into silence, but not before she 'd seen his face reflect the pleasure he 'd experienced at her instant recognition of what was clearly one of his favourite recordings. ``Well, we 've arrived!''",She 'd been so immersed in the music letting it wash over her uplifting her that she hadn't even realised that the car had turned into a short driveway to stop outside a luxurious chalet-type building set in a clearing of beech trees.,1.75
242,BNC-1724,"``Lucky you. Well, she's found them some rooms in Tewkesbury, and she wants Hayley to go back.''",She didn't realise Hayley was so ill and could die.,1.3333333333333333
243,BNC-1725,"Ruth found herself in his arms, her face against his broad chest - as if she were a little girl again, in the time before she 'd known he was crazy.",She hadn't realized she remembered that time.,0.1111111111111111
244,BNC-1730,``Please don't! I'm terribly sorry.'',I thought it was - I didn't realise it was a girl.,-1
247,BNC-1756,"But even as he spoke he doubted if Excepcionales Chicas would, when the plain Excepcionales was a stand-by, his favourite being Albeans or Invincibles. She turned and faced him again and on a high note she said, ``We have a few Dominicoes.''",She did not say it was a sample of five.,0
249,BNC-1762,He said his name was Paul Berowne. I'm afraid it didn't mean anything to me at the time.,He didn't say he was an MP or a baronet nothing like that.,0.2222222222222222
250,BNC-1763,"``Oh, yes. It's just that it would have been nice to have seen the signs,'' said Caspar, rolling the maps up and packing them in his saddle bag.",He did not say that he hoped Floy and Snodgrass were all right because he did not think he had to say it.,1.5
251,BNC-177,It can't really be alive. It's not really about to bite me.,Dorcas wouldn't have brought me in here if he knew there was a monster about to bite me.,-0.6666666666666666
252,BNC-1771,I was very surprised by all this.,Holmes had told Stapleton that he would return to London but he had not said that I was going too.,-0.125
253,BNC-1776,"The curtain twitched and the Company Manager, Wallas Ward, resplendent in midnight blue dinner jacket, appeared through the centre. ``Ladies and gentlemen, I regret to have to inform you that, due to an accident to Mr. Banks, we will be unable to continue the performance.''",He did not say that the accident which had befallen Mr. Banks was death by shooting.,1
254,BNC-1780,"Lucie was teaching Gabriel the verses. From the Creation of the World to Doomsday itself, he spoke them over, and sometimes he would recite in French.",He never said he was teaching or asked Gabriel what he had learned at the end.,2
255,BNC-1782,Mr Blakey raised his head from his seed-boxes. With soil-caked fingers he drew a handkerchief from a pocket and blew his nose.,He did not say that a week ago the boy had been standing under the monkey-puzzle in the middle of the night looking up at the windows of the house.,1.5555555555555556
256,BNC-1785,"``Do you understand?'' ``Yes,'' said Ruth after a gap.",Rachaela did not say she would leave the child alone as much as possible and that she in turn would expect to be left alone.,-0.75
258,BNC-1816,"I thought about his notion that ``alien'' was just another way of saying ``devil'', or that Old Mother Walsh and her snake weren't, actually, any more real, although just as powerful, as Argol and the things from Tellenor. It didn't stand up.",I don't say I knew what was happening but whatever it was it was real.,-0.5
259,BNC-183,"He asked to be put through to Alexandra's desk and was disconcerted when the voice wanted to know who was calling. ``Uh - Matthew Prescott, Cadogan's, Art Dealers,'' he said, too flustered to give a false name.",He hoped he at least sounded businesslike as though it were not a private call and realized immediately that Alexandra would refuse to take the call if she knew it was him.,0.3333333333333333
260,BNC-1833,"I suppose it was all to do with origins, sergeant. I started from the bottom - a poor family, elementary school, then night school while I was working as a clerk.",I can not say that they were happy days but they taught me what life is about.,-1.6666666666666667
261,BNC-1834,"They look at Riva, she looks at them. Everybody blushes so hard you'd think there were roses round the cottage door.",I can't say I'm enchanted with this sugary scene.,-1.75
262,BNC-1840,"She may fall ill, or have an accident while you were out, or set the house on fire and herself, so that you would not want to leave her even to go shopping. Once with you, you would not get rid of her easily, I feel it in my bones.",Neither of us has talked about it and I had not said I was writing until I have now started but your father says he lay awake nearly all night thinking about it.,0.3333333333333333
264,BNC-1874,"All that happens in Howe's whiny drama is that the daughter finds out her flamboyant, selfish mother has a tough row to hoe, as her father is declining into senility. (An understandable state, since he is described as having ``led the way'' for Robert Frost - whose revered poetry is misquoted - which would make him at least 110).",The play never suggests there is anything unpleasant or even tough in the characters of the husband and daughter - hardly credible of two huge successes in art and literature.,-0.8888888888888888
265,BNC-1875,Betty cooked lunch happily. Lydia even brought her some dandelion leaves.,Beuno didn't suggest that Elizabeth would be expecting him back but ate his omelette as casually and thoughtlessly as the squirrel who had moved off to eat nuts in a different hazel tree.,-1
266,BNC-1879,"The frustration of not being able to touch her. The pleasure he had when someone he had known at school passed along the towpath, looked up and saw him, Peter Redburn, having a drink with Kate Molland.",He also remembered the goose pimples that appeared on his arms as the evening grew cooler and how he didn't suggest they went inside because he was afraid she would say that it was time to go.,-0.875
267,BNC-1880,"``Sidacai has not been condemned in order that we may be served, but to satisfy the Yasa,'' Artai responded, bridling.'' - And yet maybe his death should serve you,'' Burun said.",No one had ever suggested that Artai was a fool.,-1
268,BNC-1881,"There was more in this vein as they turned right, and Mungo realized for the first time that they were actually heading into the forest.",Up to now he had been constantly aware of its dark presence encircling the village but nobody had ever suggested that he should enter it.,-1.125
269,BNC-1885,"On the wall was a framed Miro. What kind of boy, Pumfrey marvelled, would choose a picture like that to decorate his room?",When he left he took a pile of exercise books a scrapbook and a diary but a first glance at their contents did not suggest that they were going to be fruitful.,-0.875
270,BNC-1889,"His voice was marked by flat northern vowels and was so soft Dexter felt the muscles in his cheeks tense as he strained to hear. ``OK, Jim,'' replied Blanche with a smile.",Dexter noticed his boss did not suggest Lancaster address her by her Christian name in return.,-1.625
271,BNC-19,"Wiping away Cynthia's tears, she urged her to be on her way and perform this last task before it was too late. ``I'm dreadfully sorry, Harry, I really am.''",Alice's voice held genuine regret for although she had never thought Madeleine the right girl for Harry she would have done anything possible to forward a marriage between them if she truly believed it would make him happy.,-0.75
273,BNC-1916,"He had thought that children were supposed to be sharp and un-sentimental and though Emmie had not written in a sentimental way exactly, she had written about her family as if they were perfect. It had puzzled him and made him very slightly jealous.",He had never supposed that it was publishable or that Emmie cherished ambitions of that kind.,-0.125
274,BNC-1918,"``Of course, we can have a look, but I doubt we 'll find anything. In any case, it's not vital.''",I don't suppose the coroner will make any problems about what happened.,-1.1111111111111112
275,BNC-1935,"Celia, already suffering from disturbed sleep, would wake screaming and Edna, to pacify her, took the child into her own bed. Liza, in the next room, having hardly slept at all since her disastrous meeting with Freddie Nash, lay awake, now resolved that there was only one thing left for her to do.",Even if she did not suspect that she might once again be pregnant she knew after all that had taken place she had no other option.,0.25
276,BNC-1937,``Let's see Leeming first.'' Duncan understood Myeloski's caution.,If the policeman was right if it was a deadly game played by professionals with the resources of the KGB behind them it was important that they didn't suspect their plot had been uncovered.,1.25
277,BNC-1938,"Ace, Defries noted, accepted everything that the Professor said. Defries was convinced.",She had never suspected that her opponent was a computer made of human brains but the Field Agents of the OEO were recruited for their adaptability.,0.8888888888888888
278,BNC-1939,"Geoffrey said the piece was Sheep May Safely Graze by Bach. Whatever it was, it was very tinkly and repetitive, and often, just as he seemed to be getting somewhere, Meredith broke off and started all over again.",Stella hadn't suspected he was musical.,-0.375
281,BNC-1953,"I know Maria did not tell me that the food was often burnt and uneatable, or that they could not sleep because the beds were too cold. She did not tell me that the poor hungry children had to wash with ice in the morning, and walk through wet snow to sit for two hours with icy feet in a cold church on Sundays.",She did not tell me that many of the children at the school were ill.,1.375
284,BNC-1964,``You married?'' ``No.'',Duncan didn't tell him that he would never marry while he was a serving officer in the SAS.,1
286,BNC-1986,It's now now. I got married.,Part of me didn't think I ever would part of me disapproved part of me was a little scared to tell the truth.,-0.5
290,BNC-1997,"And she fished a small parcel from her pocket, and showed Sally-Anne her treasure just as the horse bus finally groaned up - or neighed up, thought Sally-Anne irreverently.",She had never thought that she would ever travel on such a thing although she could not tell Rose that.,0.5555555555555556
292,BNC-2003,"It had come as an unpleasant shock to realize how much they knew. Those employing the man, that was - the French Haute Police, as they called themselves.",Fedorov had not thought anyone could have discovered that much not only about his French activities but those during his youth in Russia.,0.875
293,BNC-2004,"He felt rather than saw the two girls glance at him appraisingly but took no notice. At just over six foot, with thick curling brown hair and eyes that owed their startling blueness to his Irish ancestry, Tom was used to being the object of female appreciation whilst being slightly puzzled by it.",He had never thought the reflection which looked back at him each morning from the shaving mirror was particularly handsome.,0.5555555555555556
294,BNC-2006,Jasper stood looking at the bell rope which came out of a small square aperture at what was the base of the campanile. The end of the rope was wound round a cleat high up on the wall above the door to what had once been the Science Lab.,It was far out of the reach of grown-ups as well as children except that Jasper did not really think anything was out of his reach.,1.625
296,BNC-2012,"She did cry a little, almost soundlessly, and was furious with herself for doing so, her tears mingling with the spray of the shower. It wasn't his words that had hurt, but the intention behind them.",Maria didn't think Luke seriously believed she craved some material gain to show for their relationship.,0
298,BNC-2015,"If only she had been a bit more accommodating, a bit more enthusiastic. As it was he had obviously grown tired of the regular struggles and gone off to find someone who gave in more readily.",But in spite of what had happened at the fashion show she did not think Paula had any hand in it until next day at breakfast.,0
299,BNC-2016,George decided to plunge.,He had already given away too much if Mr Nightingale himself was one of the List but George didn't think he was simply because he had been too easy to find.,-0.3333333333333333
300,BNC-2018,"The road to the Fire Court looked quite straightforward really. It seemed as if you had to go past a large lake and on down a narrow, windy mountain road with houses dotted on each side.",Floy had asked about dangers and what they might expect to encounter but Fenella did not think it looked especially dangerous.,-1.25
302,BNC-2022,"Feargal's censure, Phena's bitterness - a hell of a burden to carry all your adult life. And it must be a burden, knowing that your family thought you a cheat, knowing that you had hurt them, and would continue to hurt them until you died.",Ellie didn't think she would have had that sort of courage.,-0.3333333333333333
303,BNC-2024,Every dead comrade made her more determined to finish her mission. Bernice understood that.,But she didn't think it would be advisable to stand in the way of Isabelle Defries either.,-0.75
304,BNC-2026,"``No, she isn't,'' said Julius's voice from the doorway. Eleanor went completely white, and Jessamy gave a small sigh of relief.",She didn't think she could have gone on handling this by herself not on top of everything else that had happened.,-0.4444444444444444
306,BNC-2028,There was still the hard edge of annoyance in his voice and Jenna gulped back tears. This was not what she had intended.,She had never thought she would see Alain.,-0.5
307,BNC-2034,"Almost inaudibly, Fand said, ``Look at me, mortal, and you will see the mark of her spell in my face.'' Reluctantly, Ruth looked up into the cold changeless eyes.",She hadn't thought she would understand what Fand meant.,-0.4444444444444444
308,BNC-2038,"She knew Eddie's gambling had had disastrous consequences for her family, but it had been a terrible shock to discover he had taken so much from his best friend as well. Could Eddie have run out of that corner deliberately because he couldn't face the consequences of his gambling?",Her logical mind accepted this possibility as it had done countless times before but she didn't think her brother would ever have considered suicide.,-0.375
309,BNC-2046,"``And you such an antidote to the opposite sex. You could give all your money away and then you wouldn't be pursued at all, would you?''",And as for my technique - well my friend loath as I am to admit it I don't think I have one.,-1.8888888888888888
311,BNC-2073,"Didn't have time. I never went no further than you are now, all I come for was my little secateurs, and they were on the shelf here inside the door.",I reckoned I'd come back midday and have a look over everything but I don't think there'll be anything missing.,-0.5
312,BNC-2080,She 'd invited him round the previous evening and things hadn't gone at all as he 'd hoped. That's what Stuart said that Oliver said.,I don't think I reacted to this story in the way Stuart expected.,-1.125
313,BNC-2086,"His small mouth was gentle. She thought, he looks like an angel.",Of course he's a wild man a fox a seal a sort of sprite - such a sweet man - I'm glad he spoke to me I didn't think he remembered.,0.375
314,BNC-2098,"McInnes asked anxiously, one eye on the kitchen door. ``Then I thought we 'd set up the nice Mr Sorley and his mobile Fax van and photograph him in the act of reading other people's mail.''",I didn't think that was bad considering I 'd just thought of it.,-1
317,BNC-2102,And counting. Dressing to Please. They won't miss me for a morning.,I don't think they like me much in that office but then I'm not keen on them either.,1.25
318,BNC-2104,"He had to do it himself. Miss Sowerby - by now an enthusiastic convert - and I had taken turns at massaging the damaged calf muscles, and suddenly I said to him, ``Jimbo, just imagine it's you that's making the muscles move.''",I used the word ``move'' because I didn't think he would understand ``quiver''.,-0.7777777777777778
320,BNC-211,"I gripped the banister and swung myself head over heels, then came out on the roof of a tower. When I made my way down its spiral staircase I found myself in the main thoroughfare of the town where I was born.",The dream ended with the thought that if I had known this was the main road I need not have resorted to the acrobatics that had brought me there.,1.875
321,BNC-2119,``It was such a shock when I realised what Dora was suggesting. We had a terrible quarrel... I was screaming at her.,I don't think I can ever be friends with her again.,-0.7777777777777778
322,BNC-2120,"``I didn't think, I just assumed I could rent a plane and fly over.''",I didn't think they 'd ask for a licence.,-1.25
325,BNC-2150,"Whatever I learnt, I shared with Joe, not, I'm afraid, so that he would be more educated, but so that I would be less ashamed of him in front of Estella. One Sunday Joe and I went out on the marshes, as usual, to study together.",I don't think he ever remembered anything from one week to the next but he smoked his pipe comfortably looking as intelligent as he could.,-1
327,BNC-2153,"She was a girl of firmly fixed, if limited, principles, and, on the purely domestic front, an excellent wife. She cooked superbly, adored her baby sons and mothered her husband, buying him linctus whenever he coughed and insisting he should take cod-liver oil in the winter.",I don't think Sophie had ever felt anything so complicated as guilt so she must have done these things because she was fond of him.,0.375
329,BNC-2163,"The producer's credit was for Robert Forbes, Jo's father and Lorna's husband, who sat beside his wife, his long, elegant legs half-hidden in the ultramarine satin folds of her skirt. Even in his eighties he was a fine-looking man, the more so in any kind of formal dress.",The truth was that the two women between them had raised the nine million dollars needed to make The Dawn of Dreams and they had done it with such consummate feminine grace that the handsome silver-haired head of the family did not quite understand that his title of producer was merely honorary.,2
331,BNC-2175,I don't mean! You're always telling me what I should be - or do - or say.,Why is it so important to you that I admit I'm a thief?,0.5555555555555556
332,BNC-2180,Bohemian pyrotechnics are not what marriage to Stu promises. Gillian has landed herself nothing other than the youngest older man she could find.,But would it have been fair to point all this out as they nuzzled one another on some Anglian plage and assumed I wasn't noticing?,-1.6666666666666667
335,BNC-2186,"Doyle, the Woman, the television news-readers, Hank, the girl and the policeman - even his own face in the mirror - all told him that he was Philip Doyle. That Liam Shakespeare was a hostage in a house in Shelley Grove.",And did he really believe that they were all wrong?,-0.8888888888888888
337,BNC-2192,"Little did they know this was the fellow for whom The Flippity Flop Young Man was written, and I wasn't about to tell them. Would it have made any difference if I had?",Did he enjoy being a temporarily anonymous spectacle or did he believe these seamstresses and pipe fitters knew who he was?,-1.1111111111111112
338,BNC-2203,Paddington was beginning to loom slightly larger than a man's hand on the horizon. Paddington was where the murdered Kemp had stood and phoned The Randolph the previous day.,So was it too much to believe that it was Kemp that Stratton had seen - about five o'clock hadn't he said?,0.5555555555555556
341,BNC-2237,It must be because I'm not reacting to the socket like the receptionist would. Her own horror burst out of its chrysalis.,If that woman's the sort who 'll incinerate a whole building what will she do to me when she finds out I 've heard all this?,1.375
345,BNC-2252,"And between claws and body, a Medusa's head, with cold, unlidded eyes. She looked at her drawing and was pleased.",Where had she heard that scorpions when threatened by fire stung themselves?,0.5
346,BNC-2258,"Carnelian must know special runes to inscribe around the eye-screen and arcane litanies to incant, to make it serve this two-way purpose, which perhaps had been the true purpose of the device in the first place... ``I'm listening,'' Jaq shouted. ``I'm all ears.''",Did Carnelian hope that Jaq or Meh ` Lindi would rush or fire impetuously - only for their laser beams or needles to pass through the phantom without effect till they hit some bystander or the Governor's tabernacle?,0.625
347,BNC-2263,"I wondered if I should continue working with Joe in a plain, honest way of life, and perhaps marry Biddy.",Or dare I hope that Miss Havisham would make my fortune and marry me to Estella?,-0.2222222222222222
348,BNC-2266,"You have refused to pay what has been asked for my return, but if you knew what I have become, a fearless old man with nothing left to lose, you would pay twice as much to have me kept away! Whatever happens now, my children, we can never be again as we were.",Do you imagine that I could forgive and forget knowing what I know now or that any of you could meet my eye knowing what you do?,-1.5555555555555556
350,BNC-2295,"He had deceived her utterly from start to finish, and such calculated deceit was a downright insult!",Why had he insisted there was no one else when it was perfectly obvious that there was?,-2
351,BNC-2296,Either way the result is inevitably the same. A severed jugular!,And does the Government insist that health warnings should be printed upon W.N.B.s?,-0.125
352,BNC-2307,So the hound followed the scent and hunted this man. But there is one thing I don't understand.,How did Selden know that the hound was following him?,1.875
354,BNC-232,"He would be furious, of course, and rightly so. But, even if she could find the nerve to admit to her deception, she couldn't own up to a thing - Cara was depending on her!",Fabia was seated beside Ven in a taxi when she realised that furious would be an understatement for what Ven would be if he ever learned that she had not only deceived him but to add insult to injury allowed him believing her to be someone else to house her and feed her into the bargain.,2
355,BNC-2325,"Where's he got all that from? Some kind of Gerald Durrell character, is he, going round the world collecting creepy-crawlies?",Does he know I'm listening?,1.8888888888888888
357,BNC-2330,Why was the Provost angry? Why did the wild friend ride from Hamptonshire to Hungary?,And why was Tom denied by Edith Cove who knew that all he said was true?,1.75
363,BNC-237,"He was so very young, so hurt and confused by all that had happened in his life, it seemed only natural that he should want to lash out. And if it was her he was lashing out at, so be it.",She was strong enough to take a certain amount of punishment if it meant that in the end Matthew would rid himself of that core of hatred which was slowly eating him away.,0.7777777777777778
366,BNC-2388,"``Willy did mention it. I was puzzled, I 'll admit, but now I understand.''",How did you know Heather had been there?,1.4444444444444444
371,BNC-2427,"The machine does not function, he wrote. The desired outcome is delayed.",Does that mean that one day it will happen?,0.5
372,BNC-2428,"She imagined tiny villages far to the north of England which had no electricity or telegraphs, which believed in lake monsters and King Arthur, and were not so different from northern towns near Canada. The northern English towns might not know or care that Wall Street had crashed.",What does it mean that a market has crashed?,1.5555555555555556
373,BNC-2429,Yesterday I couldn't have done it. Couldn't have picked up the pen and opened the notebook and faced the blank page.,Does my writing this down now mean that I am a little bit reconciled to myself?,0.3333333333333333
375,BNC-2436,But he had called on Lorton on the Sunday of Newley's disappearance. Newley must have put him up to it.,Did that mean that Tolby had some inkling about the theft of the coins and Newley's suspicions about the identity of the thief?,0.8888888888888888
376,BNC-2438,"Surely, the fact that he was out here, calmly taking a holiday, might be an encouraging sign? The machinations of corporate sharks were a slightly hazy area in her experience.",Did this mean Guy Sterne didn't consider the crisis at Chester's to be that big a crisis after all?,0.3333333333333333
378,BNC-2452,"If I beckon, she will certainly come to me! he thought, and his mind whirled, so that for a moment he barely saw the waiting Fiana candidates and the glittering Sun Chamber.",Or should he turn desire aside and pretend that there had never been that brief blinding flare of longing between them?,-0.375
379,BNC-2453,"During this interlude, Charlotte reminded herself of the different bluffs and deceptions each was practising. Would Natasha admit she had known of Maurice's plan from the outset?",Or would she pretend she had never known anything about the letters?,-1.625
380,BNC-2459,"The ninth bomber came out of a lightening sky at six o'clock exactly, and though she sat there for another hour, it was the last.''... and three of our aircraft have failed to return,'' the man who read the news would intone on the midday bulletin.",Were they just words he was reading or did he realize that three aircraft meant twenty-one crew and countless women waiting anxiously for the phone call that would tell them their man was safe - or the letter that would tell them he was not?,0.625
384,BNC-2464,I believe the rooms have already been set aside. Does Dr Serafin know about them yet?,Does he realize that he is part of Tite's plans - as I now dimly begin to perceive - to revive the flagging fortunes of the Government Commission?,1.625
386,BNC-249,Polly met his troubled gaze.,She had to hear it from his own lips even if it meant that part of her died.,0.625
388,BNC-2491,"Change their bodies and conditions, and you could get fibres like glass, still monofilament, but with logarithmic progressions of possibilities of strength and flexibility, and the ability to resonate light-particles or sound-waves undistorted, scarcely weakened over thousands of miles. Who said the arachnids had to be totally organic?",Who said their glassy strands should be wholly of what was called silk?,-0.25
390,BNC-2499,"Alice smiled and nodded, and got up to stand at the window, looking out. Indolent and privileged, daughter of the Establishment, she leaned on the sill, watching the goings-on in the street, and listened to the sounds of paper sliding on paper.",Should she say her father had agreed she should have some money?,0.45454545454545453
391,BNC-2504,"Is that what you're saying? Although why you should imagine I would want acceptance into your family when I have a perfectly good family of my own, I have no idea.",Did your mother say Gramps was Phena's father?,0
392,BNC-251,"The men surrounding them were squat and dark, their expressions callous and indifferent. They were just doing their job.",If it meant a woman had to suffer that was no concern of theirs.,1.375
393,BNC-2523,"Which brings us to Selkirk's verses. We know the falcon is James, the lamb is Angus, the Lion also is the King of Scotland.",Is Selkirk saying that somehow King James survived Flodden?,-0.2222222222222222
394,BNC-2527,So her early impressions were confirmed. He was an exacting man to work for.,Who says that London is more frantic than the provinces?,-1
396,BNC-2533,"There! I have a genius for this, which I offer to God.",Do they say I am crazy brother?,-0.6923076923076923
397,BNC-2560,``But that's not fair! That's downright cheating!'',What's to stop you simply saying that my designs aren't suitable and demanding the money whether it's true or not?,-1.2
398,BNC-2566,"I didn't understand some parts of your letter. I'm a woman, or rather a girl, and not clever.",How can you say women are not inferior to men?,-0.3
400,BNC-2584,"If we all want it put a stop to, will the government do something about it, or will it be like you said, Mr. Gerrard?",Will they see they can use this... this science for their own political ideas?,0.7777777777777778
401,BNC-2604,But I have to admit you confuse me. First you are looking for a man named Svend - then it is your sister.,Do you suppose I run a rooming house or can it be you are not so innocent as you appear?,-1.5555555555555556
402,BNC-2615,By the next day we were ready to go to work. What tells me that this is right?,What tells me that all the rest was wrong?,0.625
403,BNC-2616,"Obviously Edwin had not murdered Francis but he had created a situation in which violence was more likely. The main provisions of the will were devisive and certain to breed strife, but they provided no motive for Francis's murder.",How often had Wycliffe told himself that the only obvious beneficiary from Francis's death was his daughter?,1
408,BNC-2664,"I only need that, thought Sara. What was she going to do about Matthew and Jenny?",Warn him off and have him think she wanted to encourage him herself?,-0.6666666666666666
409,BNC-2670,She had spoiled the child rotten. But what else could she have done?,Who would have thought that that bright articulate girl would turn out like this?,-0.5
410,BNC-2677,"He said. ``Not if I want to continue fitting into all my clothes.'' Good grief, what century was this man living in?",Did he think that the Rubenesque figure was still fashionable?,-2
411,BNC-2678,"When one morning she told me that they were going away, I can't say that it was a surprise. The way she put it was that Michel had very kindly offered to drive her to Paris, which she had never seen properly (Simon used to grumble so about not being able to take her because of the war).",Did I think I would be able to manage for a while on my own?,-0.5555555555555556
412,BNC-293,Alan Dysart. Harry's mother reacted to his arrival as if the Prince of Wales had called by unexpectedly.,If she remembered he was the same man whom her son had once employed there was no way of telling from the awed reception she gave him.,1.5
415,BNC-300,It was true that Robert had always liked pigs.,But no one in Class 1 had seemed unduly disturbed by his account of them even if the Husayn twins had said that pigs were ``boring'' and had asked if they could bring in the novelization of Terminator Two.,1
416,BNC-304,"And Sarah knew, while Peter didn't. It amazed her that she should find it difficult to tell him.",If anyone had said to her yesterday that it would be almost beyond her powers to tell Peter of Nona's death she would have laughed.,0.625
418,BNC-326,"He had exercised effective control of the labour force for ten years at the giant plant and had been able to bring the workers out on strike at the drop of a hat. It was he, Clasper, who dictated to management the size of the labour force they would require to produce a given number of products, regardless of any figure which management might arrive at by employing accurately measured work standards.",If in effect Clasper said that three men must be employed to do two men's work then that was it.,1.25
419,BNC-328,He had realised as soon as he had employed Michael that he had found himself a kindred spirit. Michael was innately honest.,If he said the punter had paid him fifty quid Joe knew that was what had been paid.,1.8181818181818181
420,BNC-335,Meg realized she 'd been a complete fool. She could have said it differently.,If she 'd said Carolyn had borrowed a book from Clare and wanted to return it they 'd have given her the address.,0.25
421,BNC-342,"I don't know if it's sex, or fear that I'm up to some trick. If he does think about the pictures, he accepts everything I say.",If I said Michelangelo's David was a frying-pan he 'd say ``I see.'',-0.9090909090909091
422,BNC-350,And after that - nothing. Silence.,Blaming it on the Company would be just a fallback - you wouldn't believe me if I said I wasn't drinking of that but you might believe me if I say we 'd prefer the good old British way.,1
424,BNC-36,"I told you once before what I believe in, Michael Riven. I believe in friendship, also.",If you believe that you can aid this world by standing on your head then I will hold your ankles for you.,-1
426,BNC-365,Anybody who's not a shrink (or my wife) only sees an ink blot when they look at one. This is an absolute nuthouse.,If I said I saw sex organs when I looked at your rotten ink blots that would really get you going wouldn't it?,-1.3636363636363635
429,BNC-373,"But to make matters worse the usual comfort a father has in these situations - that is, the notion that his son gave his life gloriously for king and country - was sullied by the fact that my brother had perished in a particularly infamous manoeuvre. Not only was it alleged that the manoeuvre had been a most un-British attack on civilian Boer settlements, overwhelming evidence emerged that it had been irresponsibly commanded with several floutings of elementary military precautions, so that the men who had died - my brother among them - had died quite needlessly.",In view of what I am about to relate it would not be proper of me to identify the manoeuvre any more precisely though you may well guess which one I am alluding to if I say that it caused something of an uproar at the time adding significantly to the controversy the conflict as a whole was attracting.,1.5
431,BNC-376,"``Can you?'' ``The wedding of course,'' said my mother ill-advisedly.",Lili frowned and I wondered what would happen if I should say that the wedding was cancelled.,1
433,BNC-394,"Jotan looked as though he was considering the alternatives. ``We are summoned to audience with Artai later,'' he said, ``but until then we can do as we please.''",Alexei thought that if the phrasing of the observation suggested that Burun was anything other than his own master it was surely an accident.,-1.25
434,BNC-396,"Fernando drew away from her and Ruth scrambled to her feet, smoothing the creases from her dress. While he shook out the blanket and brushed down his trousers Ruth turned her pinched face towards the sea.",She loved him so very much that if he suggested they take hands and spurt to the cliff-edge and plunge off the edge together like lovesick lemmings she would do it.,-0.75
435,BNC-397,"Alas, poor Cecil. Better for him, maybe, had he stuck to his original scheme.",Still he enjoyed the chairmanship and gets very cross if anyone suggests that it would have been difficult for anyone to have thrown away a Tory victory in post-Falklands Britain with a Labour Party led by Michael Foot.,-0.375
436,BNC-398,"Still, she could get started on a draft. She took out her pocket recorder and began dictating.",If somebody had suggested to Agnes that she was not security-minded she would just have stared at them.,-1.4444444444444444
439,BNC-406,"The shock wave was delayed by only a few more seconds, and then it rolled over them like a small hurricane. No loose ends.",The words had been Sandor's before he died and Rostov wondered if the assassin had ever suspected that he too was scheduled for termination once he completed his assigned task.,1.75
441,BNC-412,"Unlike Aunt Kit, who believed it to be a barbaric rite, intolerable between reasonable men and women, Aunt Lilian, the headmistress, simply felt it her duty to point out that a career - any career - would be less easy once a girl was lumbered with a husband and children. (Though in fact she would not have said ``lumbered'', not because she was afraid to put forward an unpopular view, but because she was an honourable and exact woman.)",If she suspected she had enjoyed her life more than most of her married contemporaries she would never have used a pejorative word about the married state since she had no personal experience of it.),-0.6666666666666666
442,BNC-413,She had known Mandy all her life. The papers might talk about the swinging sixties but the nearest most girls of Maura's age got to it was in the clothes they wore.,If her brothers even suspected that she had been with a boy all hell would break loose.,0.625
444,BNC-418,"``I think I have it all now, Mr Robinson.'' Mary almost laughed aloud at Hope's tolerant gravity.",If her father had told him that he had also to hold the rod in his hand and drop the line into the water she would not have been surprised.,0.4444444444444444
445,BNC-420,"And he turned, shy, somehow, and they held each other. Nathan smelt warm sleep, clean skin.",If someone had told him that he 'd been angry a moment before he would 've denied it.,1.25
446,BNC-422,"He trusted the captains of his ships, he trusted his trading partners in the East, in the Indian Ocean, over the Atlantic, around the African coast. His clerks, his associates in Liverpool, his bank, his builders, his carpenters, those who supplied him with his furniture and his clothes - Mr Crump moved in a world of total trust.",If he had been told that the prime sources of his immense and mathematically infinitely expanding wealth were invariably polluted with the deceits and bad faith of exploitation cruelty oppression barbarism murder and vicious wrongdoing he would have been at first amazed then outraged and finally contemptuous disbelieving the information.,1.1111111111111112
447,BNC-426,"Imagine if, for instance, we could get him standing up in public, get him photographed, on newsreel, all around the world, saying that we were fighting a just war, that Hitler was insane, that we had to win. Imagine him appealing to America to come in quickly, fight the good fight with us, shoulder to shoulder.",Imagine if he told the Russians that Hitler was going to turn against them soon.,1.2222222222222223
448,BNC-427,Pictures of Lizzy as a child were everywhere. She shook her head.,If anyone had told her that her granddaughter was on drugs she would have laughed in their face.,0
449,BNC-428,His reaction to the news had been partly predictable and partly complex and more disturbing. There had been the natural initial shock of disbelief at hearing of the unexpected death of any person even casually known.,He would have felt no less if he 'd been told that Berowne was dead of a coronary or killed in a car smash.,-0.75
451,BNC-435,"You say you love me. Well, I love you too.",How would you feel if I told you there was a girl going to have a child of mine - some other girl some stranger?,0.625
452,BNC-454,``Keep your faces down.'' Beth feared for the children's sight as she lurched forward to grab the branch.,If she thought Matthew would stop once she had hold of the other end Beth was badly mistaken.,-1.3846153846153846
453,BNC-455,"What you should do - if you were sophisticated - was just give the glass a swirl and sniff, which would tell you whether or not the wine was off. So this was what Ollie took to doing, reducing his performance to a series of loud inhalings followed by a curt nod.",Sometimes if he thought one of the girls didn't know what he was doing he 'd go into a long explanation of why he hadn't actually tasted the stuff.,0.6
454,BNC-459,"Come on, convince them. He realized that his last chance was to make his captors believe that Donna knew where the book they sought was hidden, whatever it was.",If they thought that she knew they might let him go.,-0.625
455,BNC-461,"It had sounded very plausible through the claret and the brandy and the smoke of Ben Braithwaite's excellent cigars. Less so the next morning when, his stomach seriously disordered and his head aching, John-William had started to wonder why a man like Goldsborough who was'' gentry'' through and through despite his odd goings-on at the Fleece, should be making revolutionary suggestions as to how the'' squires ' government might be brought down.",Not that John-William was particularly opposed to revolution if he thought he had a chance of winning.,-0.375
456,BNC-463,He could be genuinely offering her his guidance around the exposition or he could be offering her guidance in the art of something else! Ruth's eyes sought out Steve as if he had the answers she needed.,He looked in her direction and they exchanged smiles and Ruth somehow felt that if Steve thought she was in trouble and needed bailing out he would come over immediately.,0.125
457,BNC-468,"On the second day, Tim showed Anna the system in the warehouse. On the third, he explained how to use the computer for reordering.",On the fourth day he was off sick and Mr Mulgrove asked Anna if she thought she could manage and to ask Heather on flours and dried fruits if she wasn't sure of anything.,-0.09090909090909091
458,BNC-473,"As you saw, I 've got my tent set up now on the island. I 'll work there, and I 'll come back and sleep in the house.",If Ewen does come back he 'll see the tent and if he thinks that ``Parsons'' is safely out of the way then whatever his interest is in the house he 'll no doubt show it.,0.2222222222222222
459,BNC-476,"The nun and her superior exchanged glances. Then Mother Francis, with a small inclination of her head, gave the nun leave to take this very awkward child away.",If the Mother Superior and the nun were thinking the child was odd it was nothing to what Millie was thinking about them and her introduction to the school and its inmates.,0.8
460,BNC-48,"The marriage she had assumed naively would be the end of every serious relationship now seemed a very distant - if not unreachable - shore. Whereas Luke was very near, and the feelings he aroused in her were like an undertow, pulling her down.",If - when - he decided he had waited long enough she was far from certain what her response would be.,-0.4444444444444444
461,BNC-488,"Another vivid picture, this time of herself standing by the ford in fitzAlan's arms, insinuated itself into Isabel's mind. She had a distinctly uncomfortable feeling that he was not referring to the fight which had followed that little incident.",And if he thought she had endured a great deal why hadn't he mentioned her nightmare?,0.6666666666666666
462,BNC-491,Doug emerges from the cabin looking blue with cold. He smiles weakly at everyone.,Although he clearly wants to walk off the boat the ambulance crew scramble on board and clamp him onto a stretcher so firmly that I wonder if they think he might punch them.,-0.25
463,BNC-492,Maybe neither Dixie nor the topcoat had criminal records. Certainly the old man will have said he saw a man robbing them.,But if the police really think those two stiffs were innocent members of the park-going public why do they think villains gunned them down?,-0.5
464,BNC-50,Gold dust. He returned the other three books to the trunk and replaced the mattresses.,There would be no reason for the trunk to be disturbed and if Carson decided that he wanted to see the other diaries it would be a simple matter to get hold of them.,0.2222222222222222
465,BNC-500,She shivered. The letter had definitely stated that she was to be met.,But if they thought the coach was not coming... Before she had quite given in to despair however from out of the doorway of the inn came a dour old man in ancient shabby livery with shiny elbows and tarnished braid.,-0.25
466,BNC-505,"At the sight of him I would smell the dust of the confessional and remember the mixture of boredom, shame and relief as I said my penances. I was familiar with the view that the priesthood is beyond shock, being entirely cognisant of the whole sum of human folly and evil from the outpourings of the penitent, but I wasn't convinced.",I also had a feeling that my mother would never forgive me if she thought I had admitted to fornication and worse to a person who came to her house and drank her sherry.,-0.1111111111111111
469,BNC-53,"Contrary to what he had suggested, Marc was a good, fast skier, and it was Sarella who had had difficulty in keeping up. But then she hadn't expected it to be any different.",He would be a world-champion tiddly-winks player too if he ever decided it was something worth taking up.,-0.2222222222222222
472,BNC-555,You could have both gone direct to England from New York. But you wanted to come up this way.,If you think this is cold you wait till we hit Greenland.,0.4444444444444444
474,BNC-568,"What my source was up to, I have no idea.",All I do know is that while the world was waiting to discover how Mrs Thatcher was ever going to be toppled the most unlikely possibility was that she might admit she had been wrong about something and ask for her P45 without more ado.,1
475,BNC-570,He had his own worries. There was going to be an official inquiry into the shooting on the arrest of Terry Place.,But Terry was now conscious and might possibly admit that he had fired first.,1.375
476,BNC-571,"John's overcoat of a thin material in the rather common ``Italian'' style did not look very warm, she thought with a pang. They walked in silence for a few minutes.",One could hardly assume that he had not gone to church out of piety and because it was Ash Wednesday Ianthe thought but it was rather puzzling and disturbing to think that she couldn't even attend to her devotions in peace.,-0.1111111111111111
478,BNC-573,"He smacked her gold-black-striped bottom, and sent her, fuming, out to her little car. ``Any beer in the house?''",asked Boyd as soon as the car engine had started up and it could be assumed that Mrs Stych was on her way.,1.375
479,BNC-574,"Without the guidance of the nuns, Tilda seemed to have lost her last vestige of moral sense. Partisan Street, the first street on the way up from the boats, was, as has been said, considered a rough place - a row of decrepit two-up, two-down brick houses, the refuge of crippled and deformed humanity.",Whether they were poor because they were lame or lame because they were poor was perhaps a matter for sociologists and a few years later when their dwellings were swept away and replaced by council flats with rents much higher than they could afford it must be assumed that they disappeared from the face of the earth.,0.5555555555555556
480,BNC-579,"Her first school had been a church school, and twice a week they 'd had to set their chairs in a raggedy half-circle and fidget their way through one of the vicar's haranguing lectures on Life. He was a small man, bald and beady-eyed and turkey-necked, and only in retrospect could she see that he 'd probably been something of a mental case as well.",She could only now assume that life had served him badly in some way at least in his own opinion.,1.7272727272727273
481,BNC-583,"Obviously he did not make himself known so we can only speculate as to who he was watching, but we are all hoping that Trevor Proby will soon get the call. Likewise, supporters have reported to me that a well known, flamboyant Football League Premier Division chairman has been seen at ``The Tip''.",We may assume that he is not spying on players and so must be on the lookout for managerial talent.,1.375
483,BNC-585,"He had had a stiff greeting that morning from the Grand Commander Louis de Magnac, whom he had tricked over Loppe, and again on shipboard coming from Rhodes. With him was Brother William de Combort, who had entertained Primaflora so warmly at Rhodes in the belief that she was in Carlotta's employment.",Perhaps they all still believed that she was.,-0.3333333333333333
484,BNC-586,"In fact, as the great challenge of the conference drew nearer, an astonishing change seemed to come over my father. It was almost as though some supernatural force possessed him, causing him to shed twenty years.",His face lost much of the sunken look of recent times and he went about his work with such youthful vigour that a stranger might have believed there were not one but several such figures pushing trolleys about the corridors of Darlington Hall.,-1.75
485,BNC-587,"As the man crossed the street and started work, Harry headed back into the college. He could believe some drunken classics student had run amok with a spray-can, but not that he had chanced to write two words of no classical significance beneath the window of the room where Harry happened to be staying.",Nor could he believe he had been followed to Oxford by somebody determined to leave this macabre calling-card for him to see for to believe that opened up possibilities too sinister to be endured.,-0.3333333333333333
486,BNC-588,"``Bowled over,'' Graham said nervously, then wished he could gulp the words back somehow. Neither of the others seemed to think anything of it though.",But he felt bowled over and could hardly believe it wasn't obvious to every single person in the room.,1.1111111111111112
487,BNC-590,"But even the bone itself is eaten away in places, thought Nuadu, sick with horror. The Robemaker's skin was covered with suppurating sores, great festering, oozing ulcers, leprous growths, cancerous chancres.",In places the bone was exposed and in the uncertain light Nuadu could nearly believe that it had been nibbled.,0.25
488,BNC-591,"This contract was, perhaps, the only evidence from which I could deduce Helmut's hurt. By giving me a little he was showing both concern for me and his determination that I should pay materially for what I had done to him.",Perhaps too he may have believed that once the gloss on my love affair dimmed his money would act as a reminder of the comforts to which I could return.,0.625
489,BNC-592,"Yes, he has been quite unbearably lonely here. And knew that the remoteness and the gentle strength had been hard won.",And then a log broke in the hearth sending sparks cascading and the shadows leapt and Grainne remembered all of the old stories and could almost have believed that the ancient Ireland had awoken at last.,0
490,BNC-593,"There was no point in giving her further cause. The nun sighed heavily as she looked back at her sixth-year class, heads bent over their composition books all intent on their essay, ``The Evils of Emigration''.",She wished she could believe that Mother Clare in Dublin would welcome Eve and tell her that the Dublin convent would be her new home for the next year.,-0.5
492,BNC-600,"This was the first time she had seen or heard of d'Urberville since she had left Trantridge. And although he stood there openly as a preacher, as a religious man, she still felt afraid of him.",He had changed his clothes his hair his moustache and his expression but could she really believe that he had changed his most secret thoughts and beliefs?,-0.5555555555555556
494,BNC-602,"Charles, who shared G.K. Chesterton's opinion that the temperament is a disease which afflicts amateurs, grunted.",He could well believe that Lesley-Jane could stimulate male lust.,1.2222222222222223
495,BNC-605,"She returned his kiss, her lips soft, sweet, utterly giving. He began an exploration of her body, a constant revelation of tormenting pleasure.",Her nerve-ends in total chaos Robbie could hardly believe this was really happening this shivering delight.,2.111111111111111
496,BNC-606,"``No,'' answered Willie, ``course not.'' He wriggled back further on the bed till he was leaning up against the wall.",He could hardly believe that Zach was his special friend.,1.6666666666666667
497,BNC-607,"He was seated at the back of the court, initially angry that someone had screwed up with the tickets, but he quickly realized that every few games he was almost directly behind her. Each time she bent to receive serve he found himself staring mesmerized at her derriere.",Binding me with his confidences he said that the wonderfully athletic Aryan rear view of Steffi Graf made him understand how the camp inmates could believe they were indeed Untermenschen in relation to the SS.,1
499,BNC-611,"As Jenna waited to be collected in Paris she began to think that this was not a good idea after all. It was something she had been determined not to do right from the first, and yet here she was, waiting for Alain Lemarchand, butterflies in her stomach threatening to make her feel sick.",It was only two days ago that she had decided to come and now as she stood there in the spring sunshine she could hardly believe she had allowed this to happen.,1.6666666666666667
502,BNC-62,"He did not expect Osman openly to agree but he thought it quite likely that the Sheikh might indicate his willingness to accept Owen's proposition. He thought he saw in Osman, beneath the intransigence and fanaticism, a certain uneasiness as to his own role in the affair.",``Lightness'' was not an easy charge for a religious sheikh to bear especially if he felt there was some justification for the charge.,0.5
504,BNC-629,His eye fell on Ronan. Already he seemed to have the reassuring kind of manner one associated with being a doctor.,That boy Ronan could convince even his own mother that the wounds he got in a playground were superficial that the dirt on his clothes would easily wash out.,-0.625
505,BNC-631,"And she 'd achieved, what was more, almost entirely by her own efforts - even her stepfather had granted her that. For, unlike Jake, Douglas had never accused her of having cheated Ryan out of his fortune - in spite of the fact that, like the rest of the family, he had never known the tragic truth about his son.",Perhaps her mother had convinced him that Shiona was incapable of such behaviour or perhaps he hadn't needed any convincing.,-0.5
507,BNC-636,"Maybe tomorrow, or the day after that. Maybe never, Kirov dared to reflect, in a rare moment of optimism.",Perhaps this operation would be the last perhaps his Western masters would finally decide that the old workhorse had given his best and deserved to be put out in rich pastures.,0.8
510,BNC-642,"Obispal had virtually blackmailed Voronov-Vaux to allow him to root out the rebellion with wanton use of force, resulting in all those millions of deaths. Voronov-Vaux's red vision was his vulnerable flaw.",For the Imperium might just decide puristically that a mutant should not continue as governor.,0.4
515,BNC-656,"Once married, Arnold began to give parties, admirably hosted by the young and vivacious Nancy, for the artists before whom he became speechless with respect. His wife, who was never speechless in those days, entertained the painters, art critics and sculptors more successfully than her husband and found herself slipping into various love affairs which her Arnold, smiling quietly and getting on with his business and his collection, seemed to expect.",Perhaps she felt it was up to her to enter the ``artistic'' world to which Arnold remained a devoted but remote outsider.,0.8888888888888888
516,BNC-659,"He didn't come till the next day, he had so many calls, and all the same - sick children. By this time, Celia had the same throat and both were in the same bed for company.",Nellie was convinced it would pass even though she could feel that both children had high temperatures.,2
517,BNC-662,"If I were to go in now, thought Rupert, I should attract far more attention that if I 'd gone earlier. The whole thing must be nearly over - hardly anything on the stalls - nothing to eat - people looking surreptitiously at their watches wondering if they were at all justified in slipping away home.",Perhaps though he might stroll out in the direction of the church hall to see if people were coming out then he would feel that he had made some kind of an effort.,0.75
518,BNC-663,"If Dana left me, I knew I would never love anyone again - or at least, not in the same way, with the same intensity. So I clung to him through the poetry I went on helping him to write.",If only he had started to write in a larger script I might have felt I had succeeded with him made him a poet.,-1.25
520,BNC-668,"At the far side was a second gate, nearly as massive as the first. Soldiers were pushing it open and Rostov saw that the whole inner yard was a clever device to protect the city.",An attacking enemy could be allowed to break through the outer gates and would find that he was surrounded by walls and towers which were every bit as impregnable as those outside.,1.25
521,BNC-67,"But now these beginnings had become something of a joke between them and the congregation had learned to accept them with amused tolerance. They always made Sophia think how much more Mark would be appreciated in a different sort of parish, though she never said anything about it now.",If he felt that his work lay here it was not for her to question his decision but she sometimes wished that something might happen to make him change his mind.,0.375
522,BNC-670,He could perform miracles. He could turn what had happened into a dream.,She could wake up and find that it was still the night of their parents ' wedding that only that afternoon she and Stephen had been on the train.,0
523,BNC-672,"He never wrote anything after the war, you notice. I expect he found he 'd sold his working-class birthright for a mess of Bloomsbury pottage.",He probably found that Ma was good in bed but hell as soon as her feet touched the floor and after all even Walter and Ma must have had to spend the larger part of the day vertical I bet he ached to crawl back to Hilda but Ma had him neatly encircled.,1.3333333333333333
524,BNC-681,"However, a lie might not be necessary. After all, something must have made me do it, pointless and unjustified as it seemed now.",Perhaps if I went over it all again carefully I could find out that the truth didn't condemn me out of hand.,1
527,BNC-704,"But it was not deserted. The empty refrigerator and the absence of perishable food like bread and milk suggested that Stavanger had left expecting to be away for some time, but that conflicted with the pyjamas under the pillow in the bedroom, and the razor in the bathroom.",Of course a man may have more than one razor and in tidying up for departure he may forget that he has left pyjamas under his pillow but the impression of the bedroom and the bathroom conflicted with the kitchen.,1.875
529,BNC-706,"Methodically, he replaced the screwdriver in a toolbox in the garden shed, though he was not known as a tidy man. When he unwound the rope from the cleat the bell rang once.",Perhaps he had forgotten that the bell would ring or he hardly cared whether it rang or not.,0.5555555555555556
530,BNC-709,A small fleet of boats were now in position in an arc around the entrance.,Place could not see the police presence on the river walk above his head but he could probably guess it was there.,0.4444444444444444
533,BNC-717,"It was hard to tell what time of day it was. The ground was too warm, Rostov was sure, for it to be morning.",But since he had only a vague idea about the length of the Tarvaras day he could only guess from the position of the sun and the length of the shadows that it was mid to late afternoon.,0.2222222222222222
537,BNC-727,"``Yes, dreadful isn't it,'' she agreed. ``Still, the farmers need it, Rodney says, and the garden...'' Compared with the near-despair that she had shown during their recent encounter in the church, her manner was almost jaunty.",Perhaps she 'd heard on the college grapevine that Barney had been getting an undue amount of visits from the police and was rejoicing that the heat was off her beloved Rodney.,1
538,BNC-733,"He knew he could never talk himself straight with you. He obviously knew something about Mahoney's blackmail racket, and figured the girl would be in on it.",He probably heard on the radio that Mahoney had a chance so he took a stroll round to the hospital and finished him off.,1.8888888888888888
539,BNC-736,What would be would be. Samantha might be back home by the early hours of Monday morning.,Or they might hear she had walked into a police station somewhere later in the day.,0.125
542,BNC-748,"Then they had an open patch of land to cross before reaching the shelter of the woods about a hundred yards away. It was risky - the sentry would be sure to hear their horse as it picked up speed - but crossing the dangerous waters of the Severn at night was riskier, and would point them in the wrong direction for Winchester.",Guy could only hope that Isabel was quick and that the sentry wasn't inclined to shoot at an unseen target.,0.5
543,BNC-751,The woman paused and stared at her suspiciously. ``If the constable is coming anyway what have I to lose by giving you a good pasting and throwing the boots in the canal?'',``A great deal '' Hari spoke with more confidence than she felt indeed she was trembling inside and she could only hope her nervousness didn't show.,0.6666666666666666
544,BNC-752,"However, it was no use pondering on unanswerable questions. The King was steadily gaining more support.",One could only hope that the Earl of Gloucester would realise the futility of remaining isolated in Normandy when Matilda's cousin was already anointed and crowned an act that even the Pope acknowledged as irrevocable despite his disapproval of Stephen's methods.,0.3333333333333333
545,BNC-753,"It wasn't drunkenness - she 'd been drunk twice, and neither time had been anything like this - but something else altogether. She didn't know what her mother was going to say when Wayne finally got her home.",She could only hope that things would improve along the way.,0
546,BNC-754,"The mother had taken a house by the sea for a month for her daughter's health and it turned out to be an Indian summer that year. When they came up the grassy track that led to the headland, out of the wood that clothed the side of the valley where the village was, the girl was delighted and her mother relieved that she liked it.",She had been listless for some time and the woman could only hope that moving her right away from the influence of the people she went around with into these beautiful surroundings might bring her back to herself.,0.25
547,BNC-756,"It seemed so unfair, somehow. Here was a woman who had been trying to have a child ever since her marriage and yet she, Celia, had conceived not merely without any difficulty but on the one and only time she had not taken steps to prevent it.",She could only hope that Alison's appointment in London might have something to do with happier news in this connection.,0
548,BNC-757,"So far as Vecchi was concerned, the guy must have climbed into a hole in the ground and pulled the lid over his head. I 'd noticed a couple of characters in different bars who also seemed more interested in the people than the liquor, and it didn't need any Sherlock Holmes to know who was paying for their drinks.",Bonanza might be hoping I 'd produce a rabbit for him but he wasn't asleep while he waited.,-1.75
551,BNC-761,"She stole a final critical glance at her face, mentally awarding herself top marks for skilful covering of the tear-stains which had marred her skin just a few minutes before. Now her eyes, with their clever shading of amber and gold, shone back at her, large and lustrous - and the lipstick she 'd chosen made her mouth look lusciously inviting.",She could only hope Dane would feel the same way.,-0.5
552,BNC-763,Where Roman Wyatt was concerned she was like a snail without a shell. She had never been so aware of anyone as she was of the powerful man who had entered her life so abruptly.,She could only hope that when he had recovered from jet lag he would have second thoughts and leave Garry to go his own way.,0
553,BNC-766,"Not only did Annie make elderflower lemonade as a refreshing summer drink, but elderberry syrup was a warming and beneficial cordial in the winter. Jonadab always relied on the leaves for treating any horse which developed an infection or chill in the bladder.",Now he could only hope that the heavy crop of elderberries which heralded the end of summer did not mean that all the leaves had fallen.,0.6666666666666666
556,BNC-782,Barak looked around the spacious hallway in awe. The three-tier Czechoslovakian crystal chandelier was the only reminder of its once resplendent grandeur.,He could imagine that the walls had once been lined with an array of expensive paintings or tapestries and the wooden floorboards covered with elegant sculpted carpeting.,1.125
557,BNC-783,``Mr Fearon!'' There was no reply.,She could imagine that Tom would go out and leave his door open if he was working about the place but not if he had quitted it and in winter it seemed foolhardy to say the least to leave it and let the cold air invade the house.,0
558,BNC-784,"This master is a sex-maniac, this one an alcoholic. And they're usually perfectly innocuous chaps.",So one of the boys could well have imagined that the Crumwallises knocked it back enthusiastically in the privacy of their home.,0.75
559,BNC-786,``They 'll have it tomorrow morning - or as soon as I'm free to give it.'' Anthea gave a cool nod of acknowledgement.,Her face was blank and Meryl found herself wondering how she could ever have imagined that they had some kind of common bond women in medicine friendship.,-1.7777777777777777
561,BNC-788,Folly tried to sink back inconspicuously into the soft leather seat and take stock. The results were unpromising.,She was being carried at considerably over the legal speed-limit towards an unknown destination - and quite possibly what a Victorian heroine would have regarded as a ``fate worse than death'' since she could hardly imagine that Luke had gone to the trouble of virtually kidnapping her in order to spend a quiet weekend playing Scrabble.,-0.25
562,BNC-790,"``Walk with her.'' Elizabeth was walking with Betty behind the doctor and April, who was clinging to his arm and, as it were, daintily tripping up.",She probably imagined she was comporting herself in an attractively provocative and feminine fashion thought Lydia sneering and lengthening her stride.,-1.625
565,BNC-793,"Montaine was still living in the attic at the time. I remember Otto mentioning that she entertained him there with Jean-Claude, and only later moved out into a room over the Cafe du Coin, to be nearer her ``young man''.",One might imagine that Jean-Claude would have done all he could to dissuade Montaine from decamping.,0.7777777777777778
566,BNC-794,"In the distance, right at the bottom of the hill, they saw throngs of people. A fine Sunday afternoon always brought the trippers out.",On a day like this you could almost make yourself imagine that the old times were back when the resort was crammed with holiday-makers for the whole of the summer season and every seaside guest house had a ``No Vacancies'' sign hanging in the window.,-0.5
567,BNC-795,"For it would merely herald the beginning of another. ``Remember the last time we waited together like this, Charlie?''",The sizzling of the water in the kettle had masked the sound of Maurice's footsteps and Charlotte's heart lurched at the realization that he was standing next to her so close she could imagine he had read her thoughts.,-0.75
568,BNC-796,"But, he warns, this universal spirit, which his uncle, Emile Durkheim, had airily postulated, can only be recognized after taking into account psychological, religious, magical and pragmatic factors. This is clearly impossible.",Only a professor at the College de France could imagine that anyone (let alone someone who had exchanged bovine nicknames with a Masai warrior) was capable of any such omniscience.,-0.75
569,BNC-797,Meik saw she 'd been foolish to come. She knew he was right.,He could insist the post was filled before he released her.,0.625
570,BNC-801,"Watching as he grinned up at the bus driver, said something and laughed, she felt a hollow ache inside. It had been a long time since she 'd laughed, joined in a joke, been silly just for the hell of it.",Leo was probably fun to be with a great companion a good friend she thought then gave a wry chagrined smile as he turned towards her as though he 'd been aware of her presence all along - and she might have known he wouldn't do anything so obliging as to walk off.,1
572,BNC-808,"You added the arsenic, the antimony or the heavy metal. And they took it down dutifully.",Henry might have known that in his case the operation would prove a little more complicated.,1.2307692307692308
574,BNC-813,"Spruce, on the other hand, looked to her like an intelligent adversary. But he would be hindered unless he knew the methods and presuppositions of the Church and its clergy.",Perhaps though he knew that he needed help.,0.625
576,BNC-817,"Above them on the balcony terrace, Alina Petrovna stood a little way back from the parapet. She looked at the moon, the lake, and the dark forest beyond, but she saw only defeat.",She might have known that all of her efforts would end like this.,0.4444444444444444
577,BNC-819,"On the third day, she was taken for interrogation, and try as she might, she couldn't stop the butterflies in her stomach. She was pushed into a big office where she was faced by a rather handsome Obersturmfuhrer.",She had no way of knowing it was the same man who had interrogated Madeleine then made her his mistress any more than Madeleine could know that her friend was in the building being interrogated by him.,2.125
579,BNC-821,"Maybe after a few thousand years of marmot for breakfast, dinner and tea they fancied a change. Maybe they had a sense of adventure.",Maybe they knew this was their big moment their chance to make history.,1
581,BNC-825,So maybe it was somewhere on mat land me chopper has put down. He had been driving at high speed when me helicopter flew past him.,And they probably know I'm travelling in this car.,1.6666666666666667
583,BNC-83,"By the time they returned, Ingrid had less than a week left, and she was becoming agitated. If British Naval Intelligence heard nothing from her, they 'd presume the Dane was hostile, and the raid would go ahead as planned.",If she found he was pro-British and being forced to collaborate the Marine Commandoes would endeavour to get him out alive.,1.375
588,BNC-87,"I'm only edgy because there might be something being planned, but I'm probably completely wrong. Parr's probably coming for a business deal with my daddy and feels the need to have a grip of me, the usual thing, that's all.",If they have got something cooking and if I found I didn't like it when it came I 'd tell them to get stuffed.,0.625
589,BNC-870,``How do you know all this?'' Kelly's mind was racing.,If the horse had been doped it could only mean that someone in Bill's yard had been involved.,1.6666666666666667
590,BNC-872,"``All right, so it wasn't the bottle by the bed. What was it, then?''",Cobalt shook his head which might have meant he didn't know or might have been admonishment for Oliver who was still holding the bottle of wine.,-0.125
592,BNC-875,"Petion stayed nervously by the door, and Ace joined him there, watching suspiciously as Dubois checked everything with a professional eye. Ace wasn't willing to trust Dubois further than she could throw him, since he seemed to use much the same methods as their enemies.",Perhaps that meant he was no better than them.,0.875
593,BNC-877,Jeff Dudley. The Edwardian informed me recently that he 'd been appointed trade attache in one of our Central American embassies.,Perhaps that means he's a spy nowadays.,-0.3333333333333333
594,BNC-88,"And what's the point? I know Elaine's name, I know where I was born - I can at least make a start.",If I find I'm at a dead end then I can ask for outside help.,0
595,BNC-882,Why had he left without a word to Miss Macdonald? It was unclear to what extent he had told his daughter anything about his movements.,Apparently she knew enough to tell other people not to worry but that might mean no more than that she was trying to put a brave face on things.,0.5
596,BNC-883,"He thought of ringing Frances, but something deterred him. She had spoken of meeting the following weekend and going down to Juliet's.",That possibly meant that she had something else on this weekend.,0.625
597,BNC-885,``Well...'' But did they want it to bother him?,Blagg's touching faith that Maxim would save him from murder charges in two countries might at least mean that he would stay where he was and do nothing - for once.,1
598,BNC-886,"As he lived in Bethnal Green, it was, but so was Hackney. Bunny, Martin and the other two girls decided to go for a meal in a Swedish restaurant Bunny said he knew in Lisson Grove, the Dead Zone between the Edgware Road and Lord's Cricket Ground.",I suspect Bunny probably meant that he once knew a Swedish waitress but I let it pass.,0.875
599,BNC-891,Why else would a senior French policeman come all the way from Paris to see Puddephat's wife? The Oxford police must have interviewed her several times already.,And she thought with relief if new evidence had turned up in France it might mean that Veronica had had nothing to do with her husband's death.,0.5
600,BNC-892,"A stop must be put to it. And where did Emma get off, calling her only brother a swine?",Perhaps it meant that Cindy Hill had revealed at least some of whatever it was that bothered her which was a good thing really.,1
601,BNC-895,Freaks. Perhaps because she 'd dressed them for winter?,One woman looked as if she was carrying ice-skates and maybe that meant that the lake should be frozen.,0.4444444444444444
603,BNC-900,He would get the film. He would draw the money out of the bank this time.,Elaine might notice it was gone but then again she might not.,1
609,BNC-911,"Cecilia always left coming to Tina's until noon was past because she did not want to find her daughter in bed. Had she done so she would not have said a word, would not have looked a word, would simply have sat on the bed and talked to Tina for ten minutes instead of the two of them sitting opposite each other in armchairs.",But if she came and found Tina up she could pretend to herself that Tina had been up for hours and was a normal person and a proper mother.,-1.2222222222222223
612,BNC-923,"I could see that if I were to give way to retroscendence the average supermarket gondola, stuck with myriad products like a hedgehog with spines, would become a mystic test-bed able through its thousand portals to suck me into individual sagas so complex, so durable, that I would perhaps never reemerge. The very ecosystem I inhabited was also to be one of products, striving against built-in obsolescence to individuate themselves, using whatever human means were at their disposal to advance their branded species.",I was conscious that underlying it all there must be some Law of Unnatural Selection which could prove that the fittest product with the most colourful packaging was the most likely to be pollinated by purchase.,1.3333333333333333
613,BNC-927,Patrick poured a whisky for himself too. He was less detached than she thought.,Maybe he had proved to himself that he had recovered his nerve but he had had to hold on very tight at that moment when she had broken.,0.6666666666666666
616,BNC-941,It was drink that got me into this mess. That and the club raffle.,If I had kept my wits and remained coherent I would probably have realised the manager's job was third prize.,1.5555555555555556
623,BNC-971,Only much later did it occur to her that this was her failure. Academically self-sufficient and wholly self-centred she saw their sullenness and ignorance as their concern and their fault.,Madame Grimaud treated all this with brisk courtesy remarking on one occasion that it could at least be said that Frederica was a good moral influence.,1.6666666666666667
624,BNC-972,She stood lighting a cigarette and looking at my mother out of the corners of her eyes. My mother was again plunged into a version of that dilemma common to all divorced wives.,Either she could say that Derek was the biggest fool the world had ever seen - in which case she would stand self-confessed as an even bigger fool for having married him in the first place.,1
625,BNC-973,"My mother was again plunged into a version of that dilemma common to all divorced wives. Either she could say that Derek was the biggest fool the world had ever seen - in which case she would stand, self-confessed, as an even bigger fool for having married him in the first place.",Or she could say that Derek had always had charming manners and was in the habit of commending ladies on their scent even if it smelled of Alexandrian sewers and sound as though she had lost something worth keeping - and inevitably regretful.,0.625
626,BNC-978,"Hazel had not felt so much bewildered since Blackberry had talked about the raft beside the Enborne. Obviously, the stones could not possibly be anything to do with El-ahrairah.",It seemed to him that Strawberry might as well have said that his tail was an oak tree.,-1.3333333333333333
629,BNC-986,Nobody noticed. It wasn't hard to sneak a copy of the tutor's program and take it back to her room.,Even if anyone saw it under the charred fringes of her robe she could say it was homework.,-2
630,BNC-989,"He was a friend of Sergei Rozanov. She liked Sergei a lot, had fancied him like mad when they 'd first met, at the house of mutual acquaintances in Moscow.",Freud would probably have said the English lover was a mask for Sergei with his deep respect for England.,0.9
631,BNC-996,"Clare wondered why she felt so hurt, when she 'd always known the truth. Sam was a movie creature, first and foremost.",He might say now that he put his wife and child first.,0.08333333333333333
632,SWBD-1,"A: Some of them did say that, you know, when they were the only one left opposing the verdict, uh, you know, everyone was getting on them so heavily that eventually they just gave in knowing that nothing they could do could stop it from either being the verdict everyone else was trying for or a hung jury because the one vote doesn't mean anything except the ability to not have a verdict. B: Yeah, I understand.","you would hope that if you were in that situation that you'd have the moral fortitude, uh, to hold out if you believed that that was really the proper response.",1.3333333333333333
633,SWBD-10,"B: Especially if they're found guilty of the crime. A: Uh-huh. B: You know, once they have been arrested","and if they know beyond a shadow of a doubt, these people are guilty.",1.375
634,SWBD-100,"A: I think that it went up a thousand percent on most, B: Yeah. That's incredible but they had to, uh, go in the direction of a market driven economy, and they had to bite the bullet for that. So that's a good move, on Gorbachev's part in doing that. A: Uh-huh. B: So, A:","But Gorbachev has still not fully convinced everyone that, he's moving towards a two to three party system of government nor eliminating or diminishing the Communist power,",-0.25
640,SWBD-106,"A: He's in here somewhere, I know he is. B: Right. A: Yeah. Well, I know how to use one. we go hunting every once in a while and he showed me how to use his guns and I really enjoy it","but, boy if someone did break in, I don't know that I could or would even grab it.",-0.7
642,SWBD-108,"A: As a freshman? B: Yeah. A: Yep. B: And, uh, he's pleased with his classes.","I don't guess I've been in the high school long enough to know what to expect really you know, how to judge it.",-1.5
644,SWBD-11,"B: Well, yeah, use that or, you know, there's other consequences rather than killing them, you know, you could, always make them the slave of the people they committed the crime against. A: Oh.  Huh-uh. B: You know. A: Yeah. B: At least they might get some benefit in that,","and if the people they committed a crime against, feel, at some later date, that these people have learned their lesson, are okay, you know, well, they can free them.",0.4444444444444444
645,SWBD-110,"A: Oh, well, what kind of paint did you use for the, um, bookends? B: Well, that's half the problem right there is that it was a oil base, so I had to get, and when I painted them, I didn't realize that we didn't have any turpentine or paint thinner or anything in the house. So I had it all over my hands. At first I didn't realize, you know, I had never painted anything,",so I didn't realize that I needed that.,0
647,SWBD-112,"A: It was really kind of interesting because, Arsenio was asking him about, uh, what he thought of, uh, one of the other action guys. B: Really. A: God, I can't even remember the name. He said well, he wouldn't really talk about it.","Didn't want to talk about him because he didn't think he was such uh, a good action guy.",-1
653,SWBD-118,"B: Oh, it does. Uh, I have four sons myself, and the youngest is twenty-eight. So they are all pretty well grown up and they all went through it, you know, going through high school and everything and knock wood that, uh, they have not,","well I won't say they didn't try it, uh,",-1
654,SWBD-119,"A: Uh, I, the cynical side of me says that, you know, it was more for, uh, the domestic political situation than for anything else. You know, you know, and for portraying Bush is a strong President. B: Huh, yeah, okay.  Sure. A: Uh, I mean my gut feeling is that, you know, he pretty much picked the fight uh, with, um, Hussein. B: Uh-huh. A:",I mean I'm not saying at all that Hussein wasn't quite willing to enter that fight.,-1.1
655,SWBD-12,"B: And other than that I do not think it should be allowable. I think it should be illegal for them to want to do that. it's kind of the big brother syndrome, I mean, I just, anything like that just kind of scares me. A: I tend to view it, even though I don't think I'd work for a company that did that, I sort of want to defend an employer's rights uh, in addition to an individual's rights, but an employer, really, I think, has the right to hire someone on any basis they want to B: Right. A:","and if they say they don't want smokers, I sort of feel like an employer should have the right to decide whether they want to allow that.",0.7
661,SWBD-125,"A: No, I had moved away. B: No, uh-huh. A: I had taken the first one back.",I didn't think that it heated well enough.,-1.3333333333333333
665,SWBD-129,"A: See those type of people that have the most opinions, ones that don't know anything. B: Yeah. A: Well, uh, I've had teenagers and I now have grandchildren that are teenagers,",and I don't know that it might do them a little bit of good to see the world from a different perspective.,0.625
667,SWBD-130,"A: Um, yeah, that's for sure. That's for sure, do you have any feelings as to the trends that you see? B: Well, it lo-, o-, the one trend I would say is that with so many more women choosing professional careers, there are fewer of them home in the afternoons, A: Uh-huh. B:","and I don't think it needs to be the mothers,",-1.3636363636363635
669,SWBD-132,"A: Well, do you think it's, should be illegal for an employer to do this or, B: Uh, I really think it should be, except as I've mentioned twice now, in the specified industries or jobs, because there are certain things where it's just vital that a person is clear minded at all times. A: Yeah. B:",And other than that I do not think it should be allowable.,-1.375
673,SWBD-136,"B: Schwartzkopf knew what had to be done and it's too bad that he just didn't have the ability just to do it, you know, uh, the go ahead to do it. A: Yeah. B: Because he had the fu-, he knew what was going to happen, more than any of us.","Because I didn't realize that, um, it was going to make such a mess.",-1.375
674,SWBD-137,"B: Oh, she was just funny. A: Really? B: She was really funny. And her character was good.",I don't know that it was her in particular but just the character.,-0.1111111111111111
676,SWBD-139,"A: Yes. And, oh, yeah, it's very expensive. B: Oh. A: And, uh, B:",I didn't realize it was that expensive.,-0.1
677,SWBD-14,"B: Then I have another daughter in, uh, Bountiful, Utah and she has to work full-time and it's just tearing her apart. She has a private baby-sitter. A: Yeah. B: And, uh, the baby just screams. I mean, the baby is like seventeen months and she just screams. A: Uh-huh. B:",Well even if she knows that they're fixing to get ready to go over there.,0.6666666666666666
682,SWBD-144,"B: Uh-huh, uh-huh. How's that? I haven't seen that. A: I like it a lot. It's real different.","In fact, they never thought it would be a hit.",-0.36363636363636365
685,SWBD-147,"B: Uh, if they've got these bins for all the other little items, I'm sure if people will have batteries, uh, you know, quite often to toss out. A: Right, that's true. ","Uh, when I was home those few days around Thanksgiving and uh, the truck came by, well, we all ran out to watch it because, you know, we'd never really seen it pick up our stuff",0.16666666666666666
688,SWBD-15,"A: it's nice when it makes, a lot because you can feed your own family. And then, B: Yeah, because when I make this chicken casserole it makes a real big casserole and then another one that I freeze. A: Uh-huh. B:","or I give it to my Mom and Dad if I know we're not going to eat,",0.5454545454545454
690,SWBD-151,"A: Well, uh, and that's an idea that's been kicked around for a long time.","I don't know that it's ever been seriously considered, uh, as far as close to passing, uh, any legislation or anything like that.",-1.6666666666666667
696,SWBD-157,"A: Uh, such like, maybe in murder they get to choose whether it's, uh, premeditated or one or two of the lesser degrees. The other thing that juries are restricted on and at least to me this has been one of the frustrating things even in my own experiences, that you usually don't get to hear all the information. B: Yeah. A: It's what information is presented","and, uh, I don't know that juries have a right to know more because in a sense we call those safeguards,",-1.1818181818181819
699,SWBD-16,"B: anybody tries to hurt them I won't even blink, A: I know,  No. I understand that.","uh, what if you think someone's trying to hurt them and you make a mistake?",0.125
704,SWBD-164,"B: That sounds really good. I read a thing, I don't even remember if it was in the Dallasite or the Insite one, about uh, companies allowing you, and they said that TI was looking into it, to purchase extra vacation days. Which I thought sounded like a good idea. You know, if you've been there, you know, under five years you get two weeks of vacation but that's really not enough and you want an extra week, then you can purchase an extra week of vacation by saying, okay, I'm going to want an extra five days this year and they'll take a set amount out of each paycheck, you know, and they're deducting it all along, so you can have an extra five days off and be paid for them at the time, you know, you're really not being paid for them, the money is actually coming out of your own pocket, but it's coming out a little bit at a time instead of all at once, you know. So, that is kind of an idea that a lot of people sounded like that they were really interested in and TI said that they were looking into something like that so, A: Well, I could certainly, personally stand seeing them go to a standardized compensatory time for overtime. B: Uh-huh.  Uh-huh. A:","And I don't believe any of us would have to purchase any extra vacation days, if they did that.",0.875
709,SWBD-169,"A: But, I mean, uh, is that a reflection then of what is really happening in the real world? If they keep giving everybody hundred year sentences,","and the people in various states, it does not seem that people want to be taxed to build more prisons. Or even for that matter, uh, repair uh, the lack of judges and other, uh,",-1.2222222222222223
719,SWBD-179,"A: They might, they're actually very friendly dogs. B: Are they really?",I don't think I've ever seen one.,-0.875
724,SWBD-183,"B: Yeah. How about you? A: Oh, uh, I'm very varied as well.","uh, I don't think I've ever met a type of music I don't like except for, uh, maybe, you know, heavy metal and that.",-1.375
728,SWBD-187,"A: That's not too bad. Golly the Golden Retrievers are good dogs too, they're kind of like, get that permanent smile to them, B: Yeah, right. A: they're always happy.",I don't think I've ever seen them not look happy.,-1.5555555555555556
732,SWBD-190,"A: But it seems to me uh, that the budget is so out of hand, and especially now that they say, Okay, the cold war is over and we're supposed to be getting a peace dividend you know of X number of billion, trillion dollars a year. B: Uh-huh. A: Well, I'd really like to know where that money is actually going to go,","because, in my opinion, I don't think I'm ever going to see any of this so-called peace dividend.",-1.8888888888888888
735,SWBD-193,"A: so it's nice to get away. It's just amazing, how much you miss. B: Yeah, it,  Yeah, it, yeah, it really is. I mean, I don't think I ever see the Little Dipper, you hear people talk about the Little Dipper. A: Huh. Uh-huh. B:",But I don't think I ever see it except when I go get out of the city and go camping in the desert or in the mountains.,-0.2
740,SWBD-198,"B: I remember I went to see Don Quixote over there when it came out. It came out right around the time, with Sophia Loren and that was a riot to see that. A: You know something,","come to think of it, I don't think I went to the movies one time.",-1.1818181818181819
746,SWBD-202,"A: yeah, it's kind of l-, B: It was kind of funny. They were doing some, uh, ozone testing, uh, the EPA and they were just screening some candidates,","and I don't think I'd ever, you know, do that,",-0.45454545454545453
748,SWBD-204,"B: So did I. My Masters, anyway. A: What, but, uh, when I look at it to me, uh, it doesn't really make any difference. It was a marvelous opportunity that I couldn't have done,","I don't think I would have gone on, unless I had that financial uh, easement made possible.",0
749,SWBD-205,"B: and, uh, that then ends up being the most common example for me. A: Uh-huh. Uh-huh. B: Um, I guess I'm not typically feeling invaded in my privacy relative to this one that you raised. A: Yeah. B:",And I don't think I would have thought about that.,-0.5
751,SWBD-207,"B: Well, uh, I myself am not in favor of drug testing in the work place except in this, uh, very specific examples such as, uh, transportation workers, as in, uh, air traffic controllers, bus drivers and that kind of thing. A: Well. B: Um, I don't really think that it's, uh, too many, I think it's a severe invasion of somebody's privacy to say, well, we're going to look at your urine and then decide whether you're, uh, you know, worthy of working for us. I really don't see that that's a very valid, uh, thing for a company to say,","and personally, I don't think I would work for somebody if they were going to reject me on the basis of what's inside my body.",-1.2222222222222223
754,SWBD-21,"B: Uh, yes. Well, they find it is more deterrent. A: Well, my sociology class at SMU's taught us that it was not a deterrent. Uh, but now that's just what they said. Uh, I don't know",maybe if I went back and took a sociology class now they'd say it is a deterrent.,-0.2
759,SWBD-214,"A: My husband's mother will have major surgery and we'll find out about it in a casual conversation. She'll let something slip and we'll say, wait a minute. and that's it, she, just, well I didn't want to bother you.",She can't accept that we want to be the care givers.,1.7777777777777777
760,SWBD-215,"B: Uh, do you feel that yours is invaded? A: Uh, no I wouldn't call it invading my privacy by any means. Uh, you know, I would, there's a lot of times though, uh, you get those calls you know, when you're sitting at home wanting to relax or whatnot and, you know, next thing you know, uh, someone calls and wants to sell you this or that and it's real hard to tell them, you know, that you're not interested. Or you do tell them you're not interested and they still keep asking you, you know, and keep badgering you about it, and that aggravates me.",But I don't know that you could call that invading my privacy,-1.4
766,SWBD-220,"A: You know, violent crimes uh, with just malicious intent. B: Right, exactly. Yeah. Well, you know, that's exactly",", I mean, I'm not saying I think or capital punishment is the perfect solution in every case, you know, especially because there are some cases when you just don't know",-1
772,SWBD-226,"B: Little Mermaid and Peter Pan I think are his two favorites that we've got. A: Uh-huh.  Uh-huh. And I think there's some good Disney movies fixing to come out on video, uh, Shipwrecked. B:","Oh, I didn't hear that was coming out.",-0.1
777,SWBD-230,A:,I don't think anybody pays too little.,-1.9166666666666667
779,SWBD-232,"B: he refuted it, it just was not effective enough to... A: Well, he didn't refute it til the last two weeks of the campaign.",He didn't believe anybody would believe that.,-1.5
782,SWBD-235,"B: Well, that's the same thing that I did. I hope I'll be able to do the same with grandchildren. A: I think that once you do that, your children kind of develop the same attitudes. At least my daughters have. They try to teach theirs not to get into things instead of having to put everything up. So it's worked pretty well. There's,",I don't really think anything's been broken.,-1.5
783,SWBD-236,"A: And it's brought the, they, uh, really listen to the, uh, lobbyist and, uh, the car manufacturing companies uh, you know, have really pushed, they, all those restrictions are really too hard, we can't quite make that go and they don't and then we still live with air pollution. B: Yeah. A: Um, so I suspect that that's one thing that as individuals, we can do, make our voices known, perhaps to our legislators. But, um, as a society, I think we can do more and that's probably how we ought to do it. Uh, being individually responsible in order to be group responsible. B: Yeah,",I guess I'm to the point where I'm cynical enough that I really don't believe anything will happen unless there's something economically justifiable about it.,0.1
786,SWBD-239,"B: And, I, we're big broccoli fans. A: Uh-huh that's what I've got. I've got steamed broccoli down on mine. B:","Well, I just don't think you can go wrong with something like that.",-1.5833333333333333
788,SWBD-240,"B: Right. Well, for instance, does the company you worked for before have the right or do they have the ability to say, hey, we've already drug tested her and she came up negative. A: Well, no, I don't think they can force another company to not drug test me just by saying that I didn't, I mean, B: Yeah. A:",they don't know that I don't use drugs.,1.6
789,SWBD-241,"B: So did you commute everyday then or, A: No. B: Oh, okay. A: No, no, it was a six hour drive. B: Oh, okay,","when you said it was quite a way away, I did not know that meant you had to drive like an hour",0.2
790,SWBD-242,"A: but the thing is, that, um. B: Well, especially being a college student your,","I don't know that you need to be involved in a lot of frivolous gift giving, you know,",-1.375
792,SWBD-244,"A: And somebody said, well, you know, you could go in and substitute teach at seventy-five dollars a day and there's always going to be, you know, somebody having a need for a math or science teacher. I thought, Christ, they're letting me in, to, you know, B: Yeah. A: this would be frightening. I don't know anything about it. B:",That's pretty interesting just because you know a subject matter doesn't mean you can teach it.,-0.875
795,SWBD-247,"A: That's right, that's right. B: Uh, I don't have other than a reading and male perspective on the biological urges involved relative to being a mother or not. Uh, my sense is that I have very much an interest and had one in being a parent.","I don't know that I, uh, felt myself necessarily encumbered with the necessity to have heirs.",0.5
800,SWBD-251,"A: Yeah, I had a friend whose brother did steroids and as soon as he stopped working out he just ballooned out. It all turned to fat and he just, really looked bad. B: Really.  Ugh. A: But, uh, B:",I didn't know it did that.,0
803,SWBD-254,"A: Well, where you're located, I do know Texas Instruments has random drug testing. B: Uh-huh. A: And I think they've had it for several years.","And their program they had, I don't think had a lot of, uh, problems associated with it,",-1
806,SWBD-257,"A: That, so that's, and I don't know, you know, I think about, well, the dress code they have for the kids, you know. Are they put one on the parents, or the teachers and say the men have to wear ties and there can be no blue jeans worn and, because some of the teachers I know wear, uh, dress up jeans, not sloppy looking jeans but tapered jeans that they've had dry cleaned so they have got the crease B: Uh-huh. A: and, uh, you know, they'll wear it with a nice top.","and, uh, I don't know that that looks that bad.",0
810,SWBD-260,"A: you know, you create a bigger family, generation after generation but not really on purpose. B: Yeah. A: So. It's not a real functional situation anyway.","So, you know, I don't know that that trend's going to change the single parent type families",-1.2
812,SWBD-262,"A: now we had one, this was before I lost a lot more of my family, but it wasn't any of my immediate family anyway. Because I didn't have any of them left. B: Uh-huh. A: But, um, they had, uh, uh, thing where everybody could come and meet and go out to eat. B: Uh-huh.  Uh-huh. A:","But, I didn't think that was as good. Because, it was like, you know, you couldn't really talk and stuff, like you could when, you were at the lake, or somewhere, you know, where you were out.",-1.125
815,SWBD-265,"B: It was good. The only thing I thought, um, that I haven't been trying, is when I, you know, go to take a shower, to save the water, and to put it on my plants. Which I had never thought about before. A: Uh-huh.  Uh-huh. B: But I've already gone to, oh I started years ago, I guess, not years ago, but, yeah I would say five years ago, turning off I mean my water faucet, in the sink when I brush my teeth. A: Uh-huh. B:",But I didn't realize that was the biggest waste of water.,1.1666666666666667
816,SWBD-266,"B: Yeah, and EDS is very particular about this, hair cuts, A: Wow. B: I mean it was like you can't have, you know, such and such facial hair, no beards, you know, and just really detailed. A:",I don't know that that would be a good environment to work in.,-0.5
818,SWBD-268,"B: I don't know that you could require everyone yeah, to do it for a whole year, or two years or something like that, A: Mandatory just like the draft.  No. B:","I don't know that that would work if, somebody's, didn't really want to be there and didn't have,",-0.6
820,SWBD-27,"B: I mean it was like you can't have, you know, such and such facial hair, no beards, you know, and just really detailed. A: I don't know that that would be a good environment to work in. I mean, I see, I am more, I don't know about anybody else,","and a lot of bosses may say I'm nuts,",0.25
821,SWBD-270,"A: I work in the airline, marketing group. B: Oh. A: So, we do a lot of, B:",I didn't even know they had anything like that.,-1
823,SWBD-272,"B: Uh-huh, uh-huh, that's right. A: But, uh, B:",I've never seen the Astros play.,-0.2
825,SWBD-274,"A: Yeah, when they, you know it was funny, I can remember, and my mother and I have talked about it, how important it was when I came home from school. B: Um. A: It wasn't really conversation, but there were always things that just tumbled out. B: Yes. A:","And, uh, uh, granted the child doesn't always think that they're sharing it, but it,",1
829,SWBD-278,"A: Oh, it wasn't that good. B: Well, oh, from a woman's point of view it was very, uh, chauvinistic as far as women go. Uh, it was entertaining, but, yeah,",I don't think the general audience would go for it.,-1
830,SWBD-279,"A: Yeah. I hope. That's true. B: You know, I, that's the kind of people,","like I say, I don't think the guy who's going to rob a Seven Eleven, is going to rob a Seven Eleven whether he has a gun or a knife, baseball bat, or, you know, whatever,",-0.5555555555555556
831,SWBD-28,"B: Might be worth it for peace of mind. A: Oh, yeah. It is, it is.",You might even find somebody's been reporting on you,0.6666666666666666
833,SWBD-281,"B: And it will send out a flower spike. You will see them blooming now. It is a wildflower here, but you can get them in the nursery. A: I am looking for a pen. I want to write this down because, well, that is where I went this year. Because I waited too late to really plant stuff. But I did not know that these hyacinths, like I said, I do not know anything about plants.",I did not know the hyacinths were going to die.,0.8888888888888888
838,SWBD-286,"B: That's true. A: uh, you know, to,","I don't think, you know, the kids don't benefit from the bigger house and the fancier cars, and this type of thing.",-0.4
842,SWBD-29,"B: Might be worth it for peace of mind. A: Oh, yeah. It is, it is. You might even find somebody's been reporting on you and you didn't even know it.","You know, I mean you might think you're paying something on time",0
844,SWBD-291,"B: Okay, I don't know, which end do we push but okay, A: Okay, well, um, let's see,","I think there's a lot of people that don't vote because they don't really think their, uh, opinion is going to be heard",-1
846,SWBD-293,"B: I feel like the middle class people are supporting the nation and, uh, that the rich are not paying their share and of course the poor can't afford it either, but, uh, I really feel like and I feel like, you know, I'm a middle class person income wise anyway and, uh, I get tired of supporting the whole country. A: Yeah, so do I. I mean, I'm middle class barely,","but, uh, I don't think the rich are paying not enough,",1
847,SWBD-294,"B: Uh-huh. Well are you into that rock music, you know, all that druggy stuff and all that I mean? A: Well, uh. B: You know what I am saying I mean like they come on the stage and like, you know, you,",they don't even know they are there. You know.,1.6666666666666667
851,SWBD-298,"A: yeah, getting a lot of breaks between quarters and that, and having a lot of vacation. B: Right.  it really, um, I don't think most of our teachers, now I'm not a teacher, I am a secretarial executive assistant,",but I don't think the teachers could stand the stress all year long frankly.,-1.1818181818181819
853,SWBD-3,"B: And, uh, I was ready to get rid of it two months after I bought it, A: Uh-huh. B: uh, so I shopped around,","and if I had thought I, uh, wanted to pay the amount of money, I probably would have gone with, uh, uh, an Accord or even a Civic, or something comparable from Nissan or Toyota,",0
855,SWBD-300,"A: And then he has backed out, he has pulled out. And I realize they're still saying, well here you're encouraging us to get rid of Saddam Hussein, so why aren't you helping us? And you see, I think him going in and doing that would be putting us in another Vietnam situation. B: I think it would too. A:",And I don't think the US will stand for it.,-0.625
857,SWBD-302,"B: I mean, you know, he's so messed up. A: Right. B: And, um, this was a nice, sweet, young man who, teenager, you know, and he's now a young man about twenty, I guess, who, um, just got really down the wrong path. A: Right. B:","And, uh, you know, I don't know that his problem would ever have been detected by drug testing.",-1
859,SWBD-304,"B: It's, uh, I don't know, I don't really liken it to alcohol but, yet that can be carried to an extreme, too. A: Uh-huh. B: So I think it's a good idea and I think just the idea you know that you may be tested might keep you off of them or get you off of them because you're, A: Right. B:","I don't know that their job would be at risk,",-0.7272727272727273
862,SWBD-307,"A: uh, that type of technology just wasn't at people's disposal. B: That's true. That's true. A:",So I don't think there's ever been a war that's been so thoroughly covered by the news.,0.3333333333333333
864,SWBD-309,"B: Anyway, I dealt with two or three kids today that are going to end up where somebody making a decision what to do with them. A: Um, yeah, I guess that's not an easy solution. there's no easy solution for that. B: Uh-huh. ","I don't know that there is an easy solution,",-1.7777777777777777
866,SWBD-310,"B: Is Texas one of them? A: Texas is not one of them see. So, I have to throw them away cause there is no place to take glass. B: Yeah. No,",I don't think that there is enough being done.,-1.1666666666666667
870,SWBD-314,"A: that's one difference. There really wasn't a lot of difference. B: I didn't,",see I never even heard that there was a book tied in with that movie.,-0.7
873,SWBD-317,"B: It's kind of neat. A: Yeah, what does a computer club do.",I didn't know there were such things.,-1
874,SWBD-318,"A: Do they have Highlands up there? B: Nope. A: Don't they? Well, this was a regular, uh, electronics store, you know. B: Uh-huh. A:","So, I don't think there will be too much problem",-0.5
877,SWBD-320,"B: Uh, which I am pro capital punishment except that I don't like the way it's done. A: Uh-huh. Uh, yeah, uh, uh, I guess, I hate to see anyone die, uh B: Uh-huh. A:","but, uh, I guess these people that go around and kill children and women and everything else without any remorse, uh, I don't think they deserve to live and be supported by us the rest of their lives.",-1.4545454545454546
881,SWBD-324,"A: Where are you from? B: I'm in Raleigh, North Carolina. A: Oh, my goodness.",I didn't know they did it long distance.,0.36363636363636365
882,SWBD-325,"A: Oh, well, what kind of paint did you use for the, um, bookends? B: Well, that's half the problem right there is that it was a oil base, so I had to get,","and when I painted them, I didn't realize that we didn't have any turpentine or paint thinner or anything in the house.",1.1
884,SWBD-327,"B: but, um, at least they all seem to have, uh, you know, people that monitor their, uh, medication intake and dining facilities, you know, go to the dining room and eat some good meals. A: Uh-huh. B: I know when my friend's mother-in-law first went in, I mean, very antisocial. Maybe it takes a while for them to say, okay, well I'll be with other people but, A: Adapt. B: Yeah,","I don't understand that, they don't want to be with anybody else.",1.5
886,SWBD-329,"A: They, probably not enough, but I'm sure I lot of it's filtered down enough to the common folks that they have gotten wind, of what they're missing out on. B: Yeah, I think they're starting to realize, but I just don't think they have the resources, if you were to compare, uh, the Americans to the Soviets as far as home computers are concerned or Fax machines and cellular phones, and state of the art equipment that we are so used to.","I don't think they even realize what's out there, and to what extent.",-1
888,SWBD-330,"A: Yeah, that's true. B: But, I have been watching these houses go up and I don't, well, somebody was telling me, I know somebody who lives back there, I have always questioned the quality of construction",and I don't think they exceed more than twelve nails per house.,-1
892,SWBD-334,"A: Uh-huh. Yeah, but on the other hand, you know, if they would have had a hard time retaliating because you know, they wouldn't have been given access to the friend or foe codes. B: I see. A: through, you know, two enemies. B:","Oh, you don't think they got the codes from the US already?",0.5
893,SWBD-335,"B: Uh, that's, came out around the first of the year. A: Okay, okay. Because I had done capital packages for two eighty-sixes and three eighty-sixes,",but I didn't know they had a four eighty-six just yet.,0
894,SWBD-336,"A: it could still happen then. B: Yeah, that's true, but you'd be surprised also how, much people watch you that even not, uh, participating in any type crime. I guess there was one case, I was surprised, uh, so happened this person worked at the same place, I work for Georgia Tech and they work at the same place I did,",but I didn't know that they had been watching me,0.875
895,SWBD-337,"B: Yeah. That's what I was going to say. It's the chicken and the egg thing. I wonder, I mean, a lot of times people literally tear apart their own schools vandalism wise, A: Right. B: and you get, I mean, it's been a while since I been in high school. They're even in grade school when they do that. But I can't remember exactly what goes through their head when they're doing that.","But you got to think in a way it's kind of a outward showing of that they don't think they have a chance of doing anything, and take it out on the school.",0.3
897,SWBD-339,"A: The flavor is better I think in between. B: Oh, in between the size wise yeah, A: Yes, yeah. B: yeah. A: Uh-huh. My mother, B:","Well, my mother doesn't think they have any flavor the way I cook them.",-0.16666666666666666
898,SWBD-34,"A: Um, my sense is that something may just have been done about it by congressmen just what went into the something about the random dialers that just dial phone numbers. B: Uh-huh. A: I guess in some cases they just consider pickup your phone and not let you use your phone for a while whether you hang up on them or not. B: Uh-huh. A:","Um, but I thought I saw something about it having some kind of provision that people could specify that their phones were not for commercial using",0.6666666666666666
899,SWBD-340,"B: And the hand eye coordination and it takes a certain skill to play hockey. Not everybody can play hockey. A: Yeah. B: So we, and that's, we're a big hockey area up here, I bet up here in New England as well as, you know, in the Minnesota area A: Really. B: but, A:",I don't even think we have that in Texas.,-1.1
900,SWBD-341,"A: Well, church softball leagues, so, B: Uh-huh. A: they're not all boys and right now we don't have a girls' league because I'm the one that's supposed to start one and I just haven't gotten around to doing it. I keep saying we need to have one. They go, okay, then start one. But everybody wants to do it but, you know, God's sitting on my heart and I just hadn't gotten around to doing it, so they could really only have four members on the team. I think they only have four boys.",I don't even think they have but two old enough to play yet.,-0.2
902,SWBD-343,"A: Because they're, I guess that falls, and one of my other favorite shows is Sesame Street because of the kids. I like that real well. B: Right, well, when my kids were little, I did have a TV set and I did watch a lot of Sesame Street and a lot of Electric Company, as well. A:",I don't think they have that on anymore.,-1.25
905,SWBD-346,"A: And I think that, it's one thing to, uh, voluntarily give it because someone asks. You can always refuse but it's another thing where it's required by law and then they go ahead and take that information and sell it to somebody. You know, B: Right. Uh, That, A:",I don't think they have the right to do that.,-1.625
906,SWBD-347,"B: And you know, we had all the necessities, so. And I very seldom use a credit card on necessities. I always use it for something I want not something I need. A: Exactly. B: So, A: Yeah, my parents are really good about not using credit cards. They are against it. B: Yeah. A:",I don't think they like the fact that I have one either.,-1.5
913,SWBD-353,"A: Do you think they should spend more? B: Uh, I think they should, actually, although perhaps not an incredible amount more than what they're doing,","and I don't necessarily think that they should, uh, fund AIDS research and, in the process, neglect cancer research or whatever.",-0.625
918,SWBD-358,"B: I'm sorry. B: Well, I'm in Texas. I just assumed that I had, this is the first call I've done, A: Uh-huh. B:","and, I didn't realize that they were going to reach out to people from, all over the country.",-0.2
921,SWBD-360,"B: And I've always been very impressed with the Taurus. It's a really nice car. I think, it's a stylish car both inside and out. It's comfortable to drive. Uh, reasonable performance, and this is out in California where they don't make a car that's got reasonable performance anymore. A: Yeah. B: Uh, I've been real impressed with that. Yo-,","and I didn't realize that they were putting dual, uh, air bags in that car now.",1
924,SWBD-363,"A: Right or wrong? B: Uh, okay, right or wrong, I don't think we can determine whether we were right or wrong, because, you're having to deal with, again, uh, I think we could have made a different agreement back in the late forties era that would have kept of there. A: Uh-huh. ","Uh, you know, I didn't realize that we'd signed some type of deal like that.",0.09090909090909091
927,SWBD-366,"A: Yeah, huh-uh, and especially not in some of these big cities, like in Dallas I mean they've had, they're up in the top five I think of cities that are getting policeman killed in the line of duty and that's really sad. B: it really is. And I mean, they're the first ones that take the brunt of everything. A: Uh-huh. B:","You know, and I'm not saying that they're all good either, because there's good and bad in everything,",-1.6666666666666667
930,SWBD-369,"A: Right. And, see that's my only problem with, uh, making you, um, you know, get the check and everything is, I guess bad guys, if you want to call them bad guys, they are going to get a gun no matter what. B: Uh-huh. A: They're not,","I don't think they're going to go to a gun store or pawn shop and get it the right way when there's a check,",-0.8
937,SWBD-377,"B: uh, what kind of camping do they like best? Do they like it where they have tents and, uh, do they cook on stoves? A: Um, yes, they've, well, no, actually I remember, they have taken the heavy cast iron dutch ovens and done their cooking there over the fire,",and I don't think they've taken the stoves.,-0.75
938,SWBD-378,"A: Well I hadn't either, B: Yeah. A: We hadn't, you know, like I said, we,",I don't even guess they've even thought about sending the schedules out yet.,-0.3
940,SWBD-38,"B: That's right. A: Well, that's fun. So, um, let's see, uh, some of the things we do together as a family, we like to play games a lot,","and you may think this is funny,",1.3636363636363635
941,SWBD-380,"B: Well, the world changes, so I mean, obviously, kids are not the same now as they used to be. A: Right. B: I mean they're exposed to a whole lot more things. They have a whole lot more, uh, variety of things that they see and do at an earlier age, so life is not maybe as simple as it was at one time, but still, I think it goes back to a commitment by the parents to teach, uh, basic values and basic, uh, respectful uh, -ness of authority. A: Right. B:","And I just don't think that this doesn't always get emphasized anymore, uh,",-0.125
945,SWBD-384,"B: Oh, you are in New York right now? A: Yeah. B: Oh. I'm in Texas.",I didn't know this was from all over the whole country.,-0.375
946,SWBD-385,B: And it's just too bad that we couldn't see that. A: I just have a feeling that the military involvement isn't over yet. That I still feel like there's more to come.,I don't think this whole issue is settled as far as we're concerned.,-1.0833333333333333
948,SWBD-387,"B: and at that point, the warehouse was over across the road and it wasn't air conditioned, and, we were there like in the middle of the summer, it's unair-conditioned, it was dusty and dirty, uh, there was like a fan at the very end of the row and that was it. And so, we didn't really know we weren't supposed to, we thought TI dress code was just dress appropriate to your job, A: Uh-huh. B: we wore shorts.","We didn't know that was a big no, no.",0.25
949,SWBD-388,"A: Because, I know that now there, they want the armed forces to recognize that women can serve in combat roles. B: Uh-huh, uh-huh. A: And the only, uh, branch in the armed services that seems willing to do that is the Air Force. And, uh, I spoke because women were flying missions uh, in the Persian Gulf war. B: Huh.  Yeah, yeah. A:",But I know some of the other services do not think that women are capable of doing the job.,0.9090909090909091
951,SWBD-39,"A: That's good. They say, B: And they get along real good.","I said if Tom could see dog lick this kitty, he'd flip.",1.3
954,SWBD-392,"B: and the new cars is, hardly anything. A: Yeah, they're better, but how about all the trucks and buses that are out there. Uh, when was the last time you saw a truck that didn't belch, smoke, or, uh, B: Yeah,",but doesn't that just mean they're out of tune.,-0.75
955,SWBD-393,"A: that's the whole point. There are so many games in a year that they've got to have repeat customers. B: Yeah. A: They can't afford not to, and, you know, that's one of the things that I think Saint Louis has done, um, I mean, you know, their ticket prices are, you know, I guess as high as anybody else's but somehow or another they, attract, uh, so many people from, I mean it's a small market and yet they attract as many if not more than uh, uh, most, other cities, so. B: Yeah,",but don't you think there are older fans there.,0.5
957,SWBD-395,"A: and the ones that test positive have to retest after a certain period of time. B: Right. Well, do you think that should be implemented in the work place",". You know, as like a manager or supervisor thinks or has suspicion that someone is using drugs, do you think they should have the right to send them to be tested.",0.2727272727272727
963,SWBD-40,"A: And you also get a lot of, uh, juries are extremely, uh, and from what I hear, I have some friends who do expert witness testimony and they say that, uh, juries are extremely vulnerable to, uh, sort of emotional pitches, you know, the prosecutor will want to, oh, I don't know show the mugging victim, you know, show the nice person he was and what a family life, and basically get the jury to be very sympathetic with the victim, or, uh, if it's a corporation, that was, uh, you know, harming some individual or something like that, they get very much, well, you know, it's just a big faceless corporation. let's make them pay as much as possible. Things like that. B: Uh-huh. A: So, not, I mean, I'm,","the problem is I can't guarantee that a judge would necessarily be much better than a jury,",-1.1111111111111112
967,SWBD-403,"B: And also I just think it gets a lot, I'm a big, uh, supporter of personal freedoms and personal privacies, and I think that it just moves down along a line that I really would find bad if most people went down that line into regulating employees' lives outside of work, you know, there's already talk of people, well, we're not going to hire you if you smoke. Well, you know, I can see how they can say in the work place you don't want them to smoke, but when somebody leaves work, I don't think that it's the employer's right to regulate their life style at all. A:","Well, do you think it's, should be illegal for an employer to do this",0.625
968,SWBD-404,"B: and, um, it makes a difference, I, and just the social values, A: Well, I've just,","do you feel it will swing back the other way,",0.2222222222222222
972,SWBD-409,"B: I think it's up to individuals too, to ask automakers for less pollutant vehicles. A: Yeah,  Yeah, I think you need a vehicle something like, uh, Ralph Nader, Nader's Raiders, uh, or, uh, uh,   R P, which has a lot of members. Uh, if you can get those types of groups. B: Yeah.  Uh-huh. ",Do you really think that new vehicles though is a big problem.,0.7777777777777778
973,SWBD-41,"B: I think for serial murder it is warranted because if a person who would do something like that in cold blood, A: Uh-huh.  Uh-huh.  Needs to be punished or, uh, eliminated from society. B:","I mean, you can't guarantee that they wouldn't escape from prison and do it again.",-0.9
975,SWBD-411,A: Okay. B: Okay.,"Well, uh, do you believe only fifty percent of the people actually vote?",0.4444444444444444
976,SWBD-412,"A: Well what did you think of Reagan as a president? B: I just thought he was really inept. I don't think he did anything at all. they just kind of sat him up there like a puppet and the people that were, A:","Do you think he won from Carter because of um, the hostages that were held at that time?",0.25
977,SWBD-413,"A: Well I spent three years in Germany, so I'm not too thrilled with the whole thing anyway. A: But I got used to it, it was really strange, I mean, when we came to San Antonio it was just swelter and then we got used to it and then we went up to Dallas and it was just, it's not that it's just hot or dry, it's just not very comfortable, it just, B: Her-,",do you think San Antonio is more comfortable than Dallas.,-0.1
979,SWBD-415,"B: is that good? You know, I've seen that so many times, strawberries dipped in chocolate but I've never tried it, are they really good? A: Yeah, you know, if you get a sweet strawberry they're much better, but if you get a sour strawberry, B:","Oh, I bet it doesn't mix well, does it?",0.9
980,SWBD-416,"B: All right, well. A: Um, short term, I don't think anything's going to be done about it or probably should be done about it. B: Right. ","Uh, are you saying you don't think anything should be done in the short term?",0.5454545454545454
981,SWBD-417,"B: No, not really. Uh, the only thing that annoys me is when, uh, people call and uh, you have solicitation calls. A: Uh-huh. B: That's the only thing that bothers me. That's not really invading my privacy. A: Right. B:","Uh, do you feel that yours is invaded?",-0.3333333333333333
982,SWBD-418,"B: Oh, yeah, it's been beautiful this last week but, A: I could do with a little less wind, but I think the temperature has been pretty good so far for working outside. B: Yeah. A:","Do you find you do most of your, uh, crocheting or your knit work around Christmas time?",0.3333333333333333
983,SWBD-419,"B: I think that probably was the difference in that game. A: Uh-huh. B: Because it really could have gone either way. Down to the end, you know. A:","So do I take it that you think though that the Lakers uh, will win",0.625
985,SWBD-420,"A: I do not have one in my home. I use one all day at work, but I don't have one at home. B: Do you wish you,",do you find you use it a lot?,0
987,SWBD-422,"B: it's also a way of relieving stress. My wife kind of laughs, at me that anytime I get stressed out I just go out in the garage and we've got more book shelves. A: Well, I'll have to come and see them. That sounds like a good idea. I, you know, and that is right, it is out of necessity because lot of the things uh, well, we can't be able to afford, but also I sometimes think that, uh, I enjoy doing that and I like to get out and, uh, to work with my hands and, uh, sounds like you got some real nice tools, too.",Do you think you would be able to do some more if you had more tools and different tools?,0.25
989,SWBD-424,"B: Yeah, it isn't, there is not much out there that is fair, that's for sure. A: Right. B: Huh. I will agree to that. A:","I think your taxes in Wisconsin are pretty high. if I am not mistaken, aren't they?",0.9
990,SWBD-425,"B: Mile a Minute. A: Well, I'm not sure what she does I, first thing that comes to mind is some kind of chain stitch because she starts and goes all the way across, you know, back and forth until she winds up with this big piece of afghan.","I guess that is your standard knitting, isn't it?",0.5555555555555556
991,SWBD-426,"B: Oh, I see. So, do you... A: and the ones that test positive have to retest after a certain period of time. B: Right.","Well, do you think that should be implemented in the work place",0.3
992,SWBD-427,"B: Right. And the parents fund them for the whole year and a half that they're gone. A: uh, it's interesting. It gets them away from home and gets them to do something useful, although the kids today, though, it seems almost that their concern for money, we were doing some investigating colleges and said the kids are much more interested today in trying to find a job, study something that will give them a job as opposed to, be curious as to if, if there was mandatory, you could choose the option of either a mandatory military service or voluntary,",do you think that would be reasonable?,0.375
994,SWBD-429,"A: I haven't really noticed them doing that, but whatever, again I don't watch TV news that much now. If I had access to CNN, I would watch TV news more. Uh, you know, but I don't usually. B: Yeah, I don't have access either. Although, I did at one time and it was, I did during the Gulf War and it was addictive. A: Yeah.","did you think that well, the Gulf War coverage would be kind of, uh, an abnormality?",0
995,SWBD-43,"A: Sure. Oh, great. That is wonderful. B: So, A: Yeah. Well, Dallas, uh, we lived in Minneapolis. Uh, we moved here about ten months ago. And Dallas is pretty, uh, well, we live in north Dallas which is near a suburb called Plano. So we are out of the city, but uh, it is bad everywhere in terms of, uh, you know, the handgun situation, um, the number of rapes, the number of muggings.","Just, it is, I would not say it is not as bad as New York,",0.6666666666666666
996,SWBD-430,"A: And, uh, I don't know, it leaves a lot of time out for family and things like that. In other words, they just prioritize their lives differently. But I think that has a lot to do with economic situation. B: Yes. What about like as far as, uh, social changes in the individual?","Do you think that the individual has as much time as they did, let's say, ten, twenty years ago?",-0.25
997,SWBD-431,"B: And, uh, granted some people need to be compensated if they have really been wronged, you know. A: Well, how do you feel about setting, like, well, for example, uh, or some incident where someone loses a limb. ","Do you think the jury should have a dollar figure for losing an arm, a dollar figure for losing different body parts?",0.25
999,SWBD-433,"A: In Richardson, we're in Plano here. B: Oh, okay. A: I have a daughter in middle school, and, uh, I know there aren't very many, she has a few friends that have moms who are still at home,","but do you ever see problems, you know, that you feel you know, that the kids are left alone too much,",0.8888888888888888
1000,SWBD-434,"B: I think that probably was the difference in that game. A: Uh-huh. B: Because it really could have gone either way. Down to the end, you know. A:","So do I take it that you think though that the Lakers uh, will win",0.2727272727272727
1001,SWBD-435,"B: That's right. Well, even if it's not technical. If it's, uh, some social thing or whatever. It doesn't matter. If I am an expert in it, they usually make mistakes which makes me think I'm not expert in it. They're telling me lies. A: Yeah. Yeah. by mistakes, do you mean just like honest mistakes",or do you think they are deliberate sorts of things?,-0.3
1004,SWBD-438,"A: And, let's see, twenty years ago, I guess we were just beginning to get into what they were calling uh, the sex revolution uh after the pill B: Yeah. A: and, uh, uh, freed people up from worries about, uh, illegitimate pregnancy and, I guess in the seventies is the time when that was supposed to have exploded. Thirty years ago there was no pill. B: Uh-huh.","You think that's caused a lot of pressure on, like younger kids today, to make choices that they probably shouldn't have to make?",0.375
1006,SWBD-44,"B: the best of every type of music. A: Right. B: Because, I mean, there are some, I mean, I li-, there are some, you know, types of heavy metal that I really like,",but I wouldn't say that I completely like heavy metal.,-0.6
1007,SWBD-440,"A: Go ahead. B: Okay,","do I still feel that the Soviet Union, as such, is still a threat to the civilized western world?",0
1008,SWBD-441,"B: Yeah, I think that, um, in the future, um, the family unit as it once was known, is going to be nonexistent. what do you think? A: About? B: That as far as do you think there's going to be still a family unit","or do you think that, um, the trend is going more towards single parenting?",0.625
1009,SWBD-442,"A: Then that would, yeah. B: it will bother me. A:","I guess then the water aerobics would be probably the best thing for you, wouldn't it?",1.3333333333333333
1010,SWBD-443,"B: I've driven through it several times. Uh, we skied California a bunch when we lived out there, uh, um, and, of course, we grew up in Minnesota, A: Uh-huh. B: and we do lot of cross country skiing there. A: Oh, yeah,.  Yeah, great.","Well, do you think the weather is typical for this time of the year?",0.2222222222222222
1011,SWBD-444,"B: Okay. Uh, generally I get, uh, you know, most of my news, uh, in the, you know, weekly magazines like TIME, Newsweek and, uh, US News and World Report. with occasional smatterings of, uh, you know, THE Wall Street Journal and, of course, the local paper. B: Uh-huh. A: But, uh, my only complaint is I really don't enough time to look at the articles every day and go through a paper, you know, exhaust the details. So that's why I concentrate on weekly magazines. B:",Do you think that the weekly magazines provide you with as much detail information as you'd like?,-0.2222222222222222
1013,SWBD-446,"B: it is a lot of repeat crime. And you are like, why are they repeating? They should have been in there longer. Or, A: I know. And then you think, I mean, I mean, I can remember, I have not been out of school that long, but it has been at least ten years. And you think to yourself, was it that bad back then? Or is it just, I think that, like you said, television?","Is it just that more people think there is like excitement in it, you know?",0.5454545454545454
1015,SWBD-448,"B: Yeah, I think that, um, in the future, um, the family unit as it once was known, is going to be nonexistent. what do you think? A: About? B: That as far as",do you think there's going to be still a family unit,-0.4
1017,SWBD-45,"A: Well, uh, it seems to me uh, that I do not know whether the jury system, uh,",I should not say I do not know.,1
1022,SWBD-454,"B: But, then, you know, I think that some murderers don't really warrant capital punishment. You know, like, for example, uh, you know, you hear about cases where women have killed their husbands who abused them A: Uh-huh.  Uh-huh.  Right, uh-huh. B: and I don't think, that would really warrant capital punishment. A: Uh-huh,","huh. Do you think they should be punished at all, or, uh, like go to prison, uh,",0.375
1023,SWBD-455,"A: But, you know, I think that, um, we chose to have our official feelings hurt. B: Uh-huh. A: Where a lot w-, B:","Well, do you think that, uh, we should ignore it and just allowed him to go ahead and, uh, you know, move on into Kuwait and see what happens?",0
1026,SWBD-458,"A: And now, uh, it's pretty much an economic necessity in most places for both parents to work. B: Do you think it's an economic necessity","or do you think that we're, uh, all trying to keep up with a certain standard of living?",0.25
1027,SWBD-459,"B: Oh, boy. He is tough, he has an incredible leg. A: He is.  Yes. B:","Well, do you think they're going to be able to make it this year, past the first playoff game?",-0.2
1031,SWBD-462,"B: So I've never really cared. Now, what I was, you know, before I was married and before I went to graduate school, I used to do little sports car racing. it was never my own car A: Uh-huh. B: it was always someone else's. And that sort of thing I enjoy, but to go out and drive, uh, never has really had any appeal to me in that regard. A: Uh-huh. B:",So. Well I guess we've discussed that enough don't you think.,1.375
1033,SWBD-464,"A: Okay. You know our family right now, uh, the most of it, there is only a few stragglers, uh, with any distance. There is one cousin out in Colorado, uh, uh, some cousins over in Phoenix, uh, I got a sister over in, uh, Washington State. Uh, the rest of them are within, you know, a couple hours drive. B: Well, uh, how do you all communicate? Like to plan it and every thing.","Do you all just call each other up on the phone and say this is the weekend we are going to do it,",0.5
1034,SWBD-465,"B: Uh, yes. It's about why there aren't more people that are voting and participating in... A: And what is your feeling?",Do you think this is vital important?,0
1038,SWBD-469,"B: Well, if you're from Iowa, you must be very artsy crafty. Everyone I've ever known from the Midwest can do everything with their hands. A: Oh, well, actually I'm from California and before then I was from Utah. So. B:",I didn't know anyone ever moved from California to Iowa?,0
1042,SWBD-49,"A: Uh-huh. Yeah, my wife's from the western part of Virginia, we've been down the parkway a lot, but I didn't know how much camping areas there were along there. B: I think there's quite a few.",I can't say I've checked them all out though.,-1.5454545454545454
1044,SWBD-51,"B: And they may have some different idea, I mean, it might be more important for them to put a sentencing down that was, uh, longer, you know, that the punishment didn't fit the crime. Or not long enough or, you know, whatever the case may be. A: Uh-huh.  Yeah. B: I think the judges do have that better knowledge of it. The only thing I worry about sometimes is if you get somebody in there that has a name, that is the defendant and, you know, sometimes, might have more pull, which does happen. A: Uh-huh. B:","I mean, we can't say it doesn't, because it does happen.",-1.125
1045,SWBD-52,"A: I mean, it looked darker to him, because he was in the house with the lights on. B: Right. A: When I was out walking, it, was more of a predawn type, pretty, but, huh-huh,",he didn't think it looked predawn to him.,0.5454545454545454
1046,SWBD-53,"A: That's the other thing. I mean a lot of people as kids or, you know, young people get into some things that they get out of later on and I don't think they should really have to pay for that forever. B: Yeah. There's a lot of things you do as a kid that you wouldn't do as an adult A: Yeah. B:",but you can't say it was wrong at the time.,-1.375
1050,SWBD-57,"A: they can be selective, right. B: And they, that's right, they have the ability to be selective.","But you can't say then, well, public schools are not as good.",-1.125
1051,SWBD-58,"B: it would get snatched right off your arm. A: that's true. But I was thinking boy, in Dallas, if somebody asked me if there were places you wouldn't go by yourself at night, I'd have to set them down for about five or ten minutes to list all the places out. B: Oh sure. A:","I mean, I couldn't believe that she couldn't think of any place.",1.625
1052,SWBD-59,"A: And that didn't help at all? B: No, I don't, the crime is not any better or any worse, I mean it's, A: Huh. B:","I shouldn't say I don't know if it was any worse,",0.09090909090909091
1053,SWBD-6,"B: you know, sometimes I would go over, but you know, it wouldn't hit me in a big way because I knew that, uh, I would have it covered in that respect. A: Right.  Right. That's good. I don't think we've gone that far, to pay it you know, in advance before we spend it, ","but, I guess if you foresaw that you were going to have to use it, like that, that may be good.",0.7777777777777778
1056,SWBD-62,"A: Yeah. Wouldn't that be awful if you were using, and oh, lose your job and everything. B: Which I thought was interesting.  Oh, man, yeah.  Ooh, yeah. A:",I can't believe I was so brazen before.,0.75
1057,SWBD-64,"B: That's right, and then they, uh, poof it off, you know, do like Tarpley. A: Yeah. B: But, uh, I","what gets me is I can't believe that uh, or, our state legislature can't come up with, uh, some kind of workable means to have funds for the school.",1
1059,SWBD-66,"B: But, uh, A: Yeah, well, you know, the call for help is what scares me now because it just, I don't know, people just don't, I don't know,","I can't say they don't care, because people just have to care about another person.",-0.625
1063,SWBD-7,"A: you can't get all of us. B: Uh-huh. A: Uh, and we're beginning to see more and more of that. B:","And that's a deterrent, too. If you think the home owner might be armed, right, and awake",0.5
1065,SWBD-71,"B: Uh-huh, exactly, not what color you are, how old you are, what you're male or female. That would be wonderful, I guess it's kind of an ideal world though, huh. A: Yeah, I kind of think, maybe in time, that, you know, you'll go by social security numbers, you know, B: Yeah. A:","and that way they can't say well they picked a male over a female, female over a male, you know,",-0.75
1066,SWBD-72,"B: So it's A: Yeah. B: definitely but, uh, I don't know.",I couldn't believe they suggested that judges should be doing the sentencing.,1.2
1067,SWBD-73,"A: So you know, and I think it would be very difficult to uh, find a panel that would not have seen it and known of what was going on. B: Oh, I agree with you","but I can't imagine that they would do an all white jury without having some sort of discrimination or, you know, uh, appeal on not having a jury of his peers and all of that kind of stuff.",-0.1
1068,SWBD-74,"B: But I know some people can get, you know, carried away with them and let them get out of hand. A: Uh-huh.  It's really easy, just to forget, you know, that you charged that or charged that. I try to keep all my receipts and keep them in someplace where I know that the bill's going to come, but sometimes I forget and so, you know, a bill will come in","and I'll think, oh, no I didn't know it was going to be that high.",-0.45454545454545453
1070,SWBD-76,"B: Yeah. they own you or, you know, grant you with you their presence, you know. A: Yeah, right.  Yeah. Right. That, yes, we're supposed to appreciate them. Well, uh, when I come home in the evenings, my dog greets me at the door.","I don't know that a cat would do that, uh.",-0.875
1074,SWBD-8,"B: Yeah, but I'm not sure how successful that is. A: Well, I think it would be more successful if it was applied in a more expedient manner, if there weren't so many appeals. B: Quicker maybe,  yeah. A: Yeah,","if the person who's going to commit the crime knew that they were going to be punished severely, possibly capital punishment,",0.625
1076,SWBD-81,"A: Do you think the jury should have a dollar figure for losing an arm, a dollar figure for losing different body parts? B: I don't know. You know some of the health insurance is written that way. You know, that, uh, if you buy an accident and death or dismemberment policy, you know, it s-, pre specified in the policy so much","but I don't know that you can necessarily put a value on somebody's limb, uh, arbitrarily that is always going to fit in all cases.",-1.625
1077,SWBD-82,"B: No, I always vote. A: Well, I have absentee voted in, uh, New Hampshire, and it is a fairly complicated process where you have to go pick up the ballot. B: Oh, really. A:","I do not say that it is that complicated,",-1.1818181818181819
1080,SWBD-85,"A: I mean, I guess, uh, out of all the movies, I've never been as excited to go back. I was ready to go back and see it again, you know B: Really. Yeah, yeah, you're right about that, but that's really like an all time classic.","I mean, I don't think anybody could ever beat that.",-1
1083,SWBD-88,"B: So, she tried to enter her number and it wouldn't work so she said, whew, it's for you. But, uh, you know, I don't know, I struggle with it,","but I really think that in terms of like this, I think that it might not be such a bad thing. Because, I don't know that anybody would feel good, you know, like if you let someone like that loose in your community.",-1.5
1085,SWBD-9,"A: uh, you can do that which is what I choose to do. B: Yeah. One of the frustrating things about that is that you really are limited A: Yeah. B:","even if you know that the threat is there it's against the law to set traps,",1.4
1087,SWBD-91,"A: You know, once it rains a little bit, it's filled up and everything else just runs off, B: Uh-huh. A: you know. B: Yeah. San Antonio has that same problem when the rains come. it's a complete mess, everything floods, all the under passes. A: Yeah. B:",I didn't realize that Dallas had that same problem.,0.16666666666666666
1088,SWBD-92,"A: The last one I saw was Dances With The Wolves. B: Yeah, we talked about that one too.","And he said he didn't think it should have gotten all those awards,",-1.375
1089,SWBD-93,"A: I mean I've never seen them do it without hose, I mean they always have hose on, but still, they're shorts, I don't care what you say, they're shorts. B: Well I think TI's dress code is pretty lax considering everything, anyway, you know, uh. A:","I didn't know that EDS has a very strict dress code,",-0.25
1092,SWBD-96,"A: I mean, that's some-, and when we pay garbage men more than we pay teachers, B: That's wrong. A: Yeah, gosh, I mean, B:","I'm not saying that garbage men should be paid less,",-1.1818181818181819
1096,WSJ-1,"Lucy, of course, is pretty and smart, though uneducated. Everyone falls in love with everyone else.","There is some pain, when Lucy has the baby and ``didn't know she would feel like this'' and wants to keep the baby.",1
1097,WSJ-101,"The distributor is R.R. Bowker, New York.  suspect sales ads are challenged by the Better Business Bureau of Metropolitan New York.",The bureau found that only two of six New York furniture stores could prove their presale prices were higher.,0.29411764705882354
1098,WSJ-102,"And even after losing a spouse, more of the elderly are staying independent. A new Census Bureau study of the noninstitutionalized population shows that 64% of people aged 65 to 74 were living with a spouse in 1988, up from 59% in 1970.","This doesn't mean they're less likely to live alone, however.",-0.058823529411764705
1099,WSJ-103,"So far, however, Sony hasn't been willing to meet its considerable financial demands.  Mr. Guber and Mr. Peters don't have much to gain from a protracted battle.","Sony, for its part, could decide that the cost of a Warner settlement or court fight is too high, choosing instead to find someone else to run Columbia, although that too would be costly given the financial arrangement already guaranteed to Mr. Guber and Mr. Peters.",0.5333333333333333
1100,WSJ-105,"``Maybe I'm a little stuffy, but I wouldn't sell them,'' sniffs Bob Machon, owner of Papa's Sports Cards in Menlo Park, Calif. ``Who knows how much they 'll be worth 100 years from now?''",And Mr. Smalling doesn't believe they're worth all that much now.,0.2
1101,WSJ-106,"Chiron, another pharmaceutical concern, is based in Emeryville, Calif.  Connaught is a biotechnology research and vaccine manufacturing concern.","Institut Merieux's bid for Toronto-based Connaught has run into problems with the Canadian government, which told Merieux last week that it wasn't convinced that the proposed acquisition would be of ``net benefit'' to Canada.",-0.9411764705882353
1102,WSJ-107,"``It's the total relationship that is important.'' The total relationship, as Mr. Lee sees it, is ``the flow of dollars to the U.S. to fund the deficits, the investments the Japanese are making in the U.S. in order to satisfy American demand that American products consumed in America should be made as much as possible in America by Americans with Japanese technology and capital.''","Japan's recent political turbulence, Mr. Lee said, may mean Japan will slow market adjustments.",0.7333333333333333
1103,WSJ-108,"These stem from a two-year federal investigation of insider trading and securities fraud on Wall Street.  Ohio, the District of Columbia, Tennessee and Illinois have been less resistant to Drexel than the other six states, but nonetheless have refused to settle so far, say those familiar with the discussions.","Drexel says it doesn't expect any of its state brokerage licenses will be revoked, and even if some are, its securities business wouldn't be directly hurt.",-1.0666666666666667
1104,WSJ-11,"The statement by Islamic Jihad, which holds at least two U.S. hostages, was accompanied by a photograph of Associated Press correspondent Terry Anderson, longest held of 18 Western hostages. The Treasury Department said S&Ls reject blacks for mortgage loans twice as often as they reject whites.","The department's Office of Thrift Supervision said that doesn't necessarily mean thrifts are biased, but conceded that it doesn't have data about applicants to determine why blacks are rejected more often.",0.2777777777777778
1106,WSJ-111,"Twenty percent don't even feel they are financially well off. Many of the affluent aren't comfortable with themselves, either.",About 40% don't feel they're more able than others.,-0.4
1107,WSJ-112,The lawyers also monitor suits to identify specific automobile parts that cause the biggest legal problems.  Mr. Pearce says law firms with the best chance of retaining or winning business with GM will be those providing the highest-quality service at the best cost -- echoing similar directives from GM's auto operations to suppliers.,This doesn't necessarily mean larger firms have an advantage; Mr. Pearce said GM works with a number of smaller firms it regards highly.,-0.8
1108,WSJ-114,"Mr. Phelan said that his predicting continued volatility is just ``how the world is. If bringing the message is a crime, I'm guilty of it.''",But he said this doesn't mean he is satisfied with the market's big swings.,-1.2666666666666666
1109,WSJ-115,"Your editorial was commendable and neatly matched by the readers ' comments in letters to the editor, ``Alar: Scaring on the Side of Caution.'' The illogic and inaccuracy of John H. Adams's comments for the National Resources Defense Council fully justifies your characterization of California's Greens in particular as ``la-la activists.''",We may all hope that California's voters will heed the scientific realities that their own university's renowned Prof. Tom Jukes provides them and ignore the charlatanry profferred by their ``wealthy Hollywood weepers.'',-0.2
1110,WSJ-116,"Mr. Van de Kamp and his allies may be hoping that the environment is such a mom and apple-pie issue among certain segments of California's population now that almost any collection of anti-scientific, anti-pocketbook nonsense can pass under its rubric. Of course the state's liberals are not yet a nation unto themselves.","George Bush, for example, may decide that he doesn't want to be the President who lost control of interstate commerce to an attorney general from California.",1
1111,WSJ-118,"It's unclear whether Eastern will succeed in overturning the arbitrator's decision, made in a long-simmering ``pay parity'' dispute that predates both the carrier's Chapter 11 petition and its 1986 acquisition by Texas Air. All Eastern's previous court efforts to head off the pilots ' demands have failed.",An Eastern spokesman said he doesn't expect that the arbitrator's ruling ``will have any overall material effect on the company's strategic plan.'',-0.4
1112,WSJ-12,"The value traded on the exchanges is close to $3 trillion. If the tax on any gain to those assets was doubled, wouldn't the value fall to the owners of the assets?","Isn't it reasonable to assume that the asset you own would be worth more if the government suddenly announced that if you sold it, you would be able to keep 30% more of its gain than you previously believed?",0.7777777777777778
1114,WSJ-121,"What about those caring people all over the country who are donating food, water and other necessities of life to these people who could be any of us?  Should they, too, stop ``messing with'' his free market?",Maybe he thinks they should also sell to the highest bidder.,-1
1115,WSJ-122,An additional 56% of this year's respondents expect the economy to slow down during the next 12 months.  Only 42% of last year's respondents anticipated slowing growth.,"Apparently, the respondents don't think that an economic slowdown would harm the major investment markets very much.",0.26666666666666666
1116,WSJ-123,"He says the contract will be considered a success if it starts trading 500 to 1,000 lots a day. Exchange officials also point out that Hibor futures were designed for institutions and corporations, not for the type of small individual investors who were very active in Hang Seng index futures and defaulted in the 1987 crash.",Mr. Cheng says the low margin required for trading futures attracted a lot of small investors before the 1987 crash who didn't realize that their risk was virtually unlimited.,1.7333333333333334
1117,WSJ-124,"``It's almost as if you're doing extra work to give away the food,'' he says. Alan D'Agosto, president of Panda's Inc., an operator of Arby's restaurants in Omaha, says: ``All we're doing is keeping the customers coming, but we aren't increasing sales.''","With fast-food outlets on every corner, he, like many, doesn't think he has a choice in the price war: ``Our customers say that they won't go into a fast-food store unless they get a coupon.''",-1.2
1118,WSJ-127,"Sterling was quoted at $1.6030, up from $1.5885 late Friday. In Tokyo Tuesday, the U.S. currency opened for trading at 141.80 yen, down from Monday's Tokyo close of 142.40 yen.","The market's attention is especially focused on a preliminary report on the U.S. third-quarter gross national product, due out Thursday, which could show the economy is continuing to expand at a relatively brisk pace.",0.8
1120,WSJ-129,The stat to reckon with here says that about three of four clubs (29 of 39) that took 2-0 Series leads went on to win it all. That's not an average to soothe Giant rooters.,"One might think that the home fans in this Series of the Subway Called BART (that's a better name for a public conveyance than ``Desire,'' don't you think?) would have been ecstatic over the proceedings, but they observe them in relative calm.",-0.06666666666666667
1121,WSJ-13,"Japan's Finance Ministry strongly denied playing any role in the New York stock-price free fall. Makoto Utsumi, vice minister for international affairs, said the ministry didn't in any way suggest to Japanese banks that they stay out of the UAL Corp. leveraged buy-out.","The ministry has never even suggested that Japanese banks be cautious about leveraged buy-outs in general, Mr. Utsumi said.",-0.8
1122,WSJ-130,"The pilots ' Mr. Dubinsky says his union would like majority ownership for employees.  At the very least, the pilots want some form of control over the airline, perhaps through super-majority voting rights.","On the other hand, the machinists have always opposed majority ownership in principle, saying they don't think employees should be owners.",-0.4666666666666667
1123,WSJ-131,"In any case, opinion is mixed on how much of a boost the overall stock market would get even if dividend growth continues at double-digit levels. Mr. Einhorn of Goldman Sachs estimates the stock market will deliver a 12% to 15% total return from appreciation and dividends over the next 12 months -- vs. a ``cash rate of return'' of perhaps 7% or 8% if dividend growth is weak.","But Mr. Boesel of T. Rowe Price, who also expects 12% growth in dividends next year, doesn't think it will help the overall market all that much.",-1.0666666666666667
1124,WSJ-132,"To argue that this is ``not likely'' to affect the economy in positive ways is contrary both to recent experience with capital-gains tax cuts and to common sense. A large part of the long-term appreciation of assets reflects inflation, and the taxation of inflation-created capital gains is confiscation.",Does the Journal really believe that people ignore the prospect of having a substantial part of their capital confiscated when they decide whether to save or how to invest?,-1.2
1126,WSJ-135,"Corresponding to the fall in profit rates was -- in the early 1980s -- the drop in the number arrived at if you divide the market value of firms by the replacement costs of their assets, the famous Q ratio associated with Prof. James Tobin. In theory, the value attached to a firm by the market and the cost of replacing its assets should be the same.",But of course the market could decide that the firm's capital stock -- its assets -- means nothing if the firm is not producing profits.,0.8
1127,WSJ-136,Revenue is estimated at $18.6 million.  The maker of document image processing equipment said the state procurement division had declared FileNet in default on its contract with the secretary of state uniform commercial code division.,"FileNet said it doesn't believe the state has a valid basis of default and is reviewing its legal rights under the contract, but said it can't predict the outcome of the dispute.",-0.4666666666666667
1128,WSJ-14,It is the promise of economic returns that is supposed to make the corporatist model attractive to both the party and labor.  The work force provides the third arm of the ``alliance.'',"Within the alliance it is supposed to act as a balancing force, guarding against excessive control by government or abuse of its economic position by business, for either could result in a deterioration of its living standards (under the new resolutions, workers councils may demand that a cooperative be closed or its prices be reduced).",0.16666666666666666
1129,WSJ-15,``Hacksaw'' and ``Bonecrusher'' are the sort of nicknames normally associated with linebackers and heavyweight contenders.,Who 'd have thought that the next group of tough guys carrying around reputations like that would be school superintendents?,0.6666666666666666
1131,WSJ-18,"During an economic slump, local tax revenues often go down, raising the risks associated with at least some municipals. And, like corporates, many municipal bonds are callable.","But a few experts, going against the consensus, don't think bonds would help investors even if a recession is in the offing.",0.05555555555555555
1132,WSJ-19,"Moreover, the old contract was about to expire, and the lineup of Guber Peters pictures for Warner wasn't as strong as it is now. Warner itself was in negotiations with MGM over certain movie and other rights, and it was ``in Warner's interest to accommodate MGM/UA, Guber and Peters by permitting them to become MGM executives,'' Mr. Daly said in his affidavit.",Warner obviously doesn't think that it is in its own interests to let Mr. Guber and Mr. Peters go off to Columbia.,-1
1134,WSJ-21,"By contrast, average dollar volume on the Big Board last year was $5.3 billion. Many investment managers say futures are useful as a way to hedge portfolios.","If managers fear that the overall stock market will fall, but want to continue owning stocks, they can hold on to specific stocks and sell a corresponding amount of futures contracts.",0.16666666666666666
1135,WSJ-24,"Even utility stocks aren't all that inexpensive, at an average of 14 times earnings.  But the two groups represent a further step in defensiveness.","If gold stocks and utilities continue to lead, it may signal that the market is in for rough times.",0.8
1136,WSJ-25,"If Mr. Gorbachev's goal is the creation of a free market, he and these Western observers have good reason to fear for his future, as economic liberalization within communist societies leads inexorably to demands for fundamental political reform accompanied by civil unrest.  These fears were clearly apparent when, last week, Secretary of State James Baker blocked a speech by Robert Gates, deputy national security adviser and Soviet expert, on the ground that it was too pessimistic about the chances of Mr. Gorbachev's economic reforms succeeding.","Yet the Soviet leader's readiness to embark on foreign visits and steady accumulation of personal power, particularly since the last Politburo reshuffle on Sept. 30, do not suggest that Mr. Gorbachev is on the verge of being toppled; nor does he look likely to reverse the powers of perestroika.",-1.1666666666666667
1137,WSJ-27,"Any settlement is also expected to exclude Mr. Guber and Mr. Peters from any of the projects they were working on at Warner.  The Guber-Peters duo have 50 projects in various stages of development and production at Warner, including ``Bonfire of the Vanities'' and ``A Bright Shining Lie.''",But that doesn't mean Mr. Guber and Mr. Peters might not eventually get their hands on some of their projects; studios develop hundreds of movies but produce only 10 to 20 each year.,-0.6666666666666666
1138,WSJ-28,"So the administration dropped it. By October, when the committee rejected a much more modest covert proposal, even the administration was agreeing little should be done.","Mr. Boren doesn't think all this influenced the failed coup this month, but he does concede that Congress has made mistakes.",-0.8666666666666667
1139,WSJ-29,"Savings and loans reject blacks for mortgage loans twice as often as they reject whites , the Office of Thrift Supervision said .","But that does n't necessarily mean thrifts are discriminating against blacks , the agency said . ",0.2
1142,WSJ-32,``They will have to throw their hat in the ring.'' A GM spokesman yesterday reiterated the company's interest in acquiring a minority stake to help Jaguar remain independent.,"A pitched battle could mean Jaguar would fetch # 10 ($16.02) a share, or about # 1.8 billion ($2.88 billion), several analysts believe.",0.5555555555555556
1143,WSJ-33,"The resolution also comes at a time when Turkey has been seeking help from the United States in resolving its Bulgarian emigration controversy and pursuing democratic reforms that may lead to membership in the European Community. Turkey has been fighting its past for years, and thus far has been only partially successful.",Must it now accept that one of its strongest allies blames it for the genocide of another people?,1.625
1144,WSJ-34,"Jeffrey Coors, 44 years old, had been president since 1985, when he succeeded his father Joseph in the job. But the brewer said Jeffrey Coors voluntarily gave up the position to focus more of his energy on Coors Technology Co., a small unit of Coors he has run for several years.","A Coors spokesman said the company doesn't believe the move will further increase William Coors's influence or reduce the influence of Jeffrey Coors, Peter Coors or Joseph Coors Jr., who run the company's three operating units.",-1.2666666666666666
1145,WSJ-35,"The value traded on the exchanges is close to $3 trillion.  If the tax on any gain to those assets was doubled, wouldn't the value fall to the owners of the assets?","Isn't it reasonable to assume that the asset you own would be worth more if the government suddenly announced that if you sold it, you would be able to keep 30% more of its gain than you previously believed?",0.8333333333333334
1146,WSJ-36,"According to the officials, Mr. Bush even read to the senators selections from a highly classified letter from the committee to the White House discussing the guidelines. They said the president conceded the notification requirement didn't affect his decision to lend only minor support to this month's Panama coup effort.","No notification was ever considered, officials said, apparently because the U.S. didn't think the coup plotters intended to kill Mr. Noriega, but merely sought to imprison him.",-0.8333333333333334
1148,WSJ-38,"I hope that you begin talking about the plan's permanent and, in my view, most beneficial feature -- indexation. Rep. Robert K. Dornan (R., Calif.) Washington",That the motivation for the two-year reduction to 19.6% is budgetary does not mean it is not in the public interest.,0.6111111111111112
1151,WSJ-42,"Equally inconceivable is that the ANC, given the chance to hold a rally, would extend a hand, albeit warily, to the government. In a message read out at the rally, exiled ANC President Oliver Tambo, who can't legally be quoted in South Africa, said the country was at a crossroads and that Mr. de Klerk ``may yet earn a place among the peacemakers of our country'' if he chooses a ``path of genuine political settlement.''","Still, this doesn't mean that either the government or the ANC is changing stripes -- or that either has moved significantly closer to the other.",-1.2777777777777777
1152,WSJ-43,Many called it simply a contrast in styles. But some saw it as a classic negotiating tactic.,Others said the Bush administration may feel the rhetoric on both sides is getting out of hand.,0.7333333333333333
1153,WSJ-46,"The joint venture licenses a portfolio of about 1,400 patents and patent applications relating to optical-disk recording technology.  IBM and MCA formed Discovision in 1979 to make laser-read optical products.",But the partners didn't believe the market for the systems was developing as rapidly as they had hoped.,-0.3333333333333333
1154,WSJ-47,"Judge Keenan also directed the prosecutors to show that Mrs. Marcos's Fifth Amendment right against self-incrimination won't be violated. Mrs. Marcos's attorney in New York, Sandor Frankel, declined to comment on the ruling.",Mrs. Marcos hasn't admitted that she filed any documents such as those sought by the government.,-0.2222222222222222
1156,WSJ-50,"An experimental vaccine can alter the immune response of people infected with the AIDS virus, a prominent U.S. scientist said.","However, that doesn't mean they can benefit from the vaccine.",-0.875
1157,WSJ-51,"``This marks a significant shift in the interest rate outlook,'' says William Sullivan, director of money market research at Dean Witter Reynolds Inc., New York. Any sustained credit-easing could be a lift for junk bonds as well as other securities.","Robert Dow, a partner and portfolio manager at Lord, Abbett & Co., which manages $4 billion of high-yield bonds, says he doesn't think there is any fundamental economic rationale for the junk bond rout.",-0.26666666666666666
1159,WSJ-53,"Robert Hafer, senior commodities analyst at Kaiser Financial Group, said Monday's rally continued yesterday for only about 20 minutes after the opening.  He said even though there was arbitrage buying in New York because of the weak dollar, cocoa fell to relentless pressure from bearish traders.",But he noted that speculators apparently don't believe there is much more of a decline in store for cocoa.,0.05555555555555555
1160,WSJ-54,"In 1970, Mr. Hahn called in state police to arrest student protesters who were occupying a university building. That impressed Robert B. Pamplin, Georgia-Pacific's chief executive at the time, whom Mr. Hahn had met while fundraising for the institute.","In 1975, Mr. Pamplin enticed Mr. Hahn into joining the company as executive vice president in charge of chemicals; the move befuddled many in Georgia-Pacific who didn't believe a university administrator could make the transition to the corporate world.",-0.6875
1161,WSJ-55,``UAL is a small deal as far as the overall market is concerned. The only way you can make it a big deal is to draw linkages that just don't make sense.'',"He suggests, for example, that investors may have assumed that just because UAL couldn't get financing, no leveraged buy-outs can get financing.",-0.2777777777777778
1162,WSJ-56,The initiative creates a free floating state environmental officer to sue companies or government agencies that do things he doesn't like. That means the NRDC and such groups no longer would have to spend as much money on litigation; taxpayers would bear the cost.,"Mr. Van de Kamp and his allies may be hoping that the environment is such a mom and apple-pie issue among certain segments of California's population now that almost any collection of anti-scientific, anti-pocketbook nonsense can pass under its rubric.",0.2222222222222222
1163,WSJ-57,Is an American Secretary of State seriously suggesting that the Khmer Rouge should help govern Cambodia? Apparently so.,"There are no easy choices in Cambodia, but we can't imagine that it benefits the U.S. to become the catalyst for an all-too-familiar process that could end in another round of horror in Cambodia.",-1
1164,WSJ-58,"Just when it seemed safe to go back into stocks, Wall Street suffered another severe attack of nerves.",Does this signal another Black Monday is coming?,0
1165,WSJ-59,"``If they don't fill it immediately, then I can start over at a new price or try again with the same price.''  Not-Held Order: This is another timing order.","It is a market order that allows floor brokers to take more time to buy or sell an investment, if they think they can get a better price by waiting.",0.75
1167,WSJ-62,A second theme is the undercurrent of social class and race in the public reaction to the Morgan case.  Dr. Morgan is a highly educated white professional who attended some of the ``best'' schools.,"As members of the Black Caucus in Congress asked during the debate on the legislation that freed Dr. Morgan, does anyone seriously believe that if she were an uneducated, black, working-class woman, Congress would have rushed to pass a private relief bill freeing her?",-1.9411764705882353
1168,WSJ-63,The Soviets have agreed to complete a treaty cutting strategic weapons without including restrictions on space-based defenses.  But the Soviets also are insisting that they will reserve the right to withdraw from the completed strategic-arms treaty later on if the U.S. does SDI testing or deployment that the Soviets think violates the existing anti-ballistic-missile treaty.,It will be hard down the road to persuade Congress to approve money for SDI plans if lawmakers fear those plans could scuttle a completed treaty.,0.7333333333333333
1170,WSJ-65,"Argentine negotiator Carlos Carballo was in Washington and New York this week to meet with banks. Mr. Rapanelli recently has said the government of President Carlos Menem, who took office July 8, feels a significant reduction of principal and interest is the only way the debt problem may be solved.",But he has not said before that the country wants half the debt forgiven.,-0.3333333333333333
1171,WSJ-67,"On the Toronto Stock Exchange, Cineplex closed at C$12.875, off 37.5 Canadian cents, well below the C$16.40 level.  ``Where's the bid?'' asked Pierre Panet-Raymond, an analyst and broker with Toronto securities dealer McDermid St. Lawrence Ltd.",Mr. Panet-Raymond said he doesn't think Messrs. Drabinsky and Gottlieb are ``anywhere close'' to arranging financing and that investors will need a solid offer before the stock begins to rise again.,-0.6
1175,WSJ-72,"Such an application for federal antitrust clearance is necessary for any investor that might seek control. But some investors have used such filings to boost the value of their stock holdings, which -- without buying more stock -- they then sold.",Takeover stock traders were puzzled by the Reliance filing and cautioned that it doesn't mean Mr. Steinberg will definitely seek control.,0
1176,WSJ-73,"The fact sheet, dated April 1986, says on page three: ``If the price paid for a CD purchased in the secondary market... is higher than the accreted value in the case of zero-coupon CDs, the difference... is not insured....  Computations involving zero-coupon CDs are more complicated and you should discuss any questions you may have with your financial consultant.''",Dr. Blumenfeld says he doesn't remember the paragraph about premiums in the fact sheet he received and didn't realize part of what he paid was a premium.,1.1333333333333333
1178,WSJ-76,nan,Is an American Secretary of State seriously suggesting that the Khmer Rouge should help govern Cambodia ? ,-0.9333333333333333
1180,WSJ-78,Harvard's Matthew Meselson -- who we read has sold something called the ``scientific community'' on the notion that ``yellow rain'' attacks on the Laotian Hmong were in fact the result of fecal showers by giant bees -- found the Soviet anthrax scenario ``completely plausible.'' We don't believe it.,And we certainly do not believe that Mr. Gorbachev or any of his emissaries yet deserve to have the West take their word for it.,-1.5333333333333334
1182,WSJ-80,"Flanked by flight attendants, pilots and gate agents dressed in spiffy new blue uniforms, they said Eastern has exceeded its operational goals and is filling its seats.  Starting next month, Eastern will begin flying 775 flights daily instead of the previously announced 700, they said.","Mr. Bakes declined to give out Eastern's daily losses, but said he didn't expect Eastern would have to dip into the cash from asset sales currently held in escrow.",-1.4
1183,WSJ-81,"Chicago-based Continental earned $65.2 million, or $1.04 a share, compared with $73.6 million, or $1.19 a share, a year earlier.  The 1988 quarter also included one-time gains totaling about $35 million.","The bank, which has loss reserves equal to about half its long-term and medium-term loans to less-developed nations, said it doesn't think additional reserves are required.",-0.5882352941176471
1184,WSJ-83,"This means that no allowance is made for possible increases in output per unit of labor.  In an unrelated program in which the Labor Department does estimate output per employee for more than two-thirds of federal civilian employees, it found an average annual rate of productivity improvement of 1.7% during the 1980s.","Even if it is assumed that productivity rose no more than half as quickly in the rest of the nonbusiness sector, this Labor Department estimate indicates a downward bias in the real GNP estimates of 0.2 percentage point a year, on average.",0.6666666666666666
1185,WSJ-84,"``The Famous Teddy Z,'' which CBS Inc. had hoped would emerge as one of the few bright spots in its otherwise lackluster prime-time schedule, isn't turning out to be the hit the network envisaged.","Although the half-hour situation comedy seen Mondays at 9:30 p.m. Eastern and Pacific time isn't a candidate for cancellation, it is slated for fine-tuning and by next week the network may announce ``Teddy Z'' is moving to 8:30 p.m. from its 9:30 time slot, replacing ``The People Next Door,'' which became the first network show to be canceled this season.",1.3333333333333333
1186,WSJ-85,Your Oct. 4 front page noted that British lawyers have to wear wigs in court and that these wigs are made from horses ' tails.,Do you think the British know something that we don't?,0
1187,WSJ-86,"The Tax Court recently denied business deductions by Mr. and Mrs. Peter S. Rubin of Cherry Hill, N.J., who both were part-time distributors of Amway products in addition to their regular jobs as sales people in other fields.  For 1984, they reported gross income of $1,647 from Amway sales, offset by expenses totaling $16,746 -- including car costs of $6,805 and travel and entertainment costs of $5,088.","The Tax Court didn't believe that the Rubins, who earned $65,619 in their regular jobs, treated the sideline as a real business and derived ``merely incidental elements of recreation and other personal pleasure and benefits'' from it.",-0.5
1188,WSJ-87,"Unfortunately, Japanese manufacturers have neither good working conditions nor good compensation packages.  I get the impression that some Japanese managers believe working harder for less money is beautiful.","I visited a lot of major Japanese manufacturers, but I never felt I would want to be employed by any of them.",-1.3125
1189,WSJ-88,"A bid against Paribas couldn't be ruled out.  France's second-largest government-owned insurance company, Assurances Generales de France, has been building its own Navigation Mixte stake, currently thought to be between 8% and 10%.","Analysts said they don't think it is contemplating a takeover, however, and its officials couldn't be reached.",-0.7058823529411765
1190,WSJ-9,"``A lot of this is going to be code-related,'' says Ignazio J. Ruvolo, a construction law specialist at Bronson, Bronson & McKinnon, a San Francisco law firm.  Plaintiffs, he says, will argue that damaged structures weren't built to proper design standards.","But if defendants can prove that they met San Francisco's stringent building codes, ``that's probably going to protect them,'' Mr. Ruvolo says.",0.5
1191,WSJ-90,A strategic review is fundamentally different. It would be run by the joint chiefs under simple directions: Produce the best possible force for each budget scenario and provide the Secretary of Defense with a comprehensive net assessment of how that force could be used to achieve U.S. goals.,It might be feared that even thinking about lower budgets will hurt national security because the door will be opened to opportunistic budget cutting by an irresponsible Congress.,0.4375
1192,WSJ-91,"Dr. Blumenfeld concedes he didn't fully understand what he was buying. He says that he knew he was getting a zero-coupon CD and that he had previously invested in TIGRs (Treasury Income Growth Receipts), a type of zero-coupon Treasury security sold by Merrill Lynch.","But he says he didn't understand he was buying the CD on the secondary market, and he contends his broker never fully explained the risks.",1.25
1195,WSJ-95,"Across the board, these consumers value quality, buy what they like rather than just what they need, and appreciate products that are distinctive.  Despite their considerable incomes and assets, 40% of the respondents in the study don't feel financially secure, and one-fourth don't feel that they have made it.",Twenty percent don't even feel they are financially well off.,-1
1196,WSJ-96,The Fed has assumed a similar responsibility in the market for government securities.  The stock market is the only major market without a market-maker of unchallenged liquidity or a buyer of last resort.,This does not mean that the Federal Reserve does not already play an important indirect role in the stock market.,0.125
1199,WSJ-99,"``I don't think the market is going through another October '87. I don't think that's the case at all,'' says Mr. Cooperman, a partner at Goldman, Sachs & Co. and chairman of Goldman Sachs Asset Management.","Mr. Cooperman sees this as a good time to pick up bargains, but he doesn't think there's any need to rush.",0.4666666666666667
