,uID,Verb,Embedding,Context,Target,Prompt,ModalType,MatTense,MatSubjLemma,MatSubjPer,MatSubjNum,Embedding,genre,factive,mean.noTarget,sd.noTarget,Mean,SD,Reponses,gold_label,vote_count,agreement,mean_vote
1,BNC-1,admit,conditional,Polly had to think quickly.,They were still close enough to shore for him to return her to the police if she admitted she was not an experienced ocean sailor.,Polly was not an experienced ocean sailor,,future,she,third,singular,conditional,BNC,no,-0.111111111,1.269295518,2,0.866025404,"2, 3, 3, 1, 3, 1, 2, 1, 2",entailment,9,1.000000,2.000000
2,BNC-1002,say,modal,"Nevertheless, life went on as it always does. By the accidents of distance and dates of birth both the Kiwi Keith and the Mackenzie houses had been spared the effects of war and neither knew the pain of loss or the sadness of wounds in young bodies.",Indeed it could be said that they had prospered.,the Kiwi Keith and the Mackenzie houses had prospered,CI,present,it,third,singular,modal,BNC,no,1.2,1.87379591,1.875,0.83452296,"2, 1, 3, 1, 2, 2, 3, 1",entailment,8,1.000000,1.875000
6,BNC-1010,say,modal,"In the clenched-to-cracking night We mouthed the hope, gave it a name: twenty-sixty-two still trembles in the flinching air and catches, bright rag on a bramble. At supper earlier the three of us had talked of Californian scientists who see the foetal heart accelerate translucent fingers tense and eye-muscles steer frantically through their dark when sounds of a high-revving motor are played to swelling, quizzically-smiling moms and wondered if there's anywhere on earth-Australasia or Amazonian forest-to find an unborn innocent of engines.",Then it was time to watch ``Tomorrow's World'' and I thought of Sheila with her firstborn encircling him with Mozart in the womb but waking him at three months ' old to be a witness to be held up towards the moon on television so one day he could say he 'd shared in man's first giant steps.,Sheila's firstborn had shared in man's first giant steps,AB,past,he,third,singular,modal,BNC,no,-0.555555556,1.810463415,1.875,0.83452296,"3, 2, 1, 1, 1, 2, 2, 3",entailment,8,1.000000,1.875000
9,BNC-1015,say,modal,It was a complex language. Not written down but handed down.,One might say it was peeled down.,the language was peeled down,CI,present,one,third,singular,modal,BNC,no,-0.636363636,1.501514387,2,0.707106781,"2, 1, 1, 2, 2, 2, 3, 2, 3",entailment,9,1.000000,2.000000
12,BNC-1020,say,modal,"Perhaps I should apologize for my tears. As a rationalist, I had but to snap my rational fingers, it might be argued, and the devil would fade away in a puff of smoke.",To which I might say that rationalist or not I had spent too many years in my capacity as church architect investigating the fossils of a dead faith not to have imbibed something of the old superstitions.,he had spent too many years in his capacity as church architect investigating the fossils of a dead faith not to have imbibed something of the old superstitions,CI,present,I,first,singular,modal,BNC,no,0.25,1.164964745,2.25,1.38873015,"3, 2, 2, 3, 3, -1, 3, 3",entailment,8,0.875000,2.250000
13,BNC-1024,say,modal,"It is part of their religion, a religion I do not scoff at as it holds many elements which match our own even though it lacks the truth of ours. At one of their great festivals they have the ritual of driving out the devils from their bodies.",First the drummers come on - I may say that no women are allowed to take part in this ritual and the ladies here will perhaps agree with me that they are fortunate in that omission.,no women are allowed to take part in this ritual,CI,present,I,first,singular,modal,BNC,no,-0.25,0.707106781,2.666666667,0.707106781,"2, 3, 3, 3, 3, 3, 3, 1, 3",entailment,9,1.000000,2.666667
17,BNC-1046,say,modal,"The Paris to Rouen railway was being extended to Le Havre, and the line cut straight through Dr Flaubert's land. Part of it was to be compulsorily purchased.",You could say that Gustave was shepherded into creative retreat at Croisset by epilepsy.,Gustave was shepherded into creative retreat at Croisset by epilepsy,CI,present,you,second,unknown,modal,BNC,no,-0.75,1.38873015,1.375,1.187734939,"2, 1, -1, 3, 1, 2, 1, 2",entailment,8,0.875000,1.375000
18,BNC-1047,say,modal,Part of it was to be compulsorily purchased. You could say that Gustave was shepherded into creative retreat at Croisset by epilepsy.,You could also say he was driven there by the railway.,Gustave was driven to creative retreat in Croisset by the railway,CI,present,you,second,unknown,modal,BNC,no,1.5,2,1.875,0.83452296,"1, 2, 1, 3, 2, 2, 3, 1",entailment,8,1.000000,1.875000
20,BNC-1049,say,modal,"Some of them, like for instance the farm in Connecticut, are quite small. If I like a place I buy it.",I guess you could say it's a hobby.,buying places is a hobby,CI,present,you,second,unknown,modal,BNC,no,1.363636364,0.809039835,2,0.755928946,"2, 2, 2, 2, 1, 3, 1, 3",entailment,8,1.000000,2.000000
21,BNC-1055,say,modal,When Matt married Inez I was left high and dry. A year later I met a sales rep for an agricultural firm and married him.,You could say it was on the rebound but I had no reason to regret it.,the marriage was on the rebound,CI,present,you,second,unknown,modal,BNC,no,1.181818182,1.778661397,2.555555556,0.527046277,"2, 3, 2, 2, 3, 3, 3, 2, 3",entailment,9,1.000000,2.555556
23,BNC-1063,say,modal,"Look, my dear, I'm not in my dotage yet, and I know I'm a grumbler and a complainer.",You could say the only form of comfort I 've got are my complaints.,the only form of comfort he has are his complaints,CI,present,you,second,unknown,modal,BNC,no,1.181818182,1.167748416,2.625,0.51754917,"3, 3, 3, 2, 2, 3, 2, 3",entailment,8,1.000000,2.625000
24,BNC-1066,say,modal,I should think that just about everyone was having a go at everyone else by the time it ended.,But I suppose you could say that it was a war that needed fighting.,it was a war that needed fighting,CI,present,you,second,unknown,modal,BNC,no,0.545454545,0.820199532,2.333333333,0.866025404,"3, 3, 1, 3, 3, 2, 2, 3, 1",entailment,9,1.000000,2.333333
25,BNC-1068,see,modal,"Then the silence in the Zoo became complete. Woil stared around him and then suddenly with a push of his wings raised himself into the air, turned, and landed ten feet away on the back of a green bench.",Creggan could see that he was afraid and that his fear was making him terribly uncertain.,Woil was afraid,AB,present,Creggan,third,singular,modal,BNC,yes,0.545454545,1.694912173,1.875,1.642080562,"2, 2, 3, 3, 3, -2, 2, 2",entailment,8,0.875000,1.875000
26,BNC-1069,see,modal,The car engine roared again and the red car moved off but it didn't go far. Stuart's Mum was reversing out of her space and her car was blocking the way.,Stuart could see that the red car was going to turn back.,the red car was going to turn back,AB,present,Stuart,third,singular,modal,BNC,yes,0.2,1.398411798,2.5,0.755928946,"3, 3, 1, 3, 3, 2, 2, 3",entailment,8,1.000000,2.500000
28,BNC-1070,see,modal,"He opened the door and smiled because a good-looking woman was arriving to keep a date. Sophie sat down at Pascoe's table and said, ``I thought I 'd find you here.''",He could see that something had happened.,something had happened,AB,present,he,third,singular,modal,BNC,yes,1.777777778,1.394433378,2.5,0.755928946,"3, 1, 3, 2, 3, 3, 2, 3",entailment,8,1.000000,2.500000
29,BNC-1071,see,modal,"But, of course, that just wasn't possible. Her disappointment over Jonathan, which had driven her to France in the first place, had been relegated somewhere to the back of her mind.",Now in retrospect she could see that marriage to him would have been a ghastly mistake and that her reaction to discovering that he had been seeing other women while he had been engaged to her had had far more to do with wounded pride than with a wounded heart.,marriage to Jonathan would have been a ghastly mistake,AB,present,she,third,singular,modal,BNC,yes,0.909090909,1.300349603,2.875,0.353553391,"3, 2, 3, 3, 3, 3, 3, 3",entailment,8,1.000000,2.875000
30,BNC-1074,see,modal,Like now. The Community in Knockglen would defend Eve vociferously.,Even some of the Sisters here in Dublin might see that the girl had a point.,the girl had a point,EP,future,some of the sisters,third,plural,modal,BNC,yes,1.4,1.349897115,2,1.118033989,"3, 3, 3, 2, 1, 0, 1, 3, 2",entailment,9,0.888889,2.000000
31,BNC-1075,see,modal,"They were all the same, all noise and sparrow shit, and if the man only knew the idiot scene he cut... ``My fire exploded.'' The fight had fled the Major.",His hands hung simply by his trouser pockets ungloved and Rudakov could see that they trembled.,the Major's hands trembled,AB,present,Rudakov,third,singular,modal,BNC,yes,0.916666667,1.311372171,2.75,0.46291005,"3, 3, 3, 2, 3, 3, 2, 3",entailment,8,1.000000,2.750000
32,BNC-1077,see,modal,"Roman settled them at one of the small tables in a garden at the side of the yard at the Crowned Head. He summoned a girl, who seemed mesmerised by his virile look, and ordered lager for them both.",``I need something stronger than coffee '' he said and Claudia could see that he was under considerable strain.,Roman was under considerable strain,AB,present,Claudia,third,singular,modal,BNC,yes,-0.909090909,1.221027883,2.555555556,0.726483157,"3, 3, 3, 2, 2, 1, 3, 3, 3",entailment,9,1.000000,2.555556
33,BNC-1080,see,modal,"``They have to be crushed, Bobkins!'' So saying, she marched off down the gravel path, making the kind of crunching noise Robert had thought could only be produced by the BBC sound-effects department.",As they rounded the edge of the building he could see that behind the house was a vast garden.,behind the house was a vast garden,AB,present,he,third,singular,modal,BNC,yes,-0.181818182,1.470930441,2.875,0.353553391,"2, 3, 3, 3, 3, 3, 3, 3",entailment,8,1.000000,2.875000
35,BNC-1083,see,modal,The women were much easier to supervise and hold. So he refused to accept Dule in exchange.,Kit ordered Ariel brought so that the islanders could see she was as well as could be expected and recovering from the wound to her thigh.,Ariel was as well as could be expected,AB,present,islander,third,plural,modal,BNC,yes,0,1.5,2.125,1.246423455,"0, 1, 3, 3, 3, 1, 3, 3",entailment,8,0.875000,2.125000
36,BNC-1086,see,modal,``Do you mind if I use your phone?'',Ronni could see that Guido's brain was whirring.,Guido's brain was whirring,AB,present,Ronni,third,singular,modal,BNC,yes,-0.2,1.032795559,2.222222222,1.092906421,"3, 3, 1, 3, 0, 2, 3, 2, 3",entailment,9,0.888889,2.222222
37,BNC-1087,see,modal,"It grew bigger with incredible speed, she was whizzing towards it. She must slow down or she 'd miss it.",She took her foot off the accelerator and put it on the brake and as the car slowed she could see now that it was a child a toddler with a red woolly hat on.,it was a child,AB,present,she,third,singular,modal,BNC,yes,-0.818181818,1.167748416,2.875,0.353553391,"3, 3, 3, 3, 3, 3, 2, 3",entailment,8,1.000000,2.875000
38,BNC-1089,see,modal,"``Look, lady, give me a break. I just deliver the stuff, I don't interview it for the Sunday papers.''",He waved the paper at her and even at a distance she could see that it said very little.,the paper said very little,AB,present,she,third,singular,modal,BNC,yes,-0.272727273,1.489356176,2.375,1.060660172,"3, 0, 3, 3, 3, 2, 2, 3",entailment,8,0.875000,2.375000
39,BNC-1091,see,modal,"Alone in the big drawing-room where Annette's choice of bright fabrics had fought hardest, albeit still without winning against her dead in-laws ' passion for darkpanelled gloom Maxim went straight to the telephone. It was the same old-fashioned type as Miss Tuckey's and he unscrewed the mouthpiece carefully but found nothing extra inside.",Looking around he remembered it was difficult to plant bugs actually inside panelling but even his half-trained eye could see that the elaborate cornices and mouldings gave a myriad opportunities to a good wire man.,the elaborate cornices and mouldings gave a myriad opportunities to a good wire man,AB,present,eye,third,singular,modal,BNC,yes,0.3,0.483045892,2.25,0.707106781,"3, 2, 2, 2, 3, 3, 2, 1",entailment,8,1.000000,2.250000
40,BNC-1092,see,modal,"``You 've heard something like that before. Haven't you, Jimmy?''",Jimmy had been shaken by those sounds more shaken than the others for good reason but Cardiff could see that he was unprepared to show it as he pushed himself away from the reception counter.,Jimmy was unprepared to show he had been shaken,AB,present,Cardiff,third,singular,modal,BNC,yes,0.666666667,1.414213562,1.777777778,0.971825316,"3, 2, 2, 2, 1, 3, 0, 2, 1",entailment,9,0.888889,1.777778
41,BNC-1093,see,modal,The other set being in the pocket of Giovanna's overall from which she now drew them and held them up making it clear that they would be relinquished only upon her death and then only into the hands of Signor Kettering. What had occurred was quite contrary to the wishes of the padrone who would be outraged if he ever got to hear of it.,Despite this disastrous beginning however Giovanna would be there in the morning her own family circumstances permitting and she would be much obliged if the Signora would make sure that her children were up and dressed and the breakfast eaten so that she could see that the house was returned to something like the order which Signor Kettering expected of it.,the house was returned to something like the order which Signor Kettering expected of it,AB,future,she,third,singular,modal,BNC,yes,-0.4,1.173787791,2.125,0.991031209,"3, 0, 3, 2, 2, 3, 2, 2",entailment,8,0.875000,2.125000
42,BNC-1094,see,modal,"He spoke Maa fluently and he had unrivalled connections. As women do, she probably knew that she had made an impression on him on the two or three occasions they had met at Muthaiga.",Claudia could see that locking up a Masai for a crime he did not understand was cruel and inhuman.,locking up a Masai for a crime he did not understand was cruel and inhuman,AB,present,Claudia,third,singular,modal,BNC,yes,-0.272727273,1.420627262,3,0,"3, 3, 3, 3, 3, 3, 3, 3",entailment,8,1.000000,3.000000
43,BNC-1095,see,modal,"It was Alan's idea. He made a sour kind of joke out of it, that they must wait until their wedding night.",Carolyn agreed because she could see he meant it although she didn't understand why.,Alan meant it,AB,present,she,third,singular,modal,BNC,yes,0.090909091,1.814086296,2.125,1.726888201,"3, 2, 3, 3, 2, 3, -2, 3",entailment,8,0.875000,2.125000
44,BNC-1099,see,modal,"Biddy was right. In London, I did some serious thinking.",I could see that my character had not improved since I had heard about my expectations.,his character had not improved since he had heard about his expectations,AB,present,I,first,singular,modal,BNC,yes,-0.05,1.394538218,3,0,"3, 3, 3, 3, 3, 3, 3, 3",entailment,8,1.000000,3.000000
45,BNC-1100,see,modal,It was dark and well stormy by the time I got to the Aurora Corona Rest Home and the residents were probably battened down for the night. I parked Armstrong on the road and walked down the short drive to the impressive Gothic porch around the front door.,That at least had a light showing and at first I thought the rest of the building was in total darkness but as I crunched gravel and got closer I could see they used extra thick curtains maybe left-overs from the Blackout.,the residents used extra thick curtains,AB,present,I,first,singular,modal,BNC,yes,-0.272727273,1.420627262,2.777777778,0.666666667,"3, 1, 3, 3, 3, 3, 3, 3, 3",entailment,9,1.000000,2.777778
46,BNC-1101,see,modal,"And if anyone had noticed, maybe I could have just tossed the whole matter off in a casual way. ``Oh, that... it's nothing much...'' No, it's too easy to forget that something which I hardly ever think about now was then a very great concern.",I was aware what could happen I could see that any weakness was pounced upon by the other boys and I knew that I wasn't big enough or belligerent enough to bully my way out of it.,any weakness was pounced upon by the other boys,AB,past,I,first,singular,modal,BNC,yes,0.3,1.33749351,2.333333333,1.658312395,"3, 2, 3, 3, 3, 3, 3, 3, -2",entailment,9,0.888889,2.333333
47,BNC-1102,see,modal,"During that pause I realized that Mala had not been offered a seat, nor any food or drink. The Emissary and his people were behaving as if she simply wasn't there.",I could see that she was scowling and stiffening into a Mark 2 temper so I gave her an encouraging smile - which raised her as I expected to a Mark 3.,Mala was scowling and stiffening into a Mark 2 temper,AB,present,I,first,singular,modal,BNC,yes,0.777777778,0.833333333,2.625,0.744023809,"3, 2, 3, 3, 1, 3, 3, 3",entailment,8,1.000000,2.625000
48,BNC-1106,see,modal,``I think he ought to know about this.'' The ex-soldier said and started to rise.,Braden stepped in closer and the ex-soldier looked up almost straight up and you could see then that he was afraid but trying hard not to show it.,the ex-soldier was afraid but trying hard not to show it,AB,present,you,second,unknown,modal,BNC,yes,-0.6,1.0749677,2.75,0.46291005,"3, 3, 2, 2, 3, 3, 3, 3",entailment,8,1.000000,2.750000
57,BNC-1129,suspect,modal,And why bother to write anyway? What was there to say?,Mary had some vague idea that Adam's parents might suspect he was down here and come to see him.,Adam was down here,EP,present,parent,third,plural,modal,BNC,no,0,0,2.111111111,1.364225462,"2, 3, 3, 3, 1, 2, 3, 3, -1",entailment,9,0.888889,2.111111
67,BNC-1142,tell,modal,"``And you're not having this dress,'' Nora said, bending down to look at the price tag. ``It's two and a half guineas!''",she hissed at Louise who could tell that she was genuinely appalled.,Nora was genuinely appalled,AB,present,Louise,third,singular,modal,BNC,no,1.636363636,1.361816968,3,0,"3, 3, 3, 3, 3, 3, 3, 3, 3",entailment,9,1.000000,3.000000
68,BNC-1144,tell,modal,"``That's no problem,'' he grinned, unabashed. ``We have a perfectly efficient paging system, isn't that right, Niall?''",Lindsey saw the dark brow come down and from his thunderous expression could tell Niall was furious.,Niall was furious,AB,present,Lindsey,third,singular,modal,BNC,no,-0.5,1.314257481,2.75,0.46291005,"2, 3, 3, 2, 3, 3, 3, 3",entailment,8,1.000000,2.750000
69,BNC-1145,tell,modal,She said good morning to Alice and Alice said hallo. She was thin and rather tall with a very lined gentle face and hair that was white but which Alice could see had once been blonde.,She could also have told this was Tina's mother before Mrs Darne went off down the passage that led to the Headmaster's Flat.,this was Tina's mother,AB,past,she,third,singular,modal,BNC,no,0.125,0.353553391,2.375,0.744023809,"3, 2, 3, 2, 1, 3, 2, 3",entailment,8,1.000000,2.375000
70,BNC-1146,tell,modal,"David had obviously always known and Julia had learned that, whatever feelings were churning around inside his mother's mind, it was vital for her that they remained private. David was holding the strings in a pattern Julia had never seen before.",His face seemed to show nothing except benevolent interest but Julia could tell from the way that he was carrying his head and a certain tension in his body that they were approaching a crisis point.,David and his mother were approaching a crisis point,AB,present,Julia,third,singular,modal,BNC,no,1,1.61245155,1.875,1.356202682,"-1, 2, 2, 3, 2, 1, 3, 3",entailment,8,0.875000,1.875000
71,BNC-1147,tell,modal,"She might have sat all afternoon, nibbling and stuporous, exhausted but not sleepy. But the glazier finally came down from the upper floor, cheerfully announcing that all was now right and tight and he would be on his way.",Maggie could tell that he would have liked to stop for a chat that he felt sorry for her left on her own but she lacked either her grandmother's grace or her mother's energy so she did not offer him tea.,the glazier would have liked to stop for a chat,AB,present,Maggie,third,singular,modal,BNC,no,0.3,1.418136492,2.75,0.46291005,"3, 3, 3, 2, 3, 3, 2, 3",entailment,8,1.000000,2.750000
72,BNC-1148,tell,modal,"I'm such a coward, I hear things that aren't there. She set her lips and dragged Adam out of the fire, hooking one of his arms round her neck.",He leaned on her not wholly unconscious but she could tell he didn't know what was happening to him.,Adam didn't know what was happening to him,AB,present,she,third,singular,modal,BNC,no,0,1.5,2.875,0.353553391,"3, 3, 3, 3, 3, 3, 3, 2",entailment,8,1.000000,2.875000
73,BNC-1150,tell,modal,"Jim waited. He waited a long time, and when the young doctor finally came out, it was almost dark.",Jim could nonetheless tell by his anxious face that something was wrong.,something was wrong,AB,present,Jim,third,singular,modal,BNC,no,1.090909091,1.221027883,2.333333333,0.707106781,"1, 3, 3, 2, 2, 3, 3, 2, 2",entailment,9,1.000000,2.333333
74,BNC-1154,tell,modal,"The Colonel could tell that the noise was distracting Amanda from her pamphlet, though she gave no outward sign. It was simply that he could judge such things after living so closely with her for however many years.",He could tell she hadn't really got her nose in the Reverend Abraham.,Amanda hadn't really got her nose in the Reverend Abraham,AB,present,he,third,singular,modal,BNC,no,0.9,1.286683938,2.125,1.726888201,"2, -2, 3, 3, 3, 3, 3, 2",entailment,8,0.875000,2.125000
76,BNC-1159,tell,modal,Louise was equally anxious to see this man who had had the power to persuade her niece to go against her upbringing and character and behave so recklessly after such a brief acquaintance. Waiting in the airport she was suddenly aware of Nora striding towards her.,She was impressed by how elegant she looked and could tell by her cousin's walk that Nora also felt that she was looking good.,that Nora also felt that she was looking good,AB,present,she,third,singular,modal,BNC,no,-0.222222222,0.440958552,2.333333333,1,"3, 0, 3, 2, 2, 3, 2, 3, 3",entailment,9,0.888889,2.333333
78,BNC-1160,tell,modal,``Yes?'' ``Nathan?'',He could tell it was long-distance the line was so gravelly and hollow but he didn't recognise the voice.,the call was long-distance,AB,present,he,third,singular,modal,BNC,no,0,0,2.888888889,0.333333333,"3, 3, 3, 2, 3, 3, 3, 3, 3",entailment,9,1.000000,2.888889
79,BNC-1163,tell,modal,Chopra stood unsteadily on his feet. The shapechanger bounded around with excitement.,Chopra could tell something had happened.,something had happened,AB,present,Chopra,third,singular,modal,BNC,no,1.818181818,0.981649817,2.5,0.534522484,"2, 3, 2, 2, 2, 3, 3, 3",entailment,8,1.000000,2.500000
80,BNC-1164,tell,modal,"It seemed impossible that anyone could endure such pain for so long, but at last the doors of the Renault slammed and there was comparative silence. The engine was started up, revving violently as the car was turned round on the narrow road.",John could tell that it was being driven back up the hill towards Putna.,the car was being driven back up the hill towards Putna,AB,present,John,third,singular,modal,BNC,no,0.181818182,1.328019715,2.333333333,1.322875656,"2, 3, 3, 3, 3, 3, 2, 3, -1",entailment,9,0.888889,2.333333
81,BNC-1166,tell,modal,"Zenaida the sorceress jumped on her from behind, one hand at her throat, the other yanking at her hair.",She screeched and the bird flapping over her head screeched with her but Carmellina could tell from the look in its pale green eye that it was her true love under a spell from the wicked enchantress and she fell to her knees and clutched the skirts of Zenaida.,the bird was Carmellina's true love under a spell from the wicked enchantress,AB,present,Carmellina,third,singular,modal,BNC,no,-0.4,1.173787791,2.625,0.51754917,"2, 3, 2, 3, 2, 3, 3, 3",entailment,8,1.000000,2.625000
82,BNC-1169,tell,modal,"I didn't say anything, but kept on eating slowly.",I could tell that my father was looking at me from the other end of the table swilling his juice round in his glass and staring at my head as I bent over my plate.,his father was looking at him from the other end of the table,AB,present,I,first,singular,modal,BNC,no,0.636363636,0.809039835,3,0,"3, 3, 3, 3, 3, 3, 3, 3, 3",entailment,9,1.000000,3.000000
83,BNC-1173,tell,modal,"Just when you think you 've got it straight, along comes the Fool with his pig's bladder and whops you on the nose. By the way, I'm no idiot.",I could tell Gillian and Stuart weren't thrilled to see me at the airport.,Gillian and Stuart weren't thrilled to see her at the airport,AB,present,I,first,singular,modal,BNC,no,0.375,0.916125381,2.875,0.353553391,"3, 3, 3, 3, 3, 3, 3, 2",entailment,8,1.000000,2.875000
85,BNC-1185,tell,modal,"Except that his face, with those tobacco-stained looking eyes and drooping moustache, was always the same and you never knew what he was thinking. When he looked at you it was like he knew something he wasn't telling, or was laughing at you, no matter what it was he said.",That's when you could tell Henry Mendez was Mexican.,Henry Mendez was Mexican,AB,present,you,second,unknown,modal,BNC,no,0.090909091,1.221027883,2.625,0.744023809,"1, 3, 3, 2, 3, 3, 3, 3",entailment,8,1.000000,2.625000
103,BNC-1236,think,modal,Those people... Not a one of them realized I was not human. They looked at me and they pretend I'm someone called Franz Kafka.,Maybe they really thought I was Franz Kafka.,he was Franz Kafka,EP,present,they,third,plural,modal,BNC,no,-1.416666667,1.928651594,-2.125,1.726888201,"-3, -3, -3, -3, -2, -2, 2, -3",contradiction,8,0.875000,-2.125000
107,BNC-1252,think,modal,"He's weird enough to have undressed me without thinking, according to some mad notion of the ``proper'' thing to do.",Perhaps he thought I couldn't lie in bed with my clothes on.,she couldn't lie in bed with her clothes on,EP,past,he,third,singular,modal,BNC,no,-0.25,1.484771179,-1.875,1.457737974,"-1, 1, -3, -2, -3, -3, -1, -3",contradiction,8,0.875000,-1.875000
122,BNC-1295,understand,modal,"That is to say, I did not take sufficient account of the fact that at that time of the day, what Mr Farraday enjoys is a conversation of a lighthearted, humorous sort. Knowing this to be his likely mood when I brought in the tea yesterday afternoon, and being aware of his general propensity to talk with me in a bantering tone at such moments, it would certainly have been wiser not to have mentioned Miss Kenton at all.",But you will perhaps understand that there was a natural tendency on my part in asking what was after all a generous favour from my employer to hint that there was a good professional motive behind my request.,there was a natural tendency on her part to hint that there was a good professional motive behind her request,EP,future,you,second,unknown,modal,BNC,yes,0.444444444,1.236033081,2.625,0.51754917,"2, 3, 3, 2, 3, 3, 3, 2",entailment,8,1.000000,2.625000
123,BNC-1297,understand,modal,But don't dilly-dally for too long. Once it's published we are all going to look a little risible if we have made no adjustments to what is after all known as being predominantly my own design of gallery.,Also I am a bit older than the rest of you but you can perhaps understand that I don't want to drop dead without a proper and public recantation.,he doesn't want to drop dead without a proper and public recantation,AB,present,you,second,unknown,modal,BNC,yes,0.833333333,1.193416283,2.888888889,0.333333333,"3, 3, 3, 3, 3, 2, 3, 3, 3",entailment,9,1.000000,2.888889
126,BNC-1315,believe,negation,"``The motor was running earlier, smooth as honey.'' Lissa accepted the comfort of his assurances.",She did not really believe anything untoward was going to happen this afternoon.,something untoward was going to happen this afternoon,,present,she,third,singular,negation,BNC,no,-1.363636364,1.206045378,-1.75,1.752549164,"-3, -3, -2, -1, -1, -3, 2, -3",contradiction,8,0.875000,-1.750000
127,BNC-1317,believe,negation,``The white man has blood. That is true.'',But the white man does not believe that cattle are payment for taking someone's life.,cattle are payment for taking someone's life,,present,man,third,singular,negation,BNC,no,0.166666667,1.850470866,-2.625,0.51754917,"-2, -3, -3, -3, -3, -3, -2, -2",contradiction,8,1.000000,-2.625000
131,BNC-1335,believe,negation,"I should dearly have liked to know whether they were Europeans or Americans, but I couldn't hear the accents. They appeared to be arguing.",I hoped the white men weren't telling him to eliminate all witnesses because I don't believe it would have needed much persuasion.,eliminating all witnesses would have needed much persuasion,,present,I,first,singular,negation,BNC,no,-0.777777778,1.092906421,-1.777777778,1.6414763,"-1, -3, -2, -3, -2, 2, -3, -3, -1",contradiction,9,0.888889,-1.777778
132,BNC-1348,believe,negation,"But the damage was done as far as my faith was concerned, which is probably why I went mad. So anyway, that Christmas Eve night confirmed my worst fears, it was like a kind of ``royal flush'' for the infant Jimbo.",All three kings - Pa Santa and the King of Kings - all down the pan together... And to be honest I don't believe any of them stands a chance of ever making a comeback with me.,any of the three kings stands a chance of ever making a comeback with him,,present,I,first,singular,negation,BNC,no,-1.272727273,1.190874392,-2.555555556,0.527046277,"-3, -3, -2, -2, -2, -3, -3, -2, -3",contradiction,9,1.000000,-2.555556
135,BNC-1367,convince,negation,"He had seen something I should have, which was a car turning in from Soho Square and coming up behind me. My right foot hovered over the accelerator pedal and I balanced Armstrong on the clutch.",I wasn't as convinced as Malpass that Nevil was out of harm's way.,Nevil was out of harm's way,,present,I,first,singular,negation,BNC,no,-0.625,1.685018016,-1.333333333,0.707106781,"0, -1, -2, -2, -1, -2, -1, -2, -1",contradiction,9,0.888889,-1.333333
139,BNC-1376,feel,negation,Jed wondered. He 'd scarcely set eyes on him since the night they 'd had dinner together at the house in Westwood.,Nobody had mentioned him either and Jed didn't feel he should ask.,Jed should ask,,past,Jed,third,singular,negation,BNC,no,0.272727273,1.103712743,-1.875,0.991031209,"-3, -2, -2, -3, -2, 0, -1, -2",contradiction,8,0.875000,-1.875000
140,BNC-1380,feel,negation,"I saw the American woman kiss his hand. So she was an RC, too.",No refreshment was offered not because Monsignor wished to be inhospitable but because he didn't feel it was appropriate to the place and time.,refreshment was appropriate to the place and time,,present,he,third,singular,negation,BNC,no,-0.75,1.38873015,-2.555555556,0.726483157,"-3, -1, -3, -3, -2, -3, -3, -2, -3",contradiction,9,1.000000,-2.555556
143,BNC-1399,forget,negation,"Why should a boat be less social than a caravan, for heaven's sake? He 'd never seen Janet drinking out of a can before, either.",But he mustn't forget that it was a great occasion for old Willis who must be getting on for sixty-live ready to take the knock any day now.,it was a great occasion for old Willis,,present,he,third,singular,negation,BNC,yes,0.181818182,0.404519917,2.777777778,0.440958552,"3, 2, 3, 3, 2, 3, 3, 3, 3",entailment,9,1.000000,2.777778
145,BNC-1401,forget,negation,"Then he grilled the result on a flat stone beside the fire. Thus provisioned, he invited Louise to come to the banqueting hall to celebrate her birthday, though in a very quiet way, he assured her.",He had not forgotten that she must still be suffering on account of her father who had only recently taken his last dive down the well in the Residency yard in the wake of so many of his former patients.,Louise must still be suffering on account of her father,,past,he,third,singular,negation,BNC,yes,0.444444444,0.726483157,2,0.816496581,"3, 1, 2, 2, 1, 2, 3, 2, 3, 1",entailment,10,1.000000,2.000000
146,BNC-1404,forget,negation,"It was an extraordinary sensation, floating here in the inky darkness, with moonbeams dancing off the top of the small waves, and the twinkling stars above shining through the moth-eaten blanket of the night sky. It was as if she was all alone - a tiny speck on the ocean, surrounded by a galaxy that seemed to stretch out into infinity.",Despite being caught up in an almost mystical trance Laura had not entirely forgotten that she wasn't the only person swimming in the ocean.,Laura wasn't the only person swimming in the ocean,,present,Laura,third,singular,negation,BNC,yes,0,1.632993162,2.625,1.060660172,"3, 0, 3, 3, 3, 3, 3, 3",entailment,8,0.875000,2.625000
147,BNC-1408,forget,negation,"Yet what good came from knowing that a woman had killed herself? The children who had suffered a trauma would survive the experience, scarred by it and a little flawed by it.",They would never forget that for a week they had imagined the act of murder had been committed.,for a week the children had imagined the act of murder had been committed,,future,they,third,plural,negation,BNC,yes,0,1.195228609,2.2,1.619327707,"3, 2, 1, 3, 3, 3, -2, 3, 3, 3",entailment,10,0.900000,2.200000
148,BNC-141,know,conditional,"Nora calculated that there must be lots of single men up there so she decided it was ideal for the ``manhunt'', as we called it, even though the train fare was a serious consideration. I remember we went up to Euston together one Saturday morning, very excited, to buy the ticket in advance.",It was a secret - if my parents had known she was going away alone they would have soon put the kybosh on it.,Nora was going away alone,,past,parent,third,plural,conditional,BNC,yes,-0.181818182,1.662418829,2.555555556,0.527046277,"3, 3, 3, 2, 2, 3, 2, 3, 2",entailment,9,1.000000,2.555556
149,BNC-1411,forget,negation,``I 've already got money that I 've saved from Grye's winnings.'' Seb did not amplify his statement.,He had not forgotten that Christian disapproved of gambling.,Christian disapproved of gambling,,past,he,third,singular,negation,BNC,yes,-0.363636364,0.674199862,3,0,"3, 3, 3, 3, 3, 3, 3, 3",entailment,8,1.000000,3.000000
150,BNC-1412,forget,negation,"They were baroque symbols reinforcing the lush imagination of the theatre. But the drama on its own wasn't enough, or great performances, or symbols.",They the audience were what mattered for it should never be forgotten that it was their patronage and their applause which truly kept the theatre alive.,it was the audience's patronage and the audience's applause which truly kept the theatre alive,,present,it,third,singular,negation,BNC,yes,-0.2,1.549193338,3,0,"3, 3, 3, 3, 3, 3, 3, 3",entailment,8,1.000000,3.000000
152,BNC-1431,guess,modal negation,"His mother driving the car, so happy, young-looking and fashionably dressed and his father, a big, confident man in a smart suit, smiling and turning round to say something to Simon in the back seat. Marie thought of her own mother with her frumpy clothes and ageing, lined face.",No one would have guessed that she was only forty-two.,Marie's mother was only forty-two,EP,present,one,third,singular,negation,BNC,no,-0.4,1.712697677,2.125,1.125991626,"3, 1, 2, 3, 2, 3, 3, 0",entailment,8,0.875000,2.125000
156,BNC-1449,guess,negation,"I want to look dark and menacing. The way I ought to look, the way I should look, the way I might have looked if I hadn't had my little accident.",Looking at me you 'd never guess I 'd killed three people.,she had killed three people,,present,you,second,unknown,negation,BNC,no,0.333333333,1.414213562,2.5,1.069044968,"3, 3, 2, 3, 3, 0, 3, 3",entailment,8,0.875000,2.500000
157,BNC-1450,guess,negation,The English read: It is forbidden to cross the Toacks. That summer I came to know the Toacks - with their roots hooked under the earth's crust.,On the right side of them you'd never guess they even existed but from where I was they were too deep to fathom and too tall to cross.,the Toacks even existed,,present,you,second,unknown,negation,BNC,no,2.3,1.059349905,2.333333333,1,"3, 2, 3, 3, 2, 0, 3, 3, 2",entailment,9,0.888889,2.333333
159,BNC-1458,hope,negation,``I hope you are settling down and the cat is well.'' This was a lie.,She did not hope the cat was well.,the cat was well,,past,she,third,singular,negation,BNC,no,-1.25,1.164964745,-0.333333333,1,"0, 0, 0, -3, 0, 0, 0, 0, 0",neutral,9,0.888889,-0.333333
161,BNC-1464,imagine,negation,"Why should I think that? It's your first time on a horse, for Pete's sake.",And please don't imagine that I haven't landed on my backside before today.,he hasn't landed on his backside before today,,present,null,second,singular,negation,BNC,no,-0.545454545,1.293339581,-2.25,1.38873015,"-3, -3, -3, 1, -3, -3, -2, -2",contradiction,8,0.875000,-2.250000
163,BNC-1467,imagine,negation,Jane ate without pausing. Hunger was an unknown experience.,She had never imagined it could actually hurt.,hunger could actually hurt,,past,she,third,singular,negation,BNC,no,0.545454545,1.694912173,1.333333333,1.870828693,"3, 1, 1, 3, 3, -3, 1, 1, 2",entailment,9,0.888889,1.333333
167,BNC-1474,imagine,negation,"Miss Martindale had had a school, but her rigid ideas and stern manner had frightened the children, and their parents had taken them away. And gradually the school declined, until she had to give it up and retire to end her days in the white cottage with the inevitable cat as her only companion.",Breeze had never imagined that digging was such hard work.,digging was such hard work,,past,Breeze,third,singular,negation,BNC,no,-0.7,1.251665557,2,0.755928946,"2, 1, 2, 2, 1, 2, 3, 3",entailment,8,1.000000,2.000000
169,BNC-149,know,conditional,``You don't need to worry. We're quite adequately chaperoned. Rosa is a woman of strict moral principles.'',If she knows I'm in here she's probably hovering outside the door right now.,he's in here,,present,she,third,singular,conditional,BNC,yes,1.4,1.349897115,2.375,1.060660172,"3, 3, 2, 3, 0, 3, 3, 2",entailment,8,0.875000,2.375000
170,BNC-1498,know,negation,"``He's harmless, quite afraid of me.'' It brought a very visible relaxing of attitudes that quite surprised Maggie.",She didn't know she had it in her but she had felt the need to act.,Maggie had the need to act in her,,past,she,third,singular,negation,BNC,yes,0.181818182,0.603022689,2.125,0.83452296,"3, 1, 1, 2, 2, 3, 2, 3",entailment,8,1.000000,2.125000
171,BNC-1499,know,negation,"For Syl I felt no sympathy, since if he was fool enough to want me he deserved none. In the course of time I would die and then it would all be over.",We went to the theatre and to dinner and I believe I must have talked and as I have said I know I sometimes laughed and I think no one ever knew that I was empty of everything except perhaps madness.,she was empty of everything except perhaps madness,,past,one,third,singular,negation,BNC,yes,1.1,1.523883927,2.875,0.353553391,"3, 3, 3, 3, 3, 2, 3, 3",entailment,8,1.000000,2.875000
173,BNC-1500,know,negation,She hated to think of his sister lying in hospital waiting for her husband to come to her while all the time he was with Dana. She gripped her hands tightly together.,Dana didn't know Berenice was in danger of losing her child.,Berenice was in danger of losing her child,,present,Dana,third,singular,negation,BNC,yes,0.3,1.567021236,1.5,1.603567451,"2, 3, 2, 1, 2, 3, 1, -2",entailment,8,0.875000,1.500000
174,BNC-1502,know,negation question,I said you were mad to come over at this time. It's a world event.,Don't you know that Venice is packed with visitors?,Venice is packed with visitors,,present,you,second,unknown,question,BNC,yes,1.272727273,1.61807967,2.75,0.46291005,"2, 3, 3, 3, 2, 3, 3, 3",entailment,8,1.000000,2.750000
175,BNC-1507,know,negation,"And what she had said, and went on saying quietly, calmly, efficiently, was that she loved Maggie. She paid attention.",At eight Maggie had not known that her grandmother was famous but she had seen that people had something in their manner when they looked at Rachel.,Maggie's grandmother was famous,,present,Maggie,third,singular,negation,BNC,yes,0.333333333,1.07308674,2.333333333,1,"2, 3, 3, 3, 3, 2, 0, 2, 3",entailment,9,0.888889,2.333333
184,BNC-1533,know,negation,Fernando's escaladun had been wonderful last night and not direct from the freezer. All his own work.,She hadn't known he was such a good cook... She paid her bill and wandered back to where she had parked the car in a shady spot under an orange tree in a square - She didn't know a lot about Fernando Serra she realised with a dull bumping of her heart.,Fernando was a good cook,,past,she,third,singular,negation,BNC,yes,2.454545455,0.934198733,2.25,0.88640526,"1, 1, 2, 3, 3, 3, 2, 3",entailment,8,1.000000,2.250000
185,BNC-1534,know,negation,"The nurses were well trained in dealing with rich patients who were used to doing as they pleased and often disliked accepting the discipline of routine. They knew that the very old, the alcoholics, and the more than slightly batty patients (called ``eccentric'') had to be carefully supervised.",This old dear who was to be kept under heavy sedation clearly didn't know that she was a long-term patient being treated for depression.,this old dear was a long-term patient,,present,old,third,singular,negation,BNC,yes,1,1.333333333,2.125,1.807721534,"3, 3, 3, 1, 3, 3, 3, -2",entailment,8,0.875000,2.125000
189,BNC-1545,know,negation,"They 'd seen Miss Lavant on the promenade and about the town, always walking slowly, sometimes with a neat wicker basket. Kate had often thought she was beautiful.",She hadn't known she was in love with Dr Greenslade who had a wife already and three children.,Miss Lavant was in love with Dr Greenslade,,past,she,third,singular,negation,BNC,yes,-0.545454545,1.293339581,1.5,1.414213562,"1, 3, 1, 1, 3, 3, -1, 1",entailment,8,0.875000,1.500000
191,BNC-1553,know,negation,Did he intend everyone in the castle to know he did not want the wife he had married in such a hurry? Did he intend to ignore her completely?,Then Isabel saw Ellen's stunned face and realised that her maid at least did not know she had spent the night alone.,Isabel had spent the night alone,,present,maid,third,singular,negation,BNC,yes,0.625,1.846811925,2.111111111,1.054092553,"2, 3, 0, 2, 2, 1, 3, 3, 3",entailment,9,0.888889,2.111111
192,BNC-1554,know,negation,"Eve hadn't known that Mr Burns in the hardware shop was inclined to take to the drink or that Dr Johnson had a very bad temper and was heard shouting about God never putting a mouth into the world that he didn't feed. Dr Johnson was of the view that there were a lot of mouths, especially in the families with thirteen children, that God had forgotten to feed.",Benny didn't know that Peggy Pine was an old friend of Mother Francis that they had been girls years ago and that when she came to the convent she called Mother Francis Bunty.,Peggy Pine was an old friend of Mother Francis,,present,Benny,third,singular,negation,BNC,yes,0.272727273,0.904534034,2.555555556,0.726483157,"2, 3, 3, 3, 1, 3, 3, 2, 3",entailment,9,1.000000,2.555556
194,BNC-1559,know,negation,What on earth did I think I was playing at? The people back at the hotel didn't know me.,They didn't know I wouldn't steal money like that.,she wouldn't steal money like that,,present,they,third,plural,negation,BNC,yes,-0.25,1.164964745,2,1.658312395,"3, 2, 3, 3, 2, 3, 1, -2, 3",entailment,9,0.888889,2.000000
201,BNC-1615,learn,negation,"He pulled up in fourth gear at the foot of the balustraded stone steps which led up to the solicitor's office. Totteridge, Spruce and Hardnut, Commissioners for Oaths, said the brass plate.",He took the scuffed leather document case off the seat beside him and banged the door shut with the violence of someone who had not learned that car doors do not need the same sort of treatment as those of railway carriages.,car doors do not need the same sort of treatment as those of railway carriages,,past,who,third,singular,negation,BNC,yes,0.272727273,1.103712743,2.625,0.744023809,"3, 3, 1, 3, 3, 3, 3, 2",entailment,8,1.000000,2.625000
203,BNC-1620,mean,negation,"Most of them young, about his age, stood and talked and drank and laughed. The two girls he had noticed earlier were standing talking to some other girls.",Graham hoped they all realised that just because he was standing talking to Slater that didn't mean he was gay too.,Graham was gay too,,present,that,third,singular,negation,BNC,no,-0.375,0.51754917,-1.375,1.302470181,"-1, -1, -1, -3, -1, -2, 1, -3",contradiction,8,0.875000,-1.375000
204,BNC-1621,mean,negation,"``I know the one. Yes, it was good though I say it myself.''",But that doesn't mean I have to be involved in this kind of nauseous business.,she has to be involved in this kind of nauseous business,,present,that,third,singular,negation,BNC,no,0.222222222,1.394433378,-2.625,0.744023809,"-2, -3, -3, -3, -3, -3, -1, -3",contradiction,8,1.000000,-2.625000
207,BNC-1633,mean,negation,"He said that maybe I wasn't ready to join the Party just yet. Terry's passion for equality appealed to my purer mind, and his hatred of existing authority appealed to my resentments.",But although I hated inequality it didn't mean I wanted to be treated like everyone else.,he wanted to be treated like everyone else,,present,it,third,singular,negation,BNC,no,1.111111111,1.615893286,-2.5,0.534522484,"-3, -3, -2, -2, -3, -2, -3, -2",contradiction,8,1.000000,-2.500000
211,BNC-1640,mean,negation,"``Oh, my poor Folly... We 've been together for five years, Lexy and I - she practically holds that company together. Of course I gave her an ``A''.",But that doesn't mean I'm having an affair with her.,he is having an affair with Lexy,,present,that,third,singular,negation,BNC,no,0.727272727,1.190874392,-2.111111111,1.054092553,"-2, -2, -3, 0, -3, -1, -3, -3, -2",contradiction,9,0.888889,-2.111111
212,BNC-1642,mean,negation,"And I resent what happened to my flat. A couple of guys think they can stake it out and wait for me, rub their filthy fingers on my clothes, piss in my bathroom, and I'm supposed to ignore it.",I know what I said about possessions being like leeches but that don't mean I 'll surrender them to a pair of punks.,he will surrender his possessions to a pair of punks,,present,that,third,singular,negation,BNC,no,-1.333333333,1.936491673,-2.333333333,1.322875656,"-3, 1, -2, -3, -2, -3, -3, -3, -3",contradiction,9,0.888889,-2.333333
214,BNC-1645,mean,negation,"That was then, and then's gone. It's now now.",I don't mean I 've done a sudden transformation.,she has done a sudden transformation,,present,I,first,singular,negation,BNC,no,0.636363636,1.026910636,-2.625,0.51754917,"-3, -3, -2, -3, -3, -2, -3, -2",contradiction,8,1.000000,-2.625000
216,BNC-165,know,conditional,"But there was little chance of discovering who had killed him without help. Kelly decided that she had to talk to Annie, even if there was a risk that she would tell her husband.",Bill would have a fit if he knew his apprentice was turning supersleuth.,Bill's apprentice was turning supersleuth,,future,he,third,singular,conditional,BNC,yes,-0.181818182,0.981649817,2,1.195228609,"1, 3, 3, 3, 1, 3, 2, 0",entailment,8,0.875000,2.000000
217,BNC-1656,notice,negation,"``Here's three pence for you for a lolly if you 'll go.'' ``All right, then,'' agreed Peggy, her pout disappearing at once.",She did not notice that a little troubled crease appeared on her mummy's forehead.,a little troubled crease appeared on Peggy's mummy's forehead,,present,she,third,singular,negation,BNC,yes,-0.5,1.414213562,2.111111111,1.691481928,"3, 1, 3, 3, 3, 3, -2, 2, 3",entailment,9,0.888889,2.111111
218,BNC-1659,notice,negation,This was the back of the shelter. It had an emergency exit which they all had a go at unbolting.,Willie was so absorbed that he didn't notice that his knees were being licked and unconsciously he rested his hand on the back of Sammy's neck.,Willie's knees were being licked,,present,he,third,singular,negation,BNC,yes,-1.2,1.398411798,2.444444444,0.726483157,"3, 2, 2, 3, 3, 3, 3, 2, 1",entailment,9,1.000000,2.444444
219,BNC-1660,notice,negation,"He left his own number, calling himself Alain - the name of her Malaysian-French ``business manager''. The next day Gina rang.",She had obviously not noticed that it was her own number.,it was Gina's own number,,past,she,third,singular,negation,BNC,yes,0.090909091,2.071450963,2.375,1.060660172,"0, 3, 3, 2, 3, 3, 2, 3",entailment,8,0.875000,2.375000
221,BNC-1664,notice,negation,"Nevertheless, her heart sank at the thought of spending an evening with him in his present state of mind, and she was tempted to invent a sore throat in order to get out of it. But he had been very helpful over the Puddephat business, she admitted to herself, and his moods were unpredictable - he might be on top of the world by the time he arrived at the cinema.",``I'm still keen if you are '' she said brightly pretending she had not noticed anything was amiss.,something was amiss,,past,she,third,singular,negation,BNC,yes,1,1.154700538,2.625,0.51754917,"3, 3, 2, 2, 3, 3, 3, 2",entailment,8,1.000000,2.625000
222,BNC-1665,notice,negation,"The birthday party was of a kind which Cecilia would have wondered at, had she been invited to it, for although a few of Bienvida's classmates were present in its early stages, by seven it had become a celebration for the grown-ups. Bienvida and Jasper were of course still there.",No one noticed that Bienvida her grandmother's granddaughter more than her mother's child had at some stage gone back to the Headmaster's Flat and changed into dungarees to keep her Oxfam dress of nylon organza from getting dirty.,Bienvida had at some stage gone back to the Headmaster's Flat,,present,one,third,singular,negation,BNC,yes,0.1,1.449137675,2.666666667,0.5,"3, 3, 3, 2, 3, 2, 3, 3, 2",entailment,9,1.000000,2.666667
223,BNC-1667,notice,negation,"What must it be like to be imprisoned here, day after day, month after month? I wonder, does he keep them chained and manacled, thought Fenella, or does he use sorcery?",And so utterly immersed was she in this strange blue and green land that was not feeling strange any more that she did not even notice that she was weighing sorcery against steel chains and seriously considering the likely outcome.,Fenella was weighing sorcery against steel chains,,present,she,third,singular,negation,BNC,yes,0.583333333,1.928651594,2.555555556,0.527046277,"3, 2, 3, 2, 3, 2, 3, 3, 2",entailment,9,1.000000,2.555556
224,BNC-1671,notice,negation,"Strasbourg, Vienna, Bucharest, Istanbul, not stopping, not looking back. I saw her tossing newly gauffred curls as the open roadster headed east, away from Ollie... Temporarily I managed to re-erect my jocular facade, but inside I was panicking.",He could take her away I thought he could just do that he has such power to hurt me this little furry creature who hasn't even noticed that I 've given up the weed.,he has given up the weed,,present,who,third,singular,negation,BNC,yes,0.1,1.100504935,3,0,"3, 3, 3, 3, 3, 3, 3, 3",entailment,8,1.000000,3.000000
225,BNC-1672,notice,negation,"It - the tractor, the boys and the bulbs in the earth - knew she had chosen for them and was coming back to them. Of course there was still love, there was healthy, growing love and its name was called Work.",She had fallen in love with it so slowly and gently and sweetly that she had never noticed it had happened.,falling in love had happened,,past,she,third,singular,negation,BNC,yes,1.375,1.407885953,1.75,1.669045921,"3, -2, 1, 2, 2, 3, 2, 3",entailment,8,0.875000,1.750000
226,BNC-1673,notice,negation,"``I just want to show you something.'' He took her protesting hand, and laid it on a thick roll of tablecloths between their bodies.",She had been so busy avoiding touching him she had not even noticed it was there.,the thick roll of tablecloths was there,,past,she,third,singular,negation,BNC,yes,2.818181818,0.404519917,2.125,2.100170061,"3, -3, 3, 3, 3, 2, 3, 3",entailment,8,0.875000,2.125000
227,BNC-1674,notice,negation,"After the twelfth dot, two thirds of the way down the page, the transcript of this long session tails away into blank paper. I suppose what's happened is this.",He has gone on staring out of the window thinking and she has gone on staring at him waiting with such absorption that neither of them noticed the tape had run out.,the tape had run out,,present,neither of them,third,plural,negation,BNC,yes,0.363636364,1.629277587,2,1.772810521,"1, -2, 2, 3, 3, 3, 3, 3",entailment,8,0.875000,2.000000
230,BNC-1677,notice,negation,"And, such is trust, they went on seeing it after it had gone, for by now they were used to the constant and bewildering ebb and flow of Stevenson money. Each banker took it to be part of some Brand strategy of which he was privileged to see, and be entrusted with, but a small portion.",They did not notice that there was now more ebb than flow.,there was now more ebb than flow,,present,they,third,plural,negation,BNC,yes,0.625,1.060660172,2.75,0.46291005,"2, 3, 3, 3, 3, 3, 3, 2",entailment,8,1.000000,2.750000
231,BNC-1680,notice,negation,"``His name is Matthew Blake,'' Mandy informed Charity as they descended the steps from their cabin on to the paved pathway that led to the lodge.",Thankfully she hadn't even noticed that Charity had changed from the blue wrap-around skirt and was now wearing red shorts with her white silk blouse.,Charity had changed from the blue wrap-around skirt,,past,she,third,singular,negation,BNC,yes,-0.363636364,0.924416278,2.125,2.100170061,"3, 3, 2, -3, 3, 3, 3, 3",entailment,8,0.875000,2.125000
234,BNC-1683,notice,negation,"``These ` ere smugglers is a dangerous bunch from wot I 've ` eard!'' ``If only we could devise a safe way of laying our hands on all that money,'' murmured Pugwash, whose greed was as proverbial as his cowardice.",And the pirates were so busy discussing the problem and what they would do with the reward if they won it that they didn't notice that they were being observed from the window above by none other than the new Mayor and his entourage.,the pirates were being observed from the window above by none other than the new Mayor and his entourage,,present,they,third,plural,negation,BNC,yes,-0.090909091,1.044465936,2.333333333,1.658312395,"3, 3, 3, 3, 3, 3, 2, -2, 3",entailment,9,0.888889,2.333333
235,BNC-1688,notice,negation,``What do you mean she disappeared?'',It was a measure of his upset that Karel didn't even notice he was repeating himself.,Karel was repeating himself,,present,Karel,third,singular,negation,BNC,yes,-0.181818182,1.721521526,2.444444444,1.013793755,"3, 3, 0, 2, 3, 3, 3, 3, 2",entailment,9,0.888889,2.444444
236,BNC-1694,notice,negation,"Ockleton, Morpurgo, Cornelius, Dysart and half a dozen others too drunk to mention. But there was so much coming and going that any one of us could have slipped out, pushed Everett through the window and slipped back again without being noticed.",Damn it all we didn't even notice Everett was missing until a porter tripped over him in the quad so anything's theoretically possible.,Everett was missing,,past,we,first,plural,negation,BNC,yes,0.909090909,1.411149174,2,1.414213562,"-1, 2, 3, 2, 3, 3, 1, 3",entailment,8,0.875000,2.000000
239,BNC-1707,pretend,negation,"Powerlessness. Hope and no-hope, both at the same time.",Well I can't pretend that this doctoring business came as a total surprise.,this doctoring business came as a total surprise,,present,I,first,singular,negation,BNC,no,0.111111111,0.333333333,-2.125,2.100170061,"-3, -3, -3, 3, -2, -3, -3, -3",contradiction,8,0.875000,-2.125000
246,BNC-1748,remember,negation,"His hair was white, as my daughters reported when they went to view the body before it was given to the Odonata. Now he is known as The Man Who Changed the World, and there are statues to him everywhere.",No one remembers he had a younger brother.,The Man Who Changed the World had a younger brother,,present,one,third,singular,negation,BNC,yes,0.090909091,0.301511345,2.222222222,1.6414763,"2, 3, 3, -2, 3, 3, 3, 2, 3",entailment,9,0.888889,2.222222
247,BNC-1750,remember,negation,"Oh, I did, I did! I was lucky.",I would have liked brothers and sisters but I don't remember that I was ever lonely.,she was ever lonely,,present,I,first,singular,negation,BNC,yes,0.25,1.215431087,-2.375,0.916125381,"-3, -3, -1, -1, -2, -3, -3, -3",contradiction,8,1.000000,-2.375000
249,BNC-1761,say,negation,"A pity. For myself, a great pity.",But no one can say Bishop Malduin has not received latitude.,Bishop Malduin has not received latitude,,present,one,third,singular,negation,BNC,no,0.272727273,0.786245393,-2.125,1.726888201,"-3, -3, 2, -2, -3, -2, -3, -3",contradiction,8,0.875000,-2.125000
258,BNC-18,believe,conditional,He has been told simply that I object to marriage with Artai.,If he believes that I have exhibited any preference for his person above that of the others who have offered for my hand then he is a fool.,she has exhibited preference for his person above that of the others,,present,he,third,singular,conditional,BNC,no,-0.444444444,2.068278941,-2.625,0.51754917,"-3, -2, -3, -3, -3, -3, -2, -2",contradiction,8,1.000000,-2.625000
264,BNC-1866,see,negation,Her priggishness. I admire it.,I know she does wrong things she tries to organize other people's lives she can't see Mr Knightley is a man in a million.,Mr Knightley is a man in a million,,present,she,third,singular,negation,BNC,yes,-0.1,0.737864787,1.777777778,1.6414763,"2, 3, 3, 3, -2, 2, 1, 1, 3",entailment,9,0.888889,1.777778
273,BNC-190,know,conditional,Erlich was breaking the rules. A Fed on assignment overseas with the ranking of Assistant Legal Attache must always work through local law-enforcement agencies.,Back at F.B.I.H.Q. where the book ran the show they would have been climbing the walls in the Office of Liaison and International Affairs if they had known that he was out on his own.,Erlich was out on his own,,past,they,third,plural,conditional,BNC,yes,1.727272727,1.272077756,2.875,0.353553391,"3, 2, 3, 3, 3, 3, 3, 3",entailment,8,1.000000,2.875000
280,BNC-1951,tell,negation,"But she did not tell me about the food, or the cold, or the unkind teachers. Charlotte told me those things, much later.",I know Maria did not tell me that the food was often burnt and uneatable or that they could not sleep because the beds were too cold.,the food was often burnt and uneatable,,past,Maria,third,singular,negation,BNC,no,0.545454545,1.752919642,2.625,0.744023809,"1, 3, 3, 3, 3, 3, 3, 2",entailment,8,1.000000,2.625000
281,BNC-1952,tell,negation,"Charlotte told me those things, much later. I know Maria did not tell me that the food was often burnt and uneatable, or that they could not sleep because the beds were too cold.",She did not tell me that the poor hungry children had to wash with ice in the morning and walk through wet snow to sit for two hours with icy feet in a cold church on Sundays.,the poor hungry children had to wash with ice in the morning,,past,she,third,singular,negation,BNC,no,0.625,0.916125381,1.75,1.035098339,"1, 2, 0, 1, 2, 3, 2, 3",entailment,8,0.875000,1.750000
283,BNC-1955,tell,negation,Only she herself knew the evil thoughts she had and how effortlessly they could be translated into action. ``I 'll make a cup of tea.'',No she would not tell Peter that the person he loved most in the world was dead.,the person Peter loved most in the world was dead,,future,she,third,singular,negation,BNC,no,-1.1,1.523883927,2.666666667,0.5,"3, 3, 2, 2, 3, 3, 2, 3, 3",entailment,9,1.000000,2.666667
284,BNC-1963,tell,negation,"``It's not your day, is it, dear?'' ``No, but they 've got to be done, and Shirley's making the tea.''",Ianthe had not told her mother that she sometimes had to dust the books in the library.,Ianthe sometimes had to dust the books in the library,,past,Ianthe,third,singular,negation,BNC,no,0.363636364,1.206045378,3,0,"3, 3, 3, 3, 3, 3, 3, 3",entailment,8,1.000000,3.000000
286,BNC-1971,tell,negation,"The senator spoke with a sudden and incredible venom, and I realised it was only that angry force that was keeping him from weeping for his two children. ``It seems,'' he went on in a calmer voice, ``that Rickie and Robin-Anne are among the sizeable minority of the population that is peculiarly prone to severe addiction.''",I wondered why McIllvanney had not told me that Rickie and Robin-Anne Crowninshield were drug addicts then I realised that McIllvanney would not have told me anything that might have risked my acceptance of the charter but now that I had learned that the twins had such a severe drug problem I was even less keen to take on the job.,Rickie and Robin-Anne Crowninshield were drug addicts,,past,McIllvanney,third,singular,negation,BNC,no,1.818181818,1.721521526,2.75,0.46291005,"3, 3, 3, 3, 3, 2, 2, 3",entailment,8,1.000000,2.750000
288,BNC-1987,think,negation,``It doesn't happen very often.'' Karen went home happy at the end of the day.,She didn't think that the work was difficult.,the work was difficult,,present,she,third,singular,negation,BNC,no,-0.375,1.685018016,-2.25,1.035098339,"-3, -3, -3, -2, 0, -2, -2, -3",contradiction,8,0.875000,-2.250000
289,BNC-1991,think,negation,"Whether the relationship had gone beyond friendship Dalgliesh would now never know. She had, apparently, spent little of the money on herself, had been a dependable benefactress of the few eccentric charities of which she approved, had remembered them in her will, but without egregious generosity, and had left the residue of her estate to him without explanation, admonition or peculiar protestations of affection, although he had no doubt that the words ``my dearly beloved nephew'' meant exactly what they said.",He had liked her respected her had always been at ease in her company but he had never thought that he really knew her and now he never would.,Dalgliesh really knew his aunt,,past,he,third,singular,negation,BNC,no,1.375,1.995530721,-1.625,2.065879266,"3, -2, -3, -1, -3, -3, -3, -1",contradiction,8,0.875000,-1.625000
290,BNC-1994,think,negation,"``Oh, yes. It's just that it would have been nice to have seen the signs,'' said Caspar, rolling the maps up and packing them in his saddle bag.",He did not say that he hoped Floy and Snodgrass were all right because he did not think he had to say it.,Casper had to say he hoped Floy and Snodgrass were all right,,present,he,third,singular,negation,BNC,no,-0.083333333,1.378954369,-2.111111111,0.78173596,"-2, -1, -2, -3, -2, -2, -3, -3, -1",contradiction,9,1.000000,-2.111111
292,BNC-2001,think,negation,"The window-boxes were in full bloom. But there was a for sale board up, new today, he hadn't seen it there this morning when he set out for the meeting with the AC.",Mrs Brocklebank had been quiet lately about the tragic possibilities of the house but he did not think she had forgotten.,Mrs. Brocklebank had forgotten,,present,he,third,singular,negation,BNC,no,-0.111111111,1.763834207,-2,0.9258201,"-3, -3, -2, 0, -2, -2, -2, -2",contradiction,8,0.875000,-2.000000
296,BNC-2009,think,negation,"But first Zosie had come. Rufus, driving back from London with the hashish his dealer swore was genuine Indian charas and a package of best Colombian, picked her off the street - ``a piece of property that is found ownerless''.",And she had slept with Rufus in the Centaur Room it being taken for granted she would share his bed though Adam did not think her wishes had been consulted.,Zosie's wishes had been consulted,,present,Adam,third,singular,negation,BNC,no,-0.875,1.246423455,-1.625,1.597989809,"-1, -2, -3, 2, -2, -3, -2, -2",contradiction,8,0.875000,-1.625000
298,BNC-2014,think,negation,"'Very well, I'll go. But I pick my own men, and if we ever have to fight, you obey my word.''",Jehan did not think that Sidacai was in any position to impose conditions but he sat back in his chair considering.,Sidacai was in a position to impose conditions,,present,Jehan,third,singular,negation,BNC,no,-0.25,2.251983253,-2.25,0.707106781,"-2, -3, -2, -3, -1, -3, -2, -2",contradiction,8,1.000000,-2.250000
302,BNC-2021,think,negation,"Nick rolled his eyes upwards. ``Not so bad, then.''",She wished she could tell him that Mr Evans hadn't stolen the Will after all but Nick had never thought that he had so there was no point in it.,Mr. Evans had stolen the Will,,past,Nick,third,singular,negation,BNC,no,-0.181818182,0.603022689,-2.125,2.100170061,"-3, -3, -3, -3, -3, -2, 3, -3",contradiction,8,0.875000,-2.125000
306,BNC-2027,think,negation,"He pulled occasionally, his arms tiring. Conker slowed a little, but the branches were coming too fast, he had to lean right forward and couldn't use his hands.",He remembered the gate at the end of the track had time to hope it was open because he didn't think Conker could jump it.,Conker could jump the gate,,present,he,third,singular,negation,BNC,no,-1.090909091,0.943879807,-1.5,1.603567451,"-3, -1, -3, 2, -2, -1, -2, -2",contradiction,8,0.875000,-1.500000
311,BNC-2049,think,negation,"But he ended up eating it himself. I was reluctant to kiss my mother, afraid that somehow her weakness and unhappiness would infect me.",Naturally I didn't think for a minute that my life and spirit could stimulate her.,her life and spirit could stimulate her mother,,present,I,first,singular,negation,BNC,no,-1.090909091,1.445997611,-2.666666667,1,"-3, -3, -3, -3, -3, -3, -3, -3, 0",contradiction,9,0.888889,-2.666667
316,BNC-2100,think,negation,"``Ely,'' I said (that was her name and the first time I 'd ever used it), ``I want to be free.'' She looked stunned.",I don't think she 'd considered this.,Ely had considered him wanting to be free,,present,I,first,singular,negation,BNC,no,-0.75,2.314550249,-1.125,1.125991626,"-1, -3, -1, -1, -1, -1, -2, 1",contradiction,8,0.875000,-1.125000
317,BNC-2101,think,negation,"I'm sorry, I 've put you in an invidious position. If you're being run by Morton, he 'll want to hear all this.",It won't do any harm but I 'd rather not give him food for thought because I consider him an idiot and I don't think he's capable of interpreting it correctly.,Morton is capable of interpreting this food for thought correctly,,present,I,first,singular,negation,BNC,no,1.111111111,1.166666667,-2.875,0.353553391,"-3, -3, -3, -3, -3, -2, -3, -3",contradiction,8,1.000000,-2.875000
320,BNC-2107,think,negation,"The big Norwegian shook his head, frowning. ``Jeg fonstAr ikke.''",I don't think he found Ward's accent at all easy and anyway like many foreigners he found it easier to speak English than to understand it.,the big Norwegian found Ward's accent at all easy,,present,I,first,singular,negation,BNC,no,-1.3,1.059349905,-2.111111111,1.615893286,"-3, -3, -3, -3, 2, -2, -3, -2, -2",contradiction,9,0.888889,-2.111111
324,BNC-2124,think,negation,"``She caught a fever in the village. Benedict had it, too.''",But I don't think Isabel wanted to live.,Isabel wanted to live,,present,I,first,singular,negation,BNC,no,1,1.154700538,-1.625,1.302470181,"-2, -1, -3, -2, -3, -2, -1, 1",contradiction,8,0.875000,-1.625000
325,BNC-2143,think,negation,"Firstly, I didn't know about the SAS soldiers in the British Embassy, and I am very surprised about it. Very surprised indeed, Ambassador.",Secondly I do not think it is a good idea to attack a plane with a hundred and seven passengers in it and ``take it apart'' as you say.,it is a good idea to attack a plane with a hundred and seven passengers in it and 'take it apart',,present,I,first,singular,negation,BNC,no,-1.181818182,1.401298099,-2.444444444,1.333333333,"-3, -3, -3, 1, -3, -2, -3, -3, -3",contradiction,9,0.888889,-2.444444
327,BNC-2152,think,negation,"You really don't know anything about me, do you, despite all that wallowing in my mind?",As it happens I don't think I'm the right person to lead humanity into the future no.,she is the right person to lead humanity into the future,,present,I,first,singular,negation,BNC,no,-0.625,1.060660172,-2.555555556,1.013793755,"-3, -3, -3, -3, -2, -3, -3, -3, 0",contradiction,9,0.888889,-2.555556
329,BNC-2154,think,negation,"It's where the bands practise. I can't remember what band Petra's in, but I seen them practise once.",They were OK but I didn't think they was brilliant.,Petra's band was brilliant,,past,I,first,singular,negation,BNC,no,0.1,0.316227766,-2.1,1.449137675,"-3, -3, -3, -2, -3, -2, -3, 1, -3, 0",contradiction,10,0.800000,-2.100000
331,BNC-2165,understand,negation,My wife went back to Britain. She said I 'd chosen the path to failure.,Aye we're still friends but she 'll never understand that I'm not a failure I'm a success.,he is not a failure,,future,she,third,singular,negation,BNC,yes,-0.111111111,1.452966315,2.625,1.060660172,"3, 3, 3, 3, 0, 3, 3, 3",entailment,8,0.875000,2.625000
334,BNC-2182,assume,question,"``Who knows? The point is, do we go with it or not?''",Do we assume there is a shipment?,there is a shipment,,present,we,first,plural,question,BNC,no,0.111111111,0.333333333,-0.125,0.353553391,"0, 0, 0, 0, 0, -1, 0, 0",neutral,8,0.875000,-0.125000
335,BNC-2185,believe,question,"She swallowed hard, unsure if she had the nerve to go ahead. The memory of the pain in Tara's eyes last night decided her.",Did he really expect her to believe that Tara was only the housekeeper?,Tara was only the housekeeper,,present,he,third,singular,question,BNC,no,0,0.5,-1.888888889,0.78173596,"-1, -2, -2, -3, -1, -2, -2, -1, -3",contradiction,9,1.000000,-1.888889
337,BNC-2191,believe,question,"If there are spirits at work at the time, they come only from yourself, not from the fume of the incense. Why should spirits aid living beings?",What arrogance is it that drives people to believe they can have power over them?,people can have power over spirits,,present,people,third,singular,question,BNC,no,0.333333333,2.397915762,-2.333333333,1,"-2, -3, -2, -2, -3, -3, -3, -3, 0",contradiction,9,0.888889,-2.333333
340,BNC-2227,feel,question,Why should this topic matter? You talked about everything else as you usually do.,Why should I feel Maelmuire is important?,Maelmuire is important,,present,I,first,singular,question,BNC,no,-0.3,1.418136492,-2.25,0.46291005,"-3, -3, -2, -2, -2, -2, -2, -2",contradiction,8,1.000000,-2.250000
341,BNC-2229,feel,question,"She was sick with worry about everything. It's like being caught in huge sticky web - the more you struggle, the more entangled you get.",Did you ever feel that it would be nice to give up struggling and close your eyes and sleep and never wake any more?,it would be nice to give up struggling and close your eyes and sleep and never wake any more,,present,you,second,unknown,question,BNC,no,-0.090909091,1.221027883,1.111111111,0.600925213,"1, 1, 1, 2, 0, 1, 1, 1, 2",entailment,9,0.888889,1.111111
343,BNC-2239,find,question,"``Funny that the met people should get it so wrong.'' Outside the flight deck, a wisp of white flicked past the black window.",Why did Delaney suddenly find he was suspicious about the meteorological report?,Delaney was suspicious about the meteorological report,,present,Delaney,third,singular,question,BNC,yes,1.4,0.966091783,2.222222222,0.971825316,"3, 0, 2, 3, 3, 3, 2, 2, 2",entailment,9,0.888889,2.222222
344,BNC-2242,forget,question,"Forced to listen to all those hoary chestnuts that cast me and my kind as the bad guys, and the butt of all the jokes. What arrogance, what cheek, what chutzpah!",Has our charming storyteller forgotten that once upon a time the Christian world made no distinction between Jews and demons - knowing both had horns?,once upon a time the Christian world made no distinction between Jews and demons,,present,our charming storyteller,third,singular,question,BNC,yes,0.454545455,1.12815215,2.875,0.353553391,"3, 2, 3, 3, 3, 3, 3, 3",entailment,8,1.000000,2.875000
345,BNC-2244,forget,question,"I also see that we're about as alike as chalk and cheese, because I would never sell out a whole species for the wrongs of one group.",Have you forgotten that your tribe the Efik were among the most notorious slavers on the slave coast?,the Efik were among the most notorious slavers on the slave coast,,present,you,second,unknown,question,BNC,yes,0.833333333,0.937436867,2.888888889,0.333333333,"3, 3, 3, 3, 3, 3, 3, 3, 2",entailment,9,1.000000,2.888889
350,BNC-227,know,question,"``But my father always taught me never to be afraid of pointing out the obvious. I'm sure you have noticed the implication of the letter, that the writer has in fact observed Jenny undressing for bed?''",I just wondered if you also knew as I'm sure you do that her bedroom's at the rear of the house?,Jenny's bedroom's at the rear of the house,,present,you,second,unknown,question,BNC,yes,-0.181818182,0.981649817,2.875,0.353553391,"3, 3, 3, 3, 2, 3, 3, 3",entailment,8,1.000000,2.875000
354,BNC-2313,know,modal question,"It is all very well, in these changing times, to adapt one's work to take in duties not traditionally within one's realm. But bantering is of another dimension altogether.",For one thing how would one know for sure that at any given moment a response of the bantering sort is truly what is expected?,at any given moment a response of the bantering sort is truly what is expected,EP,present,one,third,singular,question,BNC,yes,0.090909091,1.640399065,0.125,0.353553391,"0, 0, 0, 1, 0, 0, 0, 0",neutral,8,0.875000,0.125000
357,BNC-233,learn,conditional,And I don't want to have to lie to them. The kidnappers have given us until October the eleventh to deliver the document and I haven't despaired of finding it before then.,But if the police learn I 've been to America they 'll ask why.,he's been to America,,future,police,third,singular,conditional,BNC,yes,0.090909091,1.375103302,2.875,0.353553391,"3, 3, 3, 3, 3, 3, 2, 3",entailment,8,1.000000,2.875000
359,BNC-2332,know,question,"Tonight... The cool air caressed her bare arms, and Folly shivered and turned back towards the house. What did women do, who were waiting for their lovers?",How could she sit calmly and read a magazine when all the time she knew that any moment there would be a knock on the door and Luke would be standing there waiting?,any moment there would be a knock on the door,,present,she,third,singular,question,BNC,yes,0.3,1.888562063,2.375,0.916125381,"3, 3, 1, 3, 3, 3, 2, 1",entailment,8,1.000000,2.375000
360,BNC-2337,know,question,"But the horror of losing was as much to do with money as with pride. Biddy had never let them down, come without fail all through the bad weather, and now was giving Nails an intensive course on her own horse which - in terms of money - was worth another couple of hundred pounds.",Yet surely she knew they had no way of paying should she demand it?,they had no way of paying,,present,she,third,singular,question,BNC,yes,0.111111111,1.691481928,2.25,1.164964745,"3, 3, 3, 3, 2, 0, 1, 3",entailment,8,0.875000,2.250000
361,BNC-2338,know,question,"The slaves continued their stoking, shuffling to and from the cart, heaving the beech logs into the next furnace. The Robemaker moved forward, prodding Nuadu onwards and, as they moved down the centre of the Workshop, the blazing furnaces roaring on each side of them, Nuadu felt his skin already shrivelling from the heat.",How must it be to work here day after day month after month knowing there was no end to it?,there was no end to working here,,present,null,third,singular,question,BNC,yes,2.111111111,0.927960727,2.333333333,0.707106781,"2, 3, 3, 1, 2, 2, 3, 2, 3",entailment,9,1.000000,2.333333
362,BNC-2340,know,question,"I ducked so fast I wasn't sure whether he 'd seen me or not, but it gave me a prickly feeling just to imagine it, so I scuttled for the door and legged it up the spiral stairway three steps at a time, just in case. As I ran, I remember thinking stupid thoughts like.",How did he know I was up here looking down?,he was up there looking down,,past,he,third,singular,question,BNC,yes,0,1.333333333,2.75,0.46291005,"2, 3, 3, 3, 3, 3, 3, 2",entailment,8,1.000000,2.750000
363,BNC-236,mean,conditional,"Ari felt very old as she walked back to the group. It seemed that, all around her, things were changing - old, beloved routines that had felt safe and comfortable were decaying into new patterns.",If by working with Roirbak it meant she had to leave Star Eye it might be for the best.,Ari had to leave Star Eye,,future,it,third,singular,conditional,BNC,no,0.125,1.125991626,1.375,0.916125381,"0, 2, 1, 1, 1, 1, 3, 2",entailment,8,0.875000,1.375000
365,BNC-2375,know,question,"At the heart of the universe there is cruelty. We are predators and are preyed upon, every living thing.",Did you know that wasps lay their eggs in ladybirds piercing the weak spot in their armour?,wasps lay their eggs in ladybirds,,present,you,second,unknown,question,BNC,yes,-0.181818182,0.981649817,3,0,"3, 3, 3, 3, 3, 3, 3, 3",entailment,8,1.000000,3.000000
366,BNC-2378,know,question,``I wanted to tell you. But the Bookman asked me to keep our meeting a secret.'',How did you know I 'd met him?,he had met the Bookman,,past,you,second,unknown,question,BNC,yes,2.181818182,1.662418829,2.875,0.353553391,"3, 3, 3, 3, 3, 3, 2, 3",entailment,8,1.000000,2.875000
368,BNC-2394,know,question,"``Rather a long shot, wasn't it? Twenty years?''",How do you know the baby was born here?,the baby was born here,,present,you,second,unknown,question,BNC,yes,-0.6,0.843274043,-0.25,0.707106781,"0, 0, 0, 0, 0, -2, 0, 0",neutral,8,0.875000,-0.250000
369,BNC-2397,know,question,Did you know that? Pluto... the God of Hades.,Did you know that the planet Saturn is associated with lead?,the planet Saturn is associated with lead,,present,you,second,unknown,question,BNC,yes,-1,1.414213562,2.777777778,0.440958552,"2, 3, 3, 3, 2, 3, 3, 3, 3",entailment,9,1.000000,2.777778
370,BNC-2414,learn,question,She rubbed them away with an angry fist. She was a fool to let anyone get round her.,How long before she learned that folk 'll always take advantage of weakness?,folk 'll always take advantage of weakness,,future,she,third,singular,question,BNC,yes,1.727272727,1.009049958,2.333333333,1,"3, 0, 3, 3, 3, 3, 2, 2, 2",entailment,9,0.888889,2.333333
371,BNC-2416,learn,question,"At length she decided that there was nothing to be gained by worrying her. Probably there was some quite innocent explanation, which Roger Kenyon would give her when she returned the wallet - if, indeed, it were his.",And yet why had his manner changed so abruptly when he learned that the girl whose hat he had rescued was going to live at Sunset Cottage?,the girl whose hat Roger Kenyon had rescued was going to live at Sunset Cottage,,past,he,third,singular,question,BNC,yes,-0.5,0.904534034,2.875,0.353553391,"3, 3, 3, 3, 3, 3, 2, 3",entailment,8,1.000000,2.875000
375,BNC-2430,mean,question,"Laying the Christmas decoration on the eiderdown with care, he thought about Vic. What had he really been saying as they sat among the trees?",Did he mean that Mungo was not welcome here?,Mungo was not welcome here,,past,he,third,singular,question,BNC,no,0,0.534522484,0.111111111,0.333333333,"0, 0, 0, 0, 1, 0, 0, 0, 0",neutral,9,0.888889,0.111111
378,BNC-2449,notice,question,"Anna looked at Peter again and said to herself in a guilty whisper, ``Will he become even more difficult?'' She wondered if a stranger could tell that he was difficult, just by looking at him.",Would such a person watching Peter now reading the prayers of Rite B in his level pleasant voice notice that resentment lay like his blood just under his skin because the life he had chosen had not turned out as he had expected it to?,resentment lay just under Peter's skin,,present,such a person,third,singular,question,BNC,yes,0.6,0.699205899,2,0.755928946,"3, 2, 2, 1, 1, 3, 2, 2",entailment,8,1.000000,2.000000
382,BNC-2460,realize,question,Jean was tough and liked to drink. She would endure for a long while yet.,But what would she do when she realized that with things as they were she was on a life sentence not just a temporary suspension of essential pleasure?,Jean was on a life sentence,,future,she,third,singular,question,BNC,yes,-0.1,1.197219,2,1.936491673,"3, 3, 3, -3, 2, 3, 2, 3, 2",entailment,9,0.888889,2.000000
383,BNC-2462,realize,question,"Obispal's gaze drifted towards Meh ` Lindi, and he frowned as if adding the final piece to a puzzle which had been perplexing him, but not liking the pattern that he saw.",Did Obispal's associates realize that the rashly rampaging Inquisitor was only present in this auditorium courtesy of Jaq's Assassin who had plucked him to safety?,the rashly rampaging Inquisitor was only present in this auditorium courtesy of Jaq's Assassin,,present,Obispal's associates,third,plural,question,BNC,yes,-0.3,1.059349905,2.333333333,1.322875656,"3, 3, 3, -1, 3, 2, 3, 3, 2",entailment,9,0.888889,2.333333
384,BNC-2463,realize,question,Out on the waste ground is a guy with his head bashed in. Ludo swung his club at him with all that strength he hardly knows he possesses.,Does Ludo now realise the man is dead?,the man is dead,,present,Ludo,third,singular,question,BNC,yes,1.5,0.971825316,2.75,0.46291005,"3, 3, 3, 3, 2, 3, 2, 3",entailment,8,1.000000,2.750000
386,BNC-2468,realize,question,"I promised Mr Harvey I would. Of course, he's terribly anxious for me to settle down out there, marry Cora-Beth and become an American citizen, the way his father did years ago.",Do you realize that according to some strange Scottish law about dynasties Cora-Beth is now heir to the title and the Kinmuire estate?,Cora-Beth is now heir to the title and the Kinmuire estate,,present,you,second,unknown,question,BNC,yes,0.166666667,1.466804401,2.375,0.744023809,"2, 3, 3, 2, 2, 3, 3, 1",entailment,8,1.000000,2.375000
388,BNC-2490,say,question,"Modify the arachnids, said the researchers. Change their bodies and conditions, and you could get fibres like glass, still monofilament, but with logarithmic progressions of possibilities of strength and flexibility, and the ability to resonate light-particles or sound-waves undistorted, scarcely weakened over thousands of miles.",Who said the arachnids had to be totally organic?,arachnids had to be totally organic,,past,who,third,singular,question,BNC,no,-0.2,1.932183566,-1.888888889,0.600925213,"-1, -2, -3, -2, -2, -2, -2, -1, -2",contradiction,9,1.000000,-1.888889
390,BNC-2497,say,question,"While the rest of the gang dived into the pub opposite to use the toilets, I called in at H. R. Higgins (Coffee-man) Ltd and bought six gift boxes of coffee (assorted) and two of tea (scented). That was my Christmas shopping sewn up.",Who said it was stressful?,Christmas shopping was stressful,,past,who,third,singular,question,BNC,no,-1.625,1.407885953,-2.375,0.744023809,"-3, -2, -2, -1, -2, -3, -3, -3",contradiction,8,1.000000,-2.375000
396,BNC-2528,say,question,And she still didn't know what was on Luke Hunter's mind. But the day after that things began to get a little clearer.,This time Reception said they had run out of vases and whatever he 'd done didn't she think it was time she forgave him?,Reception had run out of vases,,present,Reception,third,singular,question,BNC,no,-0.181818182,0.981649817,2.111111111,0.927960727,"2, 2, 2, 3, 2, 0, 2, 3, 3",entailment,9,0.888889,2.111111
400,BNC-2580,say,question,``Clever''. Klug means ``clever''.,Would you say that Abie was clever?,Abie was clever,,present,you,second,unknown,question,BNC,no,0.818181818,1.167748416,0,0,"0, 0, 0, 0, 0, 0, 0, 0",neutral,8,1.000000,0.000000
405,BNC-263,notice,conditional,The assassin's tone and bearing were completely confident.,If he noticed that Zukov was now edging further to the side widening the arc of fire he did not appear to be troubled.,Zukov was edging further to the side,,present,he,third,singular,conditional,BNC,yes,0.25,1.164964745,2.25,0.88640526,"2, 1, 1, 3, 3, 2, 3, 3",entailment,8,1.000000,2.250000
406,BNC-2630,tell,question,"The Susweca. It means ``dragonfly'' in Sioux, you know.",Did I ever tell you that's where Paul and I met?,Susweca is where she and Paul met,,past,I,first,singular,question,BNC,no,-0.272727273,1.678744119,3,0,"3, 3, 3, 3, 3, 3, 3, 3, 3",entailment,9,1.000000,3.000000
407,BNC-2658,think,question,"Therese, lying on her narrow bed at the Goldener Adler, was fighting overwhelming panic. She was exhausted and she wasn't even taking the lead in tonight's performance.",If she was this tired how did she think she 'd be able to survive Maritza on the following night and Luxembourg next week?,Therese 'd be able to survive Maritza on the following night,,present,she,third,singular,question,BNC,no,-0.916666667,0.900336637,-1.75,1.035098339,"-2, -3, 0, -1, -1, -3, -2, -2",contradiction,8,0.875000,-1.750000
408,BNC-2661,think,question,"Valence the void-brain, Valence the virtuous valet. Why couldn't the figger choose his own portion of titanic anatomy to shaft?",Did he think he was helping?,Valence was helping,,past,he,third,singular,question,BNC,no,-1.666666667,1.497472618,-2.25,0.707106781,"-3, -1, -3, -2, -3, -2, -2, -2",contradiction,8,1.000000,-2.250000
414,BNC-297,say,conditional,"How do you know? she was going to ask, but his smile was answer enough.",If DeVore said there was going to be a vacancy there would be a vacancy.,there was going to be a vacancy,,present,DeVore,third,singular,conditional,BNC,no,0,1.322875656,2.125,1.125991626,"0, 3, 2, 3, 2, 1, 3, 3",entailment,8,0.875000,2.125000
415,BNC-299,say,conditional,"Colin hated the way he inspected the rag before folding the contents into the centre and forcing it into his trouser pocket. Smith obliged on all counts before announcing firmly, ``It was Arson.''",If Smith said it was Arson then that's what it was.,it was Arson,,past,Smith,third,singular,conditional,BNC,no,2.636363636,0.674199862,2.666666667,0.5,"3, 3, 2, 2, 3, 3, 3, 2, 3",entailment,9,1.000000,2.666667
418,BNC-325,say,conditional,"She didn't know if they had given themselves sufficient time to think things over before they married - that was the kind of question her sister Louise asked. Edward stayed in the Engineers for a bit, then came out and was not very successful in finding a job to suit him.",That wasn't his fault and if anyone said that it was Nenna would still feel like poking a hole in them.,it was Edward's fault,,future,anyone,third,singular,conditional,BNC,no,0.1,1.100504935,-2.333333333,1.497472618,"-3, -1, 2, -3, -3, -3, -3, -3, -2, -3, -3, -3",contradiction,12,0.916667,-2.333333
424,BNC-356,say,conditional,"Indeed, in those busy days, our servants ' hall would often witness a gathering of some of the finest professionals in England talking late into the night by the warmth of the fire. Sometimes, naturally, there would be strong disagreements, but more often than not, the atmosphere was dominated by a feeling of mutual respect.",Perhaps I will convey a better idea of the tone of those evenings if I say that regular visitors included the likes of Mr Harry Graham valet-butler to Sir James Chambers and Mr John Donalds valet to Mr Sydney Dickenson.,regular visitors included the likes of Mr Harry Graham valet-butler to Sir James Chambers,,present,I,first,singular,conditional,BNC,no,0.777777778,0.833333333,2.888888889,0.333333333,"3, 3, 3, 2, 3, 3, 3, 3, 3",entailment,9,1.000000,2.888889
426,BNC-363,say,conditional,"``Oh, come on! Don't lie, to me or yourself.''",You know damned well that if I said black was black you 'd say it was white!,black was black,,present,I,first,singular,conditional,BNC,no,1.125,2.100170061,2.8,0.632455532,"1, 3, 3, 3, 3, 3, 3, 3, 3, 3",entailment,10,1.000000,2.800000
428,BNC-370,say,conditional,"Who knows how many quarrels, false accusations, unnecessary dismissals, how many promising careers cut short can be attributed to a butler's slovenliness at the stage of drawing up the staff plan? Indeed, I can say I am in agreement with those who say that the ability to draw up a good staff plan is the cornerstone of any decent butler's skills.",I have myself devised many staff plans over the years and I do not believe I am being unduly boastful if I say that very few ever needed amendment.,very few plans ever needed amendment,,present,I,first,singular,conditional,BNC,no,-0.454545455,1.752919642,2.3,1.251665557,"2, 3, 3, 3, 3, 0, 3, 3, 3, 0",entailment,10,0.800000,2.300000
429,BNC-371,say,conditional,"You will not dispute, I presume, that Mr Marshall of Charleville House and Mr Lane of Bridewood have been the two great butlers of recent times. Perhaps you might be persuaded that Mr Henderson of Branbury Castle also falls into this rare category.",But you may think me merely biased if I say that my own father could in many ways be considered to rank with such men and that his career is the one I have always scrutinized for a definition of ``dignity''.,his own father could in many ways be considered to rank with such men,,present,I,first,singular,conditional,BNC,no,0.727272727,0.786245393,2.25,1.035098339,"1, 1, 3, 3, 3, 1, 3, 3",entailment,8,1.000000,2.250000
431,BNC-374,say,conditional,"Obeying his instruction, I proffered my hand, open palm upwards, towards the animal. The ratbird climbed on and began to preen its fur unconcernedly.",Nobody will blame me if I say that in the circumstances I became very uneasy.,in the circumstances she became very uneasy,,present,I,first,singular,conditional,BNC,no,-0.454545455,1.634847783,2.875,0.353553391,"3, 3, 3, 3, 3, 3, 2, 3",entailment,8,1.000000,2.875000
433,BNC-385,say,conditional,"At this time of year not much, it's been a dryish summer, and there's not a lot of water coming down. Say half a knot - and that's probably an over-estimate.",If you say that a freely-floating body - and the weights would help a bit there because they'd keep it under water and out of any wind - moves down on the ebb at an average of a bit under two knots you'd not be far wrong.,a freely-floating body moves down on the ebb at an average of a bit under two knots,,present,you,second,unknown,conditional,BNC,no,0,1.690308509,1.555555556,0.881917104,"2, 2, 1, 0, 1, 2, 2, 1, 3",entailment,9,0.888889,1.555556
438,BNC-402,suppose,conditional,I shall not waver even at this supreme moment. Nor shall I again urge the objections cited above to the ``murderous conspiracy'' theory.,I simply wish to point out that if it is supposed that Karen Parsons and I embarked that afternoon with the intention of drowning her husband why did we wait till we had reached a point where our criminal acts were overlooked by at least fifteen witnesses?,he and Karen Parsons embarked that afternoon with the intention of drowning her husband,,present,it,third,singular,conditional,BNC,no,-1,1.414213562,-2.375,1.407885953,"-3, -3, 1, -2, -3, -3, -3, -3",contradiction,8,0.875000,-2.375000
439,BNC-403,suppose,conditional,"He had only to say he admired Grace Bird's fortitude and instantly her chin stiffened with resolve. He had but to comment favourably on the kittenish qualities of Babs Osborne for her to curl up as best she could on the plush seat beside him, her thumb in her mouth.",Twenty-four hours later he admonished Babs for over-stressing the little-girl aspect of Cleopatra pointing out that childishness of character was not a question of years and that she was mistaken if she supposed the difference between folly and wisdom had anything to do with either age or youth.,the difference between folly and wisdom had anything to do with either age or youth,,present,she,third,singular,conditional,BNC,no,0.5,0.904534034,-1.75,1.669045921,"-1, -3, -3, 2, -2, -2, -3, -2",contradiction,8,0.875000,-1.750000
441,BNC-407,suspect,conditional,What had brought Gharr and Ten-huc and Pulvidon to the planet at the same time? Why were all of them so interested in why I was there?,And if they somehow suspected that I was picking up something valuable why would any of them try to kill me before the pick-up?,she was picking up something valuable,,past,they,third,plural,conditional,BNC,no,0.636363636,1.120064933,1.875,1.125991626,"3, 3, 0, 2, 1, 3, 1, 2",entailment,8,0.875000,1.875000
444,BNC-415,suspect,conditional,"However, I will let the gynandrous renegade stay here under one condition. If Penumbra questions either of us, we will not lie.",If she suspects Crevecoeur is here and asks we let him go back.,Crevecoeur is here,,future,she,third,singular,conditional,BNC,no,0.363636364,1.361816968,2.333333333,1.118033989,"2, 3, 0, 1, 3, 3, 3, 3, 3",entailment,9,0.888889,2.333333
451,BNC-431,tell,modal,This was a sheer waste of time. He would probably land and then tell them to walk back.,When she glanced at him again he looked very grim and she wondered if she should have told Mitch that he might well have a lot of opportunity to photograph Spain - on foot as he walked back to Malaga.,Mitch might well have a lot of opportunity to photograph Spain,DE,past,she,third,singular,modal,BNC,no,0,1.264911064,1.555555556,1.013793755,"2, 0, 1, 3, 2, 1, 3, 1, 1",entailment,9,0.888889,1.555556
468,BNC-509,think,conditional,"Perhaps I might have recognized my own hypocrisy, if it had not been for Richard's behaviour in the next months. He brought me flowers, took me out to dinner and the theatre, and was generally attentive to me, as if I were his mistress and not an old married woman.",If at any point I thought that his solicitude was the sort of tender kindness you might show to someone utterly dependent and helpless - a prisoner or a caged bird - I was ashamed at once and re-doubled my efforts to be a good wife asking Nonni to teach me how to cook the elaborate dishes Richard liked and taking care to change my dress before he came home in the evening.,Richard's solicitude was the sort of tender kindness you might show to someone utterly dependent and helpless,,past,I,first,singular,conditional,BNC,no,0.444444444,1.666666667,1.25,0.88640526,"0, 1, 3, 1, 2, 1, 1, 1",entailment,8,0.875000,1.250000
469,BNC-510,think,conditional,"Children aren't real people, in the sense that they are not small males and females but a separate species which will (probably) grow into one or the other in due time. Younger children in particular, before the insidious and evil influence of society and their parents have properly got to them, are sexlessly open and hence perfectly likeable.",I did like Esmerelda (even if I thought her name was a bit soppy) and played with her a lot when she came to stay.,Esmerelda's name was a bit soppy,,past,I,first,singular,conditional,BNC,no,0.3,0.483045892,2.375,0.744023809,"2, 3, 2, 1, 2, 3, 3, 3",entailment,8,1.000000,2.375000
471,BNC-540,think,conditional,"``Look, Preston, I can't listen to any more. You burst into my office talking about killings.''",If you think I have any personal knowledge of matters of that kind you must be crazy.,she has any personal knowledge of matters of that kind,,present,you,second,unknown,conditional,BNC,no,0.2,1.619327707,-2.875,0.353553391,"-3, -3, -2, -3, -3, -3, -3, -3",contradiction,8,1.000000,-2.875000
472,BNC-549,think,conditional,"My dear girl, it's a small fortune! No one in her right mind would turn her back on that!",If you think I 'd believe such crazy behaviour you've miscalculated my knowledge of human nature.,he 'd believe such crazy behavior,,present,you,second,unknown,conditional,BNC,no,-0.916666667,1.975225342,-2.25,2.121320344,"-3, -3, 3, -3, -3, -3, -3, -3",contradiction,8,0.875000,-2.250000
474,BNC-566,admit,modal,"There was latent power in every careless move he made. His body was extremely fit, not an ounce of surplus flesh on him, and every trained muscle and sinew was ready to act in a split-second to whatever the brain required of it.",Paige could only admit that she had never seen a better male specimen.,Paige had never seen a better male specimen,AB,present,Paige,third,singular,modal,BNC,no,1.625,1.302470181,2.888888889,0.333333333,"3, 3, 3, 3, 2, 3, 3, 3, 3",entailment,9,1.000000,2.888889
478,BNC-572,assume,modal,"He often referred to the royal garden party when he was in a good frame of mind. Scarlet still found the episode entirely mysterious, since she could think of no reason at all why they had been invited.",It was improbable in the extreme that Brian's sterling qualities had come to the notice of the Comptroller of the Household and she could only assume that the summons had been the consequence of her father's having been an RA.,the summons had been the consequence of Scarlet's father's having been an RA,AB,present,she,third,singular,modal,BNC,no,-0.363636364,1.433368569,1.818181818,0.873862898,"2, 1, 2, 3, 2, 2, 3, 2, 0, 1, 2",entailment,11,0.909091,1.818182
483,BNC-584,believe,modal,"The meat tea was probably the answer. A big slice of ham, or grilled bacon, or a few sausages, and they could put a few extra on Benny's plate in case she felt the need of it.",Annabel could hardly believe that she had a daughter about to go to university.,Annabel had a daughter about to go to university,AB,present,Annabel,third,singular,modal,BNC,no,-0.2,1.032795559,2.375,1.767766953,"3, -2, 3, 3, 3, 3, 3, 3",entailment,8,0.875000,2.375000
492,BNC-599,believe,modal,"There was a group of curious onlookers... Marie felt her legs give way beneath her, she sat down on the edge of the pavement, feet in the gutter, doubled-up, sick and winded as if someone had punched her in the stomach. She lifted up her head and looked again.",She had watched scenes like this so often in detective films and police series on television that she could hardly believe that this was real life.,this was real life,AB,present,she,third,singular,modal,BNC,no,1.888888889,1.054092553,1.777777778,1.301708279,"2, 2, 3, 3, -1, 1, 1, 2, 3",entailment,9,0.888889,1.777778
494,BNC-601,believe,modal,His microphone whistled a little and Sally winced in embarrassment.,The first model appeared on the catwalk looking so glamorous so unbelievably chic that Sally could scarcely believe that her very own sister could be a part of this glittering performance.,Sally's very own sister could be a part of this glittering performance,AB,present,Sally,third,singular,modal,BNC,no,-0.3,0.483045892,2.125,0.640869944,"2, 3, 2, 2, 2, 2, 3, 1",entailment,8,1.000000,2.125000
499,BNC-61,feel,conditional,"Nicky approached her with the assumption that men are naturally right and it is the role of women to follow their lead. Constance, whose confidence was growing daily, was not prepared to give in to Nicky's wishes merely because of his sex.",If she felt he was right then she agreed with him.,Nicky was right,,present,she,third,singular,conditional,BNC,no,-0.7,1.888562063,0.222222222,0.666666667,"0, 0, 0, 0, 2, 0, 0, 0, 0",neutral,9,0.888889,0.222222
501,BNC-613,believe,modal,"I had been there and I knew it as a beautiful seaside resort, but that wasn't why I was so delighted. It was because it was in Yorkshire.",As we marched out of the station into the streets of Scarborough I could hardly believe I was back in Yorkshire.,he was back in Yorkshire,AB,present,I,first,singular,modal,BNC,no,3,0,2.5,0.755928946,"1, 2, 3, 3, 3, 3, 3, 2",entailment,8,1.000000,2.500000
502,BNC-618,believe,modal,Just knowing they are there in the bag is as comforting as Victor finds his cheroots. I can already feel the shape of one resting in my palm.,I could believe my first finger has threaded through the trigger-guard.,his first finger has threaded through the trigger-guard,AB,present,I,first,singular,modal,BNC,no,-0.636363636,1.911686547,1.875,1.125991626,"1, 3, 1, 3, 2, 2, 0, 3",entailment,8,0.875000,1.875000
504,BNC-625,believe,modal,"Your honesty shines out of your face, my darling. It isn't your fault that cynical men like myself won't let themselves believe what they see!",I just wish you could believe that Eddie's death was an accident and nothing to do with me.,Eddie's death was an accident and nothing to do with him,AB,present,you,second,unknown,modal,BNC,no,0,1.341640786,2.625,0.744023809,"3, 3, 1, 3, 3, 3, 3, 2",entailment,8,1.000000,2.625000
507,BNC-634,convince,modal,Maggie rocked her closer still. She could understand the guilt that Ana carried.,She prayed that Felipe would hurry back because he was the only one who could convince Ana that she was not to blame.,Ana was not to blame,AB,present,who,third,singular,modal,BNC,no,0.25,1.982062418,2.25,0.707106781,"2, 3, 2, 1, 2, 3, 3, 2",entailment,8,1.000000,2.250000
509,BNC-637,decide,modal,I can't afford to get bogged down in the weeds. But at least you know she did leave.,Maybe a coincidence maybe the two girls talked on the phone decided they 'd both had enough.,the two girls had both had enough,EP,past,the two girls,third,plural,modal,BNC,no,0.416666667,1.676486224,0.3,0.674948558,"0, 0, 0, 0, 2, 1, 0, 0, 0, 0",neutral,10,0.800000,0.300000
510,BNC-638,decide,modal,Country churches were never locked. You could wander in at any time.,Perhaps Cromwell when he passed also found the door of Coldingham Priory locked and decided that he would get in anyway even if it meant removing a whole wall in order to do so.,Cromwell would get in anyway,EP,past,Cromwell,third,singular,modal,BNC,no,1.363636364,1.566698904,2,1.354006401,"1, 3, 3, 3, -1, 0, 3, 3, 2, 3, 3, 1, 2",entailment,13,0.846154,2.000000
512,BNC-646,decide,modal,She was about to tell him that was his own stupid fault and that she wasn't here to wait on him - particularly since he had proved to be so inhospitable. But she bit back the words.,Perhaps if she made herself useful he might decide she could stay - for a while at least just until she got something else sorted out.,she could stay,EP,future,he,third,singular,modal,BNC,no,-0.454545455,1.12815215,0.3,0.948683298,"0, 0, 3, 0, 0, 0, 0, 0, 0, 0",neutral,10,0.900000,0.300000
513,BNC-650,feel,modal,"She longed for a weapon, for even a hairpin, and knowing that she did not have one, she knew too that she was totally defenceless, unarmed and alone. She could feel the great flight of the dragon and sensed that she was high in air and travelling fast towards the sunset.",She could feel the great muscles of the dragon's wings send ripplings down the stomach walls and she gave herself over to death.,the great muscles of the dragon's wings sent ripplings down the stomach walls,AB,present,she,third,singular,modal,BNC,no,0.636363636,0.924416278,2.333333333,1.658312395,"-2, 3, 3, 3, 3, 3, 3, 2, 3",entailment,9,0.888889,2.333333
514,BNC-652,feel,modal,"``Molly likes having an audience for her tales and it passes the hours for them.'' When Miss Louisa had a second more severe stroke at the end of August, and Miss Ellen another heart attack, both old ladies died within a few days of each other.",Their friends could only feel that death was merciful in the circumstances especially with war imminent and that Molly had made the closing months of their lives very happy.,death was merciful in the circumstances,AB,past,friend,third,plural,modal,BNC,no,0.636363636,0.924416278,1.75,0.46291005,"2, 2, 2, 1, 2, 2, 1, 2",entailment,8,1.000000,1.750000
515,BNC-654,feel,modal,Joseph spat and spluttered blood.,He had lost the two centre top teeth and with the tip of his tongue he could feel that the two on either side were also loose.,the two teeth on either side were also loose,AB,present,he,third,singular,modal,BNC,no,0.6,0.966091783,2.777777778,0.666666667,"3, 3, 3, 3, 3, 3, 3, 3, 1",entailment,9,1.000000,2.777778
520,BNC-667,find,modal,"Our groundshare next season will show what the team is really made of as we run out for home games on the unfamiliar battlefield of St Dodimeads Comprehensive. With the pitch being unavailable during term time, three-quarters of our games will be away.",Travelling to these matches could of course prove expensive and some of our senior supporters may find they are unable to afford it.,some senior supporters are unable to afford traveling to these matches,EP,future,some,third,plural,modal,BNC,yes,0.3,1.159501809,1.125,1.356202682,"2, 2, 1, 2, 1, 2, 1, -2",entailment,8,0.875000,1.125000
526,BNC-698,find,modal,"``We're about to run out of time. I would like to thank you for coming into the studio today, and I'm sure we 'll receive a lot of letters from our listeners about what's been said.''",You could find that this is just the beginning and that your plans aren't quite as cut and dried as they appear.,this is just the beginning,AB,future,you,second,unknown,modal,BNC,yes,0.2,2.201009869,1.777777778,1.201850425,"3, 1, 1, 3, 1, 0, 1, 3, 3",entailment,9,0.888889,1.777778
527,BNC-703,forget,modal,"He didn't say he loved her but,'' I think we're going to love each other, Lyn.'' From the pulled and sagging pockets of his jacket, his Sunday-go-to-meetings suit, his only suit, Dadda produced a cairngorm and silver ring for Lyn and a pearl-handled Stilton knife for Stephen.",Though they might have forgotten that the following day would be the sixth anniversary of their engagement he with his prodigious memory had not.,the following day would be the sixth anniversary of Lyn and Stephen's engagement,EP,past,they,third,plural,modal,BNC,yes,0.8,1.398411798,2.666666667,0.707106781,"3, 2, 3, 3, 3, 3, 1, 3, 3",entailment,9,1.000000,2.666667
529,BNC-705,forget,modal,"He also liked swimming and cycling. He said that he wrote stories, though he had to admit that he had never got further than the first two pages.",Willie meanwhile not only remained silent during these conversations but picked his berries slowly so that they might forget that he was there but he reckoned without Zach.,Willie was there,EP,present,they,third,plural,modal,BNC,yes,-0.125,1.356202682,2.75,0.46291005,"3, 3, 3, 3, 2, 3, 3, 2",entailment,8,1.000000,2.750000
532,BNC-713,guess,modal,For the first time in my life I could not confess all my sins to the priest. Father Jankowski looked at me so kindly I could not tell him.,I thought he might have guessed I was not normal.,she was not normal,EP,past,he,third,singular,modal,BNC,no,0.625,1.302470181,2.375,0.51754917,"2, 3, 3, 2, 2, 2, 3, 2",entailment,8,1.000000,2.375000
533,BNC-714,guess,modal,``For God's sake keep them in their seats. If we get panic people are going to be crushed to death and there will be mayhem in the car park.'',The announcer could only guess from the urgency in the Chief Constable's voice that the situation was very very serious.,the situation was very very serious,AB,present,announcer,third,singular,modal,BNC,no,3,0,1.875,0.83452296,"2, 1, 3, 3, 2, 1, 1, 2",entailment,8,1.000000,1.875000
535,BNC-720,guess,modal,"``It's your own silly fault,'' Claire said. ``You think people have nothing better to do than listen to you.''",I might have guessed I 'd get no sympathy from Claire.,he 'd get no sympathy from Claire,CI,past,I,first,singular,modal,BNC,no,1.875,1.642080562,2,1,"3, 3, 2, 2, 3, 0, 1, 2, 2",entailment,9,0.888889,2.000000
536,BNC-725,guess,modal,"The lunch trade had mostly disappeared so he wasn't hard to spot. He was at a window table but he was ignoring the river, being deep in conversation with a middle-aged man wearing a suit and a short sheepskin car coat with matching brown suede shoes.",Even from this distance you could guess the guy's tailor was based in Dublin.,the guy's tailor was based in Dublin,AB,present,you,second,unknown,modal,BNC,no,-0.090909091,1.136181804,2.222222222,0.833333333,"2, 2, 3, 2, 1, 1, 3, 3, 3",entailment,9,1.000000,2.222222
537,BNC-726,hear,modal,O listened. As he listened he could smell the man.,And he could hear that the song was almost turning into a sob.,the song was almost turning into a sob,AB,present,he,third,singular,modal,BNC,no,-0.5,1.511857892,2.375,0.51754917,"2, 3, 2, 2, 2, 3, 3, 2",entailment,8,1.000000,2.375000
541,BNC-738,hear,modal,How did Selden know that the hound was following him? We know he ran a long way.,He was screaming for a long time before he fell and we could hear that he was running as he screamed.,Selden was running as he screamed,AB,present,we,first,plural,modal,BNC,no,1,1.414213562,3,0,"3, 3, 3, 3, 3, 3, 3, 3",entailment,8,1.000000,3.000000
542,BNC-747,hope,modal,"That evening Shannon steered well clear of Dane, all but tiptoeing around him, determined not to land in any more confrontations. From now till this snow siege ended, she would simply live under the same roof, but keep to her own side of an invisible barrier, she decided.",She could only hope he 'd do the same.,Dane would do the same,AB,present,she,third,singular,modal,BNC,no,0,0.666666667,-0.111111111,0.333333333,"-1, 0, 0, 0, 0, 0, 0, 0, 0",neutral,9,0.888889,-0.111111
550,BNC-759,hope,modal,"To get four miles they covered twenty, and they took nearly two hours. Edward was sweating lightly when they walked into the house.",Perhaps he had hoped that Hannele would be there miraculously.,Hannele would be there,EP,past,he,third,singular,modal,BNC,no,0.083333333,0.99620492,-1.666666667,0.707106781,"-1, -2, -2, -2, -2, 0, -2, -2, -2",contradiction,9,0.888889,-1.666667
551,BNC-760,hope,modal,"Like many questions which the police were obliged to put, these were a formality, it being clear that the bargeowners couldn't answer them.",It could only be hoped that the mooring-ropes were in better case than the anchors.,the mooring-ropes were in better case than the anchors,AB,present,it,third,singular,modal,BNC,no,0.666666667,1.322875656,0,0,"0, 0, 0, 0, 0, 0, 0, 0",neutral,8,1.000000,0.000000
555,BNC-774,hope,modal,Then it cried. It was another girl.,I was a little disappointed but I could only hope that Celia was still a bit hazy from the drugs.,Celia was still a bit hazy from the drugs,AB,present,I,first,singular,modal,BNC,no,-0.090909091,1.044465936,0.125,0.353553391,"1, 0, 0, 0, 0, 0, 0, 0",neutral,8,0.875000,0.125000
556,BNC-780,imagine,modal,Matthew rode on feeling a little more at peace with himself. He skirted the spruce plantation and supposed that at some point he should tell Sara about it.,He could imagine that she might be interested in its money-making propensity at the end of the year.,Sara might be interested in its money-making propensity at the end of the year,AB,present,he,third,singular,modal,BNC,no,0.833333333,1.114640858,1.444444444,0.881917104,"1, 3, 0, 1, 2, 2, 1, 1, 2",entailment,9,0.888889,1.444444
561,BNC-787,imagine,modal,"I was emotionally devastated, but I was not going back with the intention of finding a man to take care of me, to pay my bills, to embellish me and play papa as Helmut had.",I was irritated that he could imagine I would want to go back to him.,she would want to go back to Helmut,AB,past,he,third,singular,modal,BNC,no,-2.181818182,1.778661397,-2.222222222,1.986062548,"-3, -3, -3, -3, -2, 3, -3, -3, -3",contradiction,9,0.888889,-2.222222
564,BNC-791,imagine,modal,``That's good.'' Ruth stood looking at her.,Rachaela could imagine Emma would have been all congratulations and the joys of womanhood.,Emma would have been all congratulations and the joys of womanhood,AB,present,Rachaela,third,singular,modal,BNC,no,0.6,0.966091783,1.125,0.991031209,"2, -1, 2, 1, 1, 1, 2, 1",entailment,8,0.875000,1.125000
565,BNC-792,imagine,modal,"Meh ' Lindi did not develop the lower set of arms nor the bony, sinuous tail. Too much to expect a new pair of arms to grow out of her ribs, or her coccyx to elongate so enormously.",Nor could Jaq imagine that she could attain the full strength of a purestrain Stealer - though her own strength was formidable even when unenhanced.,Meh ' Lindi could attain the full strength of a purestrain Stealer,AB,present,Jaq,third,singular,modal,BNC,no,-0.9,1.286683938,-1.5,1.927248223,"-2, -2, -2, -3, -1, -2, 3, -3",contradiction,8,0.875000,-1.500000
572,BNC-803,know,modal,Gloria remarked as they shared their coffee break in the kitchen. Melissa suppressed a sigh.,She had hoped to dodge the subject but might have known that Gloria's boundless interest in all things morbid and sensational would make it impossible.,Gloria's boundless interest in all things morbid and sensational would make dodging the subject impossible,CI,past,she,third,singular,modal,BNC,yes,-0.090909091,1.221027883,1.875,1.125991626,"3, 3, 1, 1, 2, 3, 2, 0",entailment,8,0.875000,1.875000
574,BNC-810,know,modal,Merrill dropped into her chair. That altercation with Luke had drained her.,She might have known that he would never divulge his relationship with Elise.,Luke would never divulge his relationship with Elise,CI,past,she,third,singular,modal,BNC,yes,-0.3,0.948683298,1.777777778,0.971825316,"1, 2, 3, 2, 1, 3, 2, 2, 0",entailment,9,0.888889,1.777778
576,BNC-816,know,modal,``Yeah.'' Lorton wondered what was the purpose of that unnecessary question.,Perhaps Maxham already knew that the Newleys ' burglar alarm was one of the early Custodemus models.,the Newleys ' burglar alarm was one of the early Custodemus models,EP,past,Maxham,third,singular,modal,BNC,yes,0.111111111,0.333333333,2,1.658312395,"3, 2, -2, 3, 3, 1, 2, 3, 3",entailment,9,0.888889,2.000000
579,BNC-820,know,modal,"``Oh, very well,'' he said wearily.",He might have known that it was useless to argue with McAllister - her tongue was as long as her will was strong.,it was useless to argue with McAllister,CI,past,he,third,singular,modal,BNC,yes,1.272727273,1.848832555,2.375,0.744023809,"2, 2, 3, 3, 2, 3, 3, 1",entailment,8,1.000000,2.375000
581,BNC-823,know,modal,"I was angry with her for not saying anything, not doing anything. I still had a formless feeling that she understood me where my mother did not.",Perhaps it was despair that made me believe there was one person in the world who might know that I was in despair.,he was in despair,EP,present,who,third,singular,modal,BNC,yes,1.833333333,1.850470866,2.333333333,1.118033989,"2, 3, 3, 0, 1, 3, 3, 3, 3",entailment,9,0.888889,2.333333
583,BNC-829,know,modal,"``For such a person, finding a protector might not be so difficult, even in Edinburgh.'' Jean smiled.",He might have known that even someone as sensible as Miss van Wiliamsburgh would try to make a play of this sort.,even someone as sensible as Miss van Williamsburgh would try to make a play of this sort,CI,past,he,third,singular,modal,BNC,yes,0.1,1.449137675,2,0.9258201,"2, 2, 2, 0, 2, 3, 2, 3",entailment,8,0.875000,2.000000
585,BNC-837,know,modal,"I'm putting out no more clean linen until tomorrow. Fighting, indeed.",I might have known that Dr. Lorrimer would be mixed up in it.,Dr. Lorrimer would be mixed up in fighting,CI,past,I,first,singular,modal,BNC,yes,1.2,1.316561177,2.111111111,1.054092553,"3, 2, 1, 3, 3, 3, 2, 0, 2",entailment,9,0.888889,2.111111
586,BNC-839,know,modal,"L. Underneath, in purple ink, had been added. ``And love, Fenella'', with a capital X as a kiss.",I might have known Lisabeth wouldn't have walked up the stairs herself to leave the note.,Lisabeth wouldn't have walked up the stairs herself to leave a note,CI,past,I,first,singular,modal,BNC,yes,0.363636364,1.433368569,2.222222222,0.666666667,"3, 3, 3, 2, 1, 2, 2, 2, 2",entailment,9,1.000000,2.222222
587,BNC-844,know,modal,"On his orders the tapster broached a good cask of wine and brought across a bowl of water. Joachim cleaned my face, wiping dirt from the bruises whilst I greedily gulped the thick red claret.",Perhaps I should have known there was something wrong.,there was something wrong,DE,past,I,first,singular,modal,BNC,yes,1.222222222,1.394433378,1.75,1.164964745,"0, 1, 3, 3, 1, 3, 1, 2",entailment,8,0.875000,1.750000
588,BNC-85,find,conditional,He 'd gone. Philip had to get them back.,His Dad would kill him if he found that he 'd taken them.,Philip had taken them,,past,he,third,singular,conditional,BNC,yes,-0.222222222,1.986062548,2.777777778,0.440958552,"3, 3, 3, 2, 3, 3, 3, 2, 3",entailment,9,1.000000,2.777778
592,BNC-874,mean,modal,"There was no answer. Moving carefully, Benny stepped around the edges of the room, and opened the window shutters.",Her momentary horror at seeing the unmistakable form of General Etienne was only slightly dulled by the realization that the stiff posture he was in could only mean he was dead.,General Etienne was dead,AB,present,posture,third,singular,modal,BNC,no,0.272727273,1.190874392,2.875,0.353553391,"2, 3, 3, 3, 3, 3, 3, 3",entailment,8,1.000000,2.875000
603,BNC-899,notice,modal,"I didn't really like the way the other boys treated him. I was new at the school and still observing, still beginning friendships.",Perhaps Alec noticed that I did not ridicule him as the others did.,he did not ridicule Alec as the others did,EP,past,Alec,third,singular,modal,BNC,yes,1.454545455,1.752919642,2.777777778,0.440958552,"3, 3, 3, 3, 3, 3, 2, 3, 2",entailment,9,1.000000,2.777778
605,BNC-901,notice,modal,"It was as if they realised that she was not for the rough and tumble of this world, like the aggressive women with shaggy hair styles who pushed their way through life thrusting their hard shopping baskets at defenceless men. The man who had offered the seat had seen Ianthe as a tall fragile-looking woman in a pretty blue hat that matched her eyes.",He might also have noticed that her dark hair was touched with grey and that although she was not exactly smart there was a kind of elegance about her.,Ianthe's dark hair was touched with grey,EP,past,he,third,singular,modal,BNC,yes,-0.090909091,1.375103302,2,1.195228609,"1, 3, 3, 3, 2, 1, 3, 0",entailment,8,0.875000,2.000000
606,BNC-902,notice,modal,He was in Radio Times as a strip cartoon for eight years and his portrait has hung in the Royal Academy. This book is intended not only for present-day children but also for all who have ever enjoyed the Captain's adventures.,The story could have happened anywhere but some readers may notice that Sinkport closely resembles a well-known coastal town in East Sussex.,Sinkport closely resembles a well-known coastal town in East Sussex,AB,present,reader,third,plural,modal,BNC,yes,0.25,0.88640526,2.75,0.46291005,"3, 2, 3, 3, 3, 3, 2, 3",entailment,8,1.000000,2.750000
607,BNC-903,notice,modal,I had decided that I had to have a partial confidant at the school. One did not have to attend school meals with the boys over the week-end if one was off duty.,And the only master who might have noticed I had been away was Meli himself but as it happened he 'd been in Athens.,he had been away,EP,past,who,third,singular,modal,BNC,yes,1.1,1.523883927,2.375,0.916125381,"3, 3, 3, 3, 1, 3, 1, 2",entailment,8,1.000000,2.375000
608,BNC-904,notice,modal,And I was excited by my new importance. Proud and pleased to be playing opposite Frank Donovan who had once stood in for Hayden Coffin.,Occasionally perhaps I should notice that he was not the jovial easy-going character I remembered from my humble place in the chorus.,Frank Donovan was not the jovial easy-going character she remembered,DE,present,I,first,singular,modal,BNC,yes,-0.090909091,1.136181804,2,0.9258201,"1, 3, 2, 1, 1, 3, 3, 2",entailment,8,1.000000,2.000000
609,BNC-908,notice,modal,``And you're wrong about us. We're not children and I 'd say we're learning the rules pretty quickly.'',You may have noticed I'm not shaking any more!,he's not shaking any more,EP,past,you,second,unknown,modal,BNC,yes,1.090909091,1.044465936,3,0,"3, 3, 3, 3, 3, 3, 3, 3",entailment,8,1.000000,3.000000
611,BNC-917,pretend,modal,His flat was on the top floor. Underneath was a dentist and on the ground floor an estate agent.,They had arranged between themselves that if by chance Miriam was seen entering the house by day she could always pretend she was visiting the dentist.,Miriam was visiting the dentist,AB,future,she,third,singular,modal,BNC,no,0.363636364,1.566698904,-2.888888889,0.333333333,"-3, -3, -3, -3, -3, -2, -3, -3, -3",contradiction,9,1.000000,-2.888889
612,BNC-92,find,conditional,That's why he's locked up. I don't want him to know we 've got divers aboard and I especially don't want him to see me taking off with divers in the general direction of the Delos.,If we find that there was no spare tank we shall have to keep an even closer eye on him.,there was no spare tank,,future,we,first,plural,conditional,BNC,yes,-0.181818182,1.167748416,0.125,0.353553391,"0, 0, 0, 1, 0, 0, 0, 0",neutral,8,0.875000,0.125000
615,BNC-939,realize,modal,"When he was there we were Bonnie and Clyde, now he was gone we were Blondie and Dagwood. Or rather, now he was gone, I was Dennis.",If I 'd been smarter or less vain I might have realized that this meant that my former role was now vacant.,this meant her former role was now vacant,EP,past,I,first,singular,modal,BNC,yes,1,0.9258201,2.444444444,0.726483157,"2, 1, 2, 3, 2, 3, 3, 3, 3",entailment,9,1.000000,2.444444
616,BNC-94,find,conditional,"Nothing yet. Except that I will not detain you in prison or expel you from Scotland, on one condition.",You will tell me if you find it was murder and give me the name of the murderer.,it was murder,,future,you,second,unknown,conditional,BNC,yes,0,1.309307341,-0.125,0.353553391,"0, 0, 0, 0, -1, 0, 0, 0",neutral,8,0.875000,-0.125000
618,BNC-946,remember,modal,"``Give me more time,'' replies Rufus. But he knows this is part of the game.",He probably remembers I don't have a car.,he doesn't have a car,EP,present,he,third,singular,modal,BNC,yes,0,0,2.444444444,1.013793755,"0, 3, 2, 3, 2, 3, 3, 3, 3",entailment,9,0.888889,2.444444
619,BNC-947,remember,modal,"For a while the notion gripped him, and he prowled the many floors of Hamleys looking for toys. He bought a magic set for Sebastian (although his ideal present for the kid would have been a brand-new name) and a marionette for Louise.",He could remember that there was an age for puppets and magic just as he could remember the time that he 'd spent trying to fan a deck of cards or sitting in front of a mirror trying to get the hard consonants down like a real ventriloquist.,there was an age for puppets and magic,AB,present,he,third,singular,modal,BNC,yes,1.363636364,1.026910636,2.333333333,0.707106781,"2, 3, 3, 3, 2, 1, 2, 3, 2",entailment,9,1.000000,2.333333
620,BNC-954,remember,modal,"I spent just over an hour with Patterson which, I found out later, turned out to be another first. Time is money in the City and few people are worth an hour unless it's over lunch and only then if you're involved in a takeover bid.",It was also I learned one of the few occasions anyone at PKB could remember that Patterson had a meeting with his door shut and nobody got fired.,Patterson had a meeting with his door shut and nobody got fired,AB,present,anyone,third,singular,modal,BNC,yes,0.090909091,1.578261414,2.5,0.755928946,"3, 3, 2, 3, 1, 3, 3, 2",entailment,8,1.000000,2.500000
621,BNC-957,remember,modal,"She would shake her head and deftly speak of other matters, though never about her father's past. Now, I knew some French.",You may remember I spent some time in Paris - not the most pleasant of times freezing in the snow chased by wolves and being half-hanged at Montfaucon.,he spent some time in Paris,EP,present,you,second,unknown,modal,BNC,yes,0.9,1.595131482,3,0,"3, 3, 3, 3, 3, 3, 3, 3",entailment,8,1.000000,3.000000
622,BNC-963,say,modal,"The Deputy Under Secretary could talk of his host's prospects and disappointments, he could learn of the problems of digging out foreign exchange and hard currency in the Third World, the tribulations over the renewal of Residence Permits, the difficulties of keeping reliable servants, but of his own world he must remain silent. The Deputy Under Secretary headed the Secret Intelligence Service of the United Kingdom, and that was not a subject matter for gossip and conversation on a bougainvillaea-fringed veranda as the lights of the fishermen's dug-outs floated inside the coral reef... No bloody way.",He was a man who could be honest with himself and in honesty he could say that he was both pleased and relieved to be back at his desk on a grey Monday morning in London.,the Deputy Under Secretary was both pleased and relieved to be back at his desk on a grey Monday morning in London,AB,present,he,third,singular,modal,BNC,no,-0.25,1.669045921,2.777777778,0.440958552,"3, 3, 3, 2, 3, 3, 3, 2, 3",entailment,9,1.000000,2.777778
623,BNC-967,say,modal,I WAS really only a bystander in the tragedy of young Mr and Mrs McLeod.,It was not really my business although it could be said that I had known them both - had seen them about - for most of their lives.,she had known Mr. and Mrs. McLeod for most of their lives,AB,present,it,third,singular,modal,BNC,no,-1,1.603567451,2.25,1.164964745,"3, 1, 3, 3, 3, 3, 2, 0",entailment,8,0.875000,2.250000
628,BNC-979,say,modal,"Then they would awake, terrified and sweating, to find themselves in white starched linen, in a comfortable bed, in peaceful England. And all would be well.",It may be said that although he survived it the siege nevertheless had a bad effect on the Collector.,the siege nevertheless had a bad effect on the Collector,CI,present,it,third,singular,modal,BNC,no,-0.090909091,1.300349603,2.5,0.971825316,"3, 3, 3, 3, 3, 2, 0, 3, 3, 2",entailment,10,0.900000,2.500000
629,BNC-980,say,modal,Paula could not help herself. It was just the way she was.,Others might say they hated her and mean it.,others hated Paula,EP,present,others,third,plural,modal,BNC,no,0.625,1.187734939,1.3,1.059349905,"2, 1, 0, 0, 1, 1, 1, 3, 3, 1",entailment,10,0.800000,1.300000
636,SWBD-101,think,negation,A: How do you feel about gun control? B:,"Well, uh, I mean I don't think that guns should be outlawed",guns should be outlawed,,present,I,first,singular,negation,SWBD,no,NA,NA,-2.333333333,0.707106781,"-2, -3, -2, -1, -2, -3, -3, -2, -3",contradiction,9,1.000000,-2.333333
637,SWBD-102,know,negation,"A: Okay. So Frank, what, uh, type of, uh, budget do you or your family have? B:","Well, uh I don't know that we really have a budget.",he and his family really have a budget,,present,I,first,singular,negation,SWBD,yes,NA,NA,-1.818181818,0.981649817,"-3, -1, 0, -1, -2, -2, -3, -2, -2, -3, -1",contradiction,11,0.909091,-1.818182
638,SWBD-103,believe,negation,"B: I don't know how my parents did it. A: Yeah. B: I mean, there were five of us and I don't recall, you know, wanting anything in particular. Uh, but I don't know how my father did it. He worked at a truck line and he just didn't make that kind of money with five children. But we did okay. We had a house and a home and, but now, my wife and I both work",and I don't believe we have as much as my parents did.,he and his wife have as much as his parents did,,present,I,first,singular,negation,SWBD,no,NA,NA,-2.444444444,0.726483157,"-2, -3, -3, -1, -2, -3, -3, -2, -3",contradiction,9,1.000000,-2.444444
639,SWBD-104,know,negation,"B: I think they should be randomly drug tested. A: Yeah. B: I believe, full force in that. A: Yeah. B:",I don't know that I believe every secretary in every company needs to be.,he believes every secretary in every company needs to be drug tested,,present,I,first,singular,negation,SWBD,yes,NA,NA,-1.6,1.776388346,"-2, 3, -2, -1, -3, -2, -3, -1, -3, -2",contradiction,10,0.900000,-1.600000
640,SWBD-105,think,negation,"A: Well, how do you feel about the immigration laws? B: At, currently, I think they are a little restrictive. Uh, particularly for, uh, certain ethnic groups or from certain countries. Um, I think we should permit, uh, more immigration from eastern Europe, for example, uh, particularly uh, the Jewish, uh, uh, people from Russia. I think we could permit more of them in than we have permitted in the last, uh, several years. And, I think we have, uh, uh, too much restriction uh, on the Orientals also, but, of course, that's just my opinion. A: Yeah,","well, I'm not real sure why I got this topic, because I don't think I checked it off on the list because I know very little about the current immigration laws.",he checked the topic off on the list,,present,I,first,singular,negation,SWBD,no,NA,NA,-1.3,1.636391694,"-3, -1, -2, -2, -2, -1, -2, 3, -1, -2",contradiction,10,0.900000,-1.300000
642,SWBD-107,know,negation,"B: boy, he's a big one. A: he's pretty big. That's why it really surprises me, you know, that he hasn't come back, because, like I said, he's never gone away like this before, and, I would think, you know, I mean, he might could get hurt by a car or something.",I don't know that he could really get killed that easily because he is so big.,he could really get killed that easily,,present,I,first,singular,negation,SWBD,yes,NA,NA,-1.625,0.916125381,"-2, -2, -1, -3, -2, 0, -2, -1",contradiction,8,0.875000,-1.625000
644,SWBD-109,think,negation,"B: I really never had anything major with my Mazda but it was a standard also and the clutch went out on it toward the end, I had it five years and the last two years it seemed to go out really easily. I think it went out twice in two years and that's a lot it shouldn't go out that much. A: Huh-uh. B: And so I went ahead and bought another standard when I bought the Honda",but I don't think I'm going to do that again.,he is going to buy a standard again,,present,I,first,singular,negation,SWBD,no,NA,NA,-1.7,1.766981104,"-3, -3, -3, -2, -2, 3, -2, -2, -1, -2",contradiction,10,0.900000,-1.700000
647,SWBD-111,think,negation,"A: But, uh, my only complaint is I really don't enough time to look at the articles every day and go through a paper, you know, exhaust the details. So that's why I concentrate on weekly magazines. B: Do you think that the weekly magazines provide you with as much detail information as you'd like? A: Well, yes.",I don't think I have the time to really become a student in every article.,he has the time to really become a student in every article,,present,I,first,singular,negation,SWBD,no,NA,NA,-1.9,1.286683938,"-2, -1, -3, -3, -2, 1, -3, -2, -1, -3",contradiction,10,0.900000,-1.900000
649,SWBD-113,think,negation,"A: Not that they won't appoint them but there is no budget for them, I guess. and the courthouse that goes with them and the bailiffs and the uh, court clerks. B: Huh.  Yeah. Whatever. A: So it seems, uh, no,",I do not think I would change it.,he would change it,,present,I,first,singular,negation,SWBD,no,NA,NA,-1.375,1.060660172,"-2, -2, -1, 1, -2, -1, -2, -2",contradiction,8,0.875000,-1.375000
650,SWBD-114,know,negation,"B: it's just a great cat, but. A: Well, my personal preference is a dog.","Uh, I don't know uh, that I would ever want a cat.",he would want a cat,,present,I,first,singular,negation,SWBD,yes,NA,NA,-2,0.755928946,"-2, -3, -2, -2, -1, -2, -1, -3",contradiction,8,1.000000,-2.000000
651,SWBD-115,think,negation,"A: and then once they do get elected, they don't have the power or the authority or the willingness to do those things that they promised, you know, beforehand. B: Right. A: You know, maybe it just wasn't possible at all in the first place, you know, like the no new taxes thing. You know, that's, uh, with the economy going the way it is and everything, that was nearly ridiculous thing to, even try to do. B: Yeah.  Yeah.","Well, I don't think he's going to have to worry about that next year.",he's going to have to worry about that next year,,present,I,first,singular,negation,SWBD,no,NA,NA,-2.375,0.51754917,"-2, -2, -3, -3, -2, -3, -2, -2",contradiction,8,1.000000,-2.375000
652,SWBD-116,realize,negation,"A: Oh, oh yeah, and every time you see one hit on the side of the road you say is that my cat. B: Uh-huh. A: And you go crazy thinking it might be yours. B: Right,",well I didn't realize my husband was such a sucker for animals until I brought one home one night.,her husband was such a sucker for animals,,past,I,first,singular,negation,SWBD,yes,NA,NA,2.222222222,1.6414763,"2, 3, 3, 3, 2, 3, -2, 3, 3",entailment,9,0.888889,2.222222
653,SWBD-117,see,negation,"B: until they're older and then they look back. A: Yeah, it's true, um. what are some other questions they have, I'm not sure. I know my parents are growing up, I guess they never spent much time watching TV.","In fact, I've never seen my mom turn on the TV,",his mom would turn on the TV,,past,I,first,singular,negation,SWBD,yes,NA,NA,-2.75,0.46291005,"-2, -3, -3, -3, -3, -2, -3, -3",contradiction,8,1.000000,-2.750000
657,SWBD-120,think,negation,"B: And I don't think that rehabilitation is effective. A: Right. Have to agree with you, and I'm kind of in favor of capital punishment also.","I just don't think that it acts much as a deterrent to these people because, uh, you still see them committing the same crimes,",it acts much as a deterrent to these people,,present,I,first,singular,negation,SWBD,no,NA,NA,-2,0.534522484,"-2, -2, -3, -2, -2, -2, -2, -1",contradiction,8,1.000000,-2.000000
658,SWBD-121,see,negation,"B: Uh-huh. Yeah, I don't think switching back and forth is that big a deal. I think people need to understand more like what a meter is, instead of how many feet in a meter or something. Just get used to using all the terms. Because someone says a kilogram, no one knows what that is. A: Everyone wants a conversion of that before kind of recognizing it as a concept to hold in mind. B: Yeah. A:","Uh, I don't see that, it can change it very quickly.",it can change it very quickly,,present,I,first,singular,negation,SWBD,yes,NA,NA,1.6,2.011080417,"2, 3, 1, 3, 3, -2, 3, 2, 3, -2",entailment,10,0.800000,1.600000
659,SWBD-122,believe,negation,"A: so you hear so much, you get a little tired of it, but then again, so many people you got to understand only catch it once a day, maybe B: Yep. A: but I think the quality of uh, our news is just, uh,",I don't believe it could be better,it could be better,,present,I,first,singular,negation,SWBD,no,NA,NA,-2,0.471404521,"-2, -2, -1, -2, -2, -2, -2, -3, -2, -2",contradiction,10,1.000000,-2.000000
660,SWBD-123,think,negation,"A: I've never heard that one, that's very nice. Oh, so I'm all for the metric system and converting over and I think, I guess, my feeling is the way to do it is to just start giving weights, you know, have a very brief transition period and then just start giving weights and kilometers, er, just as in kilometers and weights and kilograms and everything like that and, uh, just have people start using it rather than having people constantly trying to convert. Remember me getting a package of something that said one pound, this is a package of dates mind you, was, presumably something you weigh fairly precisely, it said one pound and then in parenthesis it said four hundred fifty-four point six grams. B: Right, right. A: And, as near as I could tell, seeing that was basically anti-metric propaganda cause anyone who would say, well look I can either buy a pound of something at four hundred sixty-four point six grams which, of course, they couldn't weigh it out accurately anyway, um, every time I see something like that I think, well, that's an anti-metric argument. B: Yeah.","Well, uh, I don't think it could ever happen with a quick transition.",it could happen with a quick transition,,present,I,first,singular,negation,SWBD,no,NA,NA,-2.454545455,0.687551651,"-3, -1, -2, -3, -2, -2, -2, -3, -3, -3, -3",contradiction,11,1.000000,-2.454545
661,SWBD-124,think,negation,"A: Okay, looks like we're ready to go. Capital punishment, uh, the problem I have with capital punishment is that, uh, uh, it's supposed to be a deterrent to crime, but I don't think that it really actually does that.","I don't think it deters anybody, because most of the time crimes uh, are committed without any thought to the consequences",it deters somebody,,present,I,first,singular,negation,SWBD,no,NA,NA,-2.2,0.918936583,"0, -2, -3, -3, -2, -2, -2, -3, -3, -2",contradiction,10,0.900000,-2.200000
663,SWBD-126,know,negation,"A: and I'm just like, well, uh, I'm not even going to think much about it if you're going to treat me with this much respect even before you've gotten to know me. B: Yeah.  Right.  Right. that's basically my opinion on it, right there, is that it's just, you know, I was in the same sort of situation as, it was a job interview and then you had a physical, where you were drug tested, and it's, I just, and I know people who have been drug tested and who have not, you know, been hired by a corporation which, uh, you know, I really. The other side of it is, besides its being an invasion of personal privacy, it's my bodily fluid and I don't really want you to look at it, or something pretty basic like that, A: Uh-huh. B:",just to the fact that I don't know that it is a company's business to regulate what its employees are doing when they're not at work.,it is a company's business to regulate what its employees are doing when they're not at work,,present,I,first,singular,negation,SWBD,yes,NA,NA,-1.416666667,1.729862492,"3, -1, -1, -1, -3, -3, -2, -1, -3, -2, 0, -3",contradiction,12,0.833333,-1.416667
664,SWBD-127,think,negation,"B: And I've worked in the hospital for fifteen years and I've taken care of a few AIDS patients. A: Uh-huh. B: Uh, when they asked us did we want to, uh, keep it the same or, uh, spend more, spend less, uh, I think right now what they're spending is adequate. Uh, for my personal opinion. Uh, because I think it's something that's going to take them a while to come up with a, uh, vaccine for. A: Yeah.  Uh-huh.  Uh-huh. B:",I don't think it's going to be that easy to come up with,it is going to be that easy to come up with,,present,I,first,singular,negation,SWBD,no,NA,NA,-2.2,0.632455532,"-2, -2, -3, -1, -2, -2, -2, -3, -3, -2",contradiction,10,1.000000,-2.200000
665,SWBD-128,see,negation,"A: I'll let you go first. B: Oh, well, what's there to say? Doesn't seem like it's being carried out very well in my opinion.",Seems like it takes so long between conviction and carrying out the penalty that I don't see that it makes any difference to sentence anybody.,it makes any difference to sentence someone,,present,I,first,singular,negation,SWBD,yes,NA,NA,-2.125,0.640869944,"-2, -3, -3, -1, -2, -2, -2, -2",contradiction,8,1.000000,-2.125000
667,SWBD-13,figure,conditional,"A: Yeah, they did. They put a lot of pressure on him from the outside and from the inside. Uh, it's funny watching them play, he's probably like a lot of quarterbacks, uh, when the pressure is really on when it's down to the last few minutes of the game for the season is when the guys seem to really do their best. B: Uh-huh. A: And I haven't quite figured that out,","if they figure they have got it won or if there's no real hurry because the first three quarters or, uh, uh, if something happens that that adrenalin starts flowing.",they have got it won,,present,they,third,plural,conditional,SWBD,no,NA,NA,-0.125,0.353553391,"-1, 0, 0, 0, 0, 0, 0, 0",neutral,8,0.875000,-0.125000
669,SWBD-131,think,negation,"A: Okay, looks like we're ready to go. Capital punishment, uh, the problem I have with capital punishment is that, uh, uh, it's supposed to be a deterrent to crime,",but I don't think that it really actually does that.,it really actually does that,,present,I,first,singular,negation,SWBD,no,NA,NA,-1.9,0.875595036,"-2, -2, -3, -2, -2, -3, -2, -2, -1, 0",contradiction,10,0.900000,-1.900000
671,SWBD-133,think,negation,"A: Uh, well then you must know a lot more about this than I do. B: Uh, I think, uh, the system right now, you know, you know, is fine. I think it should be by a jury. I don't think the judge should have, I mean he's just there kind of like the referee. A: Uh-huh, Uh-huh. B:","Uh, I don't even think that it should be unanimous either. Uh,",it should be unanimous,,present,I,first,singular,negation,SWBD,no,NA,NA,-1.6,0.966091783,"-2, -1, -2, -3, -2, 0, -2, -2, 0, -2",contradiction,10,0.800000,-1.600000
672,SWBD-134,think,negation,"B: Uh-huh. It, I mean, I don't know, I don't think George Bush will make the American people happy with ninety-seven cents a week. A: No, no, not at all. B:",I just don't think it was a well thought out incentive.,it was a well thought out incentive,,present,I,first,singular,negation,SWBD,no,NA,NA,-2,0.755928946,"-2, -2, -2, -1, -1, -3, -3, -2",contradiction,8,1.000000,-2.000000
673,SWBD-135,think,negation,"B: How about Ghost? A: we saw, an, we liked it","but, you know, I didn't think it was as good as all the, uh, hype was about it.",it was as good as all the hype was about it,,past,I,first,singular,negation,SWBD,no,NA,NA,-2,0.707106781,"-2, -1, -2, -2, -3, -3, -1, -2, -2",contradiction,9,1.000000,-2.000000
676,SWBD-138,think,negation,"B: but I found that, uh, it was made of some material which actually ended up rusting uh, after, A: Oh. B: even, despite, you know, diligent washing, it got rusty after about, uh, three weeks of use.","And I don't think it was my fault because you know, I had made a point of like drying it off and cleaning it",it was his fault,,present,I,first,singular,negation,SWBD,no,NA,NA,-1.777777778,0.833333333,"-2, -1, -3, -1, -2, -1, -2, -3, -1",contradiction,9,1.000000,-1.777778
679,SWBD-140,think,negation,"A: and if they weren't spending all the money on drug testing, people could have got a raise. So, see, you know, there's different, I think that's more of a personal view of mine other than a yes, sir, we should have drug testing because there's really a problem B: Uh-huh. A: and I know that. But then, I have other views to it. B:",I didn't think it was that expensive because my son was in probably a week and a half period,it was that expensive,,past,I,first,singular,negation,SWBD,no,NA,NA,-1.583333333,0.900336637,"-2, -2, -1, -2, -2, -2, -2, -3, -1, -2, 0, 0",contradiction,12,0.833333,-1.583333
680,SWBD-141,notice,negation,"A: and that rolling kind of, uh, B: Terrain. A: Yeah. is fairly famili-,. The thing that I thought was interesting was that the critics, apparently it's going to win everything. B: Really? A:","Uh, and I had been told, you know, you wouldn't notice that it was three hours long, and all this, kind of,",it was three hours long,,past,you,second,unknown,negation,SWBD,yes,NA,NA,1.666666667,1.322875656,"3, -1, 2, 2, 3, 1, 1, 1, 3",entailment,9,0.888889,1.666667
681,SWBD-142,think,negation,"B: I did, too. A: I mean, it was just more for my money. B: Yeah.",I didn't think it was too long at all.,it was too long,,past,I,first,singular,negation,SWBD,no,NA,NA,-2.111111111,1.615893286,"-3, -3, -2, -3, -2, -3, 2, -3, -2",contradiction,9,0.888889,-2.111111
682,SWBD-143,think,negation,"B: That's true. A: So. B: Uh, the other argument is that the death penalty is a deterrent and I really don't, uh, agree with that. I don't think anyone who would commit uh, a crime that would get them the death penalty would stop at the moment and say, well, I was about to kill and dismember this person but, oh, if they catch me they're going to kill me so I better not do it.","I just, don't think uh, that it works that way.",it works that way,,present,I,first,singular,negation,SWBD,no,NA,NA,-1.375,1.597989809,"-1, -1, -3, 2, -1, -2, -3, -2",contradiction,8,0.875000,-1.375000
684,SWBD-145,think,negation,"A: I don't think it's done. I don't think we run it as a deterrent. I mean people say that, but, I mean, if it was really a deterrent, I mean I think like horse thieves in the old west, you know, they saw other horse thieves hanging by the necks every once in a while. B: Uh-huh. A: And if it was really seriously going to be a deterrent, I would think that it would be public.",I mean I don't think it would be this private thing because nobody ever sees it.,it would be this private thing,,present,I,first,singular,negation,SWBD,no,NA,NA,-1.555555556,1.424000624,"-1, 2, -2, -2, -2, -2, -2, -2, -3",contradiction,9,0.888889,-1.555556
685,SWBD-146,think,negation,"B: but, you know, for other kind of cans, it'd probably only take aluminum cans like that, don't they. A: Yeah, I don't, yeah,","I don't think it would crush steel cans,",it would crush steel cans,,present,I,first,singular,negation,SWBD,no,NA,NA,-2.2,0.632455532,"-2, -2, -3, -3, -2, -2, -2, -2, -3, -1",contradiction,10,1.000000,-2.200000
687,SWBD-148,occur,negation,"B: That throws the budget out of whack real fast. A: Well, we actually planned for about one year. B: Oh, good. A:","Uh, that God because,, it never occurred to us that it would take seven months.",it would take seven months,,past,it,third,singular,negation,SWBD,no,NA,NA,-1.5,0.9258201,"-2, -1, -3, -1, -2, 0, -2, -1",contradiction,8,0.875000,-1.500000
688,SWBD-149,think,negation,"B: yeah, obviously we don't have any and I think that's part of the role reversal, is it's okay to get married and not have kids. A: Oh yeah. B: And I think society for such a long time said, well, you know, you're married, now you need to have your family",and I don't think it's been until recently that they had decided that two people was a family.,it's been until recently that they had decided that two people was a family,,present,I,first,singular,negation,SWBD,no,NA,NA,1.25,1.832250763,"2, -3, 2, 3, 2, 2, 1, 1",entailment,8,0.875000,1.250000
690,SWBD-150,think,negation,"B: That's true. A: So. B: Uh, the other argument is that the death penalty is a deterrent and I really don't, uh, agree with that. I don't think anyone who would commit uh, a crime that would get them the death penalty would stop at the moment and say, well, I was about to kill and dismember this person but, oh, if they catch me they're going to kill me so I better not do it. I just, don't think uh, that it works that way. A: Yeah. ",I don't think it's done.,it's done,,present,I,first,singular,negation,SWBD,no,NA,NA,-1.818181818,1.328019715,"-2, -2, 2, -2, -3, -2, -2, -2, -2, -3, -2",contradiction,11,0.909091,-1.818182
692,SWBD-152,think,negation,"A: No, I don't either. B: Uh, I mean it's, you know it, A:",I don't think it's going to change very much,it's going to change very much,,present,I,first,singular,negation,SWBD,no,NA,NA,-2.090909091,0.301511345,"-2, -2, -2, -2, -2, -2, -2, -3, -2, -2, -2",contradiction,11,1.000000,-2.090909
693,SWBD-153,think,negation,"B: But, uh, if the wind comes basically from the south it can be really bad. A: Uh-huh. B: Uh, the State of Wisconsin, as a matter of fact, uh, started some litigation against Illinois because of the air pollution we were getting. A: Uh-huh. B:","Uh, I don't think it's going to go very far,",it's going to go very far,,present,I,first,singular,negation,SWBD,no,NA,NA,-2.125,0.83452296,"-1, -1, -2, -3, -3, -3, -2, -2",contradiction,8,1.000000,-2.125000
694,SWBD-154,think,negation,"A: I suppose so. Let me push the button. B: All right. A: Okay, uh, I guess I'm supposed to be all for switching to the metric system, but, uh, I sense that it's not going to happen anytime soon. B: Yeah,","I don't think it's going to happen either,",it's going to happen,,present,I,first,singular,negation,SWBD,no,NA,NA,-2.4,0.516397779,"-2, -2, -3, -2, -3, -2, -2, -2, -3, -3",contradiction,10,1.000000,-2.400000
695,SWBD-155,seem,negation,"A: for the moment, and that's what really is getting me about what George Bush's stand on the budget is right now is that he is saying, I am going to give you this ludicrous little tax cut so that you'll be happy come November, and you'll elect me again B: Uh-huh.  Uh-huh. A: and then I'm going to go on and just forget everything that I said B: Uh-huh. A:","or you know, it doesn't seem that it's going to make much of a difference.",it's going to make much of a difference,,present,it,third,singular,negation,SWBD,no,NA,NA,-1.363636364,1.80403588,"-2, -2, -2, -2, -3, -2, -1, 3, -2, 1, -3",contradiction,11,0.818182,-1.363636
696,SWBD-156,think,negation,"B: Yeah. Well, that's the guy that counts. A: Yes. But, maybe we'll get your guy. B:","Oh, I don't think Jim Kelly is about to be swayed away from the Bills any time.",Jim Kelly is about to be swayed away from the Bills any time,,present,I,first,singular,negation,SWBD,no,NA,NA,-2.375,0.51754917,"-2, -2, -3, -2, -2, -3, -3, -2",contradiction,8,1.000000,-2.375000
698,SWBD-158,think,negation,"B: Well, that's true. A: I think that's really the only thing. I guess where I would like to see the system change is, uh, uh, there ought to be a","well I guess I don't think that, uh, uh, juries need to decide sentencing all the time.",juries need to decide sentencing all the time,,present,I,first,singular,negation,SWBD,no,NA,NA,-1.583333333,1.56427929,"-1, 2, -2, -2, -2, -3, -2, 1, -2, -3, -3, -2",contradiction,12,0.833333,-1.583333
699,SWBD-159,think,negation,"A: Yeah, but that, doesn't mean, B: But that doesn't eliminate it, does it? A:",I don't think making laws will stop it.,making laws will stop it,,present,I,first,singular,negation,SWBD,no,NA,NA,-2.272727273,0.646669791,"-3, -2, -3, -3, -3, -2, -1, -2, -2, -2, -2",contradiction,11,1.000000,-2.272727
701,SWBD-160,think,negation,"A: Oh, I can't either, not a one. B: And I know at least in the medical field, it seems like they've come out with a lot further advances as far as female medications and things since women have gotten into the doctor field. A: Uh-huh. B:",I don't think that men really took the time to work on that sort of thing.,men really took the time to work on that sort of thing,,present,I,first,singular,negation,SWBD,no,NA,NA,-2.444444444,0.527046277,"-2, -2, -3, -3, -2, -2, -2, -3, -3",contradiction,9,1.000000,-2.444444
702,SWBD-161,think,negation,"B: Yeah. How about Mister Rogers, is he still around? A: Yes. Yeah. They still show Mister Rogers.","I don't think he's making new ones,",Mister Rogers is making new Mister Rogers,,present,I,first,singular,negation,SWBD,no,NA,NA,-2.111111111,0.78173596,"-2, -1, -1, -3, -3, -2, -2, -3, -2",contradiction,9,1.000000,-2.111111
703,SWBD-162,think,negation,"A: What do you think about Robin Hood? B: Well, I work for school district and, uh, it has hurt us a lot. Uh, there has to be some way, I think, to equalize education opportunities. But, uh, you know, I think, especially big government, tends to think that the solution to everything is to throw money at it. And I don't, you know, that's just not true.","you know, I don't think money is going to take the place of intelligence or, uh, problem solving skills.",money is going to take the place of intelligence,,present,I,first,singular,negation,SWBD,no,NA,NA,-2.5,0.534522484,"-3, -3, -2, -2, -3, -3, -2, -2",contradiction,8,1.000000,-2.500000
704,SWBD-163,think,negation,"B: like the customer is always right and you know, no matter how crabby you might be over the phone, they are very understanding and, uh, they ma- make sure things are set properly if you're any way dissatisfied with their merchandise. A: That's really good. It use to be like that. B: Uh-huh. A: But, ",I don't think most places are like that anymore.,most places are like that anymore,,present,I,first,singular,negation,SWBD,no,NA,NA,-1.8,1.475729575,"2, -3, -2, -2, -2, -2, -1, -3, -2, -3",contradiction,10,0.900000,-1.800000
706,SWBD-165,think,negation,"B: and I'm just here for the rest of the stay. And so you know, I guess most of the time when I think about somebody going into a nursing home, it's more a case of where they are not able to look after their day-to-day needs. Yeah A: Uh-huh. B: they can look after a lot of things but there's some of the day-to-day needs that they just are not able to deal with physically anymore. Uh, I know none of my grandparents were in a nursing home. They generally were able to have someone care for them at home and they died. But they were all, goodness, younger than your grandparents. Like they were in their eighties. That type of thing. Uh, but I did, uh, you know, I guess, uh, when I think nursing home I do think of people that are not able to take care of themselves physically. Uh, A:",But I just don't think that nursing homes really do a very good job.,nursing homes really do a very good job,,present,I,first,singular,negation,SWBD,no,NA,NA,-2.125,0.640869944,"-3, -3, -2, -2, -2, -2, -2, -1",contradiction,8,1.000000,-2.125000
707,SWBD-166,realize,negation,"B: Yeah, and the ground will filter some of it but not all of it. A: No, not when you figure,",I didn't realize one cow produces that much manure,one cow produces that much manure,,past,I,first,singular,negation,SWBD,yes,NA,NA,1.25,0.707106781,"2, 1, 1, 2, 2, 0, 1, 1",entailment,8,0.875000,1.250000
708,SWBD-167,think,negation,"A: Uh, at, uh, it's TCJC. Tarrant County Junior College. B: Oh. A: Yeah. B: Okay. A: And it's really enjoyable. I like it. And then they also, you know, do you think we could make laws to eliminate all corruption,",and I don't think we can make laws to eliminate anything anyplace totally.,people can make laws to eliminate something every place totally,,present,I,first,singular,negation,SWBD,no,NA,NA,-2.083333333,0.514928651,"-2, -3, -2, -2, -2, -2, -2, -2, -2, -1, -3, -2",contradiction,12,1.000000,-2.083333
709,SWBD-168,believe,negation,"A: Yeah, that's crazy. B: and then you come here in the Dallas area, um,",I don't believe that people should be allowed to carry guns in their vehicles.,people should be allowed to carry guns in their vehicles,,present,I,first,singular,negation,SWBD,no,NA,NA,-2.636363636,0.504524979,"-2, -3, -2, -3, -3, -3, -3, -3, -2, -3, -2",contradiction,11,1.000000,-2.636364
711,SWBD-170,think,negation,"B: but if they get the little tiny kids saving it now, in five years, when they get bigger, it'll work a little bit more, too. A: Yeah.  True. B: Because it's, we've all got to do it right now. I just, I really amazed to find out that, eighty per cent are filled now, in garbage fills. In five years we're supposed to be at max. A: Uh-huh. B:",I don't think I can keep my own garbage.,she can keep her own garbage,,present,I,first,singular,negation,SWBD,no,NA,NA,-2.2,0.788810638,"-2, -1, -1, -2, -2, -2, -3, -3, -3, -3",contradiction,10,1.000000,-2.200000
712,SWBD-171,think,negation,"A: Yeah. Koontz. Uh, his last name ends in a Z, I know that. B: Yeah, oh, I think I know who you're talking about. Uh, I've seen,","I don't think I can pronounce it either,",she can pronounce it,,present,I,first,singular,negation,SWBD,no,NA,NA,-2.1,0.737864787,"-2, -2, -2, -1, -3, -1, -2, -3, -3, -2",contradiction,10,1.000000,-2.100000
713,SWBD-172,think,negation,"A: Is, uh, kind of fun. It's best done when you have leisure time and I had more of that in my childhood days than I have now. And I grew up in an area that, uh, was just a few feet from a rather large lake, and a few more miles from that was a even larger lake and we had a variety of boats at our disposal. Uh, I worked for a camp for a number of years. My father was on staff there, and we had every kind of things from canoes to paddle boats, sailboats, speedboats, you name it, they had it and we did a lot of, water sports. But I think, uh, the thing I liked the best was, uh, we spent about a summer couple of guys, uh, restored an old wooden boat that was built back in the mid-thirties and got a new canvas sail for it and had a real big old four- foot center board that went down in the middle to keep you upright when the waves, or the wind came from the side and we got that thing in the water and had a real good time with it. If you ever got it dumped over, though, it was a mess to get back up. It wasn't like the newer ones that have nice chambers that keep it afloat or keep it, uh, upright again. This one you had to work with. You get out of the water again and get it upright. And, uh, sailing was kind of nice to learn the maneuvers you had to make to work your way down a lake or work back up against the wind, as it were, tacking back and forth and, uh, more than once we'd get out there on a really stormy day and, uh, the storm or the wind was due to the front blowing and as soon as the front came over, it was calm. So you're out in the middle of nowhere with a paddle and you paddle your way back in and hope it doesn't start raining on you right away. And that didn't always work. We oftentimes got wet,. But, uh, it's a nice hobby to have.","Nowadays I don't think I could afford the boat or the time,",he could afford the boat,,present,I,first,singular,negation,SWBD,no,NA,NA,-2.2,0.421637021,"-2, -3, -2, -3, -2, -2, -2, -2, -2, -2",contradiction,10,1.000000,-2.200000
714,SWBD-173,know,negation,"B: I think I've been trout fishing once. I've never fly fished. Have you fly fished? A: Uh, no I haven't.",I don't know that I could do that.,she could do that,,present,I,first,singular,negation,SWBD,yes,NA,NA,-1.888888889,1.166666667,"-3, -1, -2, -1, -1, -3, -3, -3, 0",contradiction,9,0.888889,-1.888889
715,SWBD-174,think,negation,"B: If you compare like the people that could have sent their kids to private schools and you know, the people that, uh, did send their kids to private schools. A: Yes. B: I think they compare you know, fairly well. A: Yeah. Yeah.","I mean, I honestly don't really think I could have, you know, done much better than I did in the school system I was in.",she could have done much better than she did in the school system she was in,,past,I,first,singular,negation,SWBD,no,NA,NA,-1.5,1.927248223,"-2, -2, -3, -1, -2, -3, 3, -2",contradiction,8,0.875000,-1.500000
716,SWBD-175,think,negation,"A: And, uh, I got to stay home with my kids, which I really wanted to do, but now I could not go back and do it. B: Yeah. A: I really couldn't,",I don't think I could stay home all the time and do nothing.,he could stay home all the time and do nothing,,present,I,first,singular,negation,SWBD,no,NA,NA,-2.454545455,0.934198733,"-3, -3, -3, -2, -3, -3, -2, -2, -3, 0, -3",contradiction,11,0.909091,-2.454545
717,SWBD-176,think,negation,"A: Yeah. Well, Do you have anything else to say? B: Well,  No, not too much more about credit cards. A: Okay.",I don't think I do either,she has more to say about credit cards,,present,I,first,singular,negation,SWBD,no,NA,NA,-2.125,0.640869944,"-3, -2, -2, -1, -2, -3, -2, -2",contradiction,8,1.000000,-2.125000
718,SWBD-177,think,negation,"B: Well that's true. You're right, you know, by the time you've finally got down to it, I was hoping I could remember where all those other things went. A: Well that's kind of the way I was, I tried to remember as I took stuff off where it went,",and I don't think I had too many nuts and bolts left over when I got it all put back together.,he had too many nuts and bolts left over,,present,I,first,singular,negation,SWBD,no,NA,NA,-1.375,1.505940617,"-2, -2, 2, -1, -1, -2, -2, -3",contradiction,8,0.875000,-1.375000
719,SWBD-178,think,negation,"A:  nanny, sort of? Uh-huh. Uh-huh. B: and you know, I could envision a society where that would happen and make an interesting, uh, uh, story or whatever. A: Yeah. B:",I don't think I have a philosophical problem with that.,she has a philosophical problem with that,,present,I,first,singular,negation,SWBD,no,NA,NA,-1.916666667,1.083624669,"-2, -3, -2, -3, 0, -3, -1, 0, -2, -2, -2, -3",contradiction,12,0.833333,-1.916667
721,SWBD-18,see,modal,"B: Yeah, hormones, but yeah, uh, steroids. But, I stay from that crap. A: Yeah, it's too dangerous. B:","Oh, I could just see hair would start growing out of my upper lip or something.",hair would start growing out of her upper lip,CI,future,I,first,singular,modal,SWBD,yes,NA,NA,1.333333333,0.707106781,"2, 1, 2, 1, 1, 2, 1, 0, 2",entailment,9,0.888889,1.333333
722,SWBD-180,think,negation,"B: That was kind of a funny movie with, uh, Richard Dreyfuss and Bill Murray. A: Uh-huh. B: That was fun. A: Golly,",I don't think that I've ever heard of that movie.,he has heard of that movie,,present,I,first,singular,negation,SWBD,no,NA,NA,-1.545454545,1.572490786,"-2, -3, -2, -2, -3, 2, -2, 1, -2, -2, -2",contradiction,11,0.818182,-1.545455
723,SWBD-181,think,negation,"A: when I started thinking about this, those are some of my favorite shows, McGyver, because it's only one person there, uh, you know, instead of a cast of people, B: Uh-huh. A: but he's always going out and inventing new things out of scrap, and grabbing what he can and, you know, pieces of baling wire and a few tires and all of a sudden he's got a hang glider and, B:",I don't think I've even heard of that show.,she has heard of that show,,present,I,first,singular,negation,SWBD,no,NA,NA,-2.2,1.032795559,"-3, -2, -2, -1, -3, -3, -2, 0, -3, -3",contradiction,10,0.900000,-2.200000
724,SWBD-182,think,negation,"B: uh, those Cowboys have increased their prices again this year. A: Oh yeah. B: But I didn't know,","I don't think I've heard anything on the Rangers,",he has heard something on the Rangers,,present,I,first,singular,negation,SWBD,no,NA,NA,-1.9,1.197219,"0, -2, -2, -2, -3, -3, -1, 0, -3, -3",contradiction,10,0.800000,-1.900000
726,SWBD-184,think,negation,"A: Um, I don't, I am only twenty-eight and I haven't had much experience with nursing homes. I have never visited any of them","and, uh, I don't think I've ever even been in one.",he has ever been in one,,present,I,first,singular,negation,SWBD,no,NA,NA,-1.5,1.511857892,"2, -2, -1, -2, -2, -2, -2, -3",contradiction,8,0.875000,-1.500000
727,SWBD-185,think,negation,"A: so it's nice to get away. It's just amazing, how much you miss. B: Yeah, it,  Yeah, it, yeah, it really is.","I mean, I don't think I ever see the Little Dipper,",she has seen the Little Dipper,,present,I,first,singular,negation,SWBD,no,NA,NA,-1.5,1.977142106,"-2, -2, 3, -3, -1, -3, 2, -3, -3, -2, -2, -2",contradiction,12,0.833333,-1.500000
728,SWBD-186,think,negation,"B: You never see them on nationally basketball. A: You know, that's true.",I don't think I've ever seen them nationally on basketball.,he has seen them nationally on basketball,,present,I,first,singular,negation,SWBD,no,NA,NA,-1.375,1.922609833,"-2, -3, -1, -2, -2, 3, -3, -1",contradiction,8,0.875000,-1.375000
730,SWBD-188,think,negation,"B: Yeah. It's, uh, I have modem night computer so I can log into the, uh, network at Georgia Tech and access my account through there, which can be useful. But, uh, yeah that and word processing is while I tend to, I mean, obviously, I do almost all of my report writing on my computer, uh, whether it's term papers or even some smaller homework assignments. A: Uh-huh. B: So it's I don't know, really become my mainstay I guess. I can't even remember,","actually I don't think I've ever used a typewriter in my life to do a report. Because my family, when I was growing up, we got a basic computer. TRS Eighty when they first came out.",he has used a typewriter to do a report,,present,I,first,singular,negation,SWBD,no,NA,NA,-2.333333333,0.5,"-2, -3, -2, -2, -2, -2, -3, -3, -2",contradiction,9,1.000000,-2.333333
731,SWBD-189,think,negation,"B: Well, I know I'm in the, you know, the only reason I asked about secondary schools or, you know, advanced education is because down here, you know, going to the University of Texas, the education I'm getting I think is kind of shoddy for a public school. A: Is it? B:","I don't think I'm getting what I should,",she is getting what she should,,present,I,first,singular,negation,SWBD,no,NA,NA,-1.636363636,1.026910636,"1, -1, -2, -2, -2, -2, -1, -2, -2, -2, -3",contradiction,11,0.909091,-1.636364
732,SWBD-19,say,modal,"A: I am right outside Baltimore. I am less than a mile from the Baltimore line. B: Um. A: And I go to a campus of the University of Maryland that is just, less than a mile from my house. So I'm actually in Baltimore, yeah,",you could say I'm in Baltimore.,he is in Baltimore,AB,present,you,second,unknown,modal,SWBD,no,NA,NA,2.545454545,0.687551651,"2, 3, 2, 3, 2, 3, 3, 3, 1, 3, 3",entailment,11,1.000000,2.545455
734,SWBD-191,think,negation,"A: Well, actually, uh, A:","I don't think I'm in the, uh, majority in Texas",she is in the majority in Texas,,present,I,first,singular,negation,SWBD,no,NA,NA,-2,0.942809042,"-2, 0, -2, -2, -2, -2, -3, -1, -3, -3",contradiction,10,0.900000,-2.000000
735,SWBD-192,think,negation,"A: Well, uh, uh, do you ever use the ATM machines? B: No, I never do. My husband does at work just to get cash out, but, uh, I take the checkbook so if I need cash, I just tell him and he gets it out",and I don't even think I know my number.,he knows his number,,present,I,first,singular,negation,SWBD,no,NA,NA,-2.1,0.737864787,"-2, -1, -2, -1, -2, -2, -3, -3, -2, -3",contradiction,10,1.000000,-2.100000
737,SWBD-194,think,negation,"A: And I don't think that's right. I think we should do what Europe does and include cultural activities in our school system. B: Oh, likewise. A:","I don't think I should have to pay for dancing lessons, gymnastics, piano.",he should have to pay for dancing lessons,,present,I,first,singular,negation,SWBD,no,NA,NA,-1.9,1.523883927,"-2, -3, -2, -1, -3, -2, -3, -2, 2, -3",contradiction,10,0.900000,-1.900000
738,SWBD-195,think,negation,"B: Now see I. A: I'm intrigued by it, but I'm not sure I want to go see it yet. B: Yeah,",I don't think I want to see that either.,she wants to see that,,present,I,first,singular,negation,SWBD,no,NA,NA,-1.5,0.9258201,"-3, -2, 0, -1, -1, -2, -2, -1",contradiction,8,0.875000,-1.500000
739,SWBD-196,think,negation,"A: I'm like, I'll get a job some day and my boss will pay for it, I'll be needed. B: Yeah. A: Because, um, I didn't want to go do it myself",because I didn't think I was really going to use it.,he was really going to use it,,past,I,first,singular,negation,SWBD,no,NA,NA,-2,0.755928946,"-2, -1, -2, -1, -2, -2, -3, -3",contradiction,8,1.000000,-2.000000
740,SWBD-197,think,negation,"A: Do you go to museums in Europe? B: Uh, actually, no,",I don't think I went to any of them.,she went to some of them,,present,I,first,singular,negation,SWBD,no,NA,NA,-2.125,0.353553391,"-2, -2, -2, -2, -2, -2, -2, -3",contradiction,8,1.000000,-2.125000
742,SWBD-199,think,negation,"A: I guess it, would, B: Because you got to, watch them every day, and keep them watered A: yeah.  Uh-huh. B:",and I don't think I'll do it again.,she will do it again,,present,I,first,singular,negation,SWBD,no,NA,NA,-2.3,0.483045892,"-2, -2, -3, -3, -2, -2, -2, -3, -2, -2",contradiction,10,1.000000,-2.300000
743,SWBD-2,say,conditional,"B: I wouldn't be surprised. A: You know, because they don't want to send them to daycare. B:",I doubt if they would say it was too long.,it was too long,,future,they,third,plural,conditional,SWBD,no,NA,NA,-1.545454545,0.687551651,"-1, 0, -2, -1, -2, -2, -2, -2, -2, -2, -1",contradiction,11,0.909091,-1.545455
744,SWBD-20,think,modal,"A: That is the way to do it. I mean, and that's, you know, at least the Air Force is, I do not know, uh, I am nervous in Dallas. I mean, you know, I mean, I go to like an aerobics class or something. And, you know, uh, seventy women in a Jazzercise class in a public, uh, parks and rec building. And you are supposed to feel safe, but then there are all these, does not matter race, but, you know, it is an inter racial mix. And you see these guys standing there watching you jump around in your leotards. B: Yeah. A: And I do not even think that way, but I mean, you just think to yourself, you just, I mean,",nobody can think that it can't happen to them.,it can't happen to them,AB,present,nobody,third,singular,modal,SWBD,no,NA,NA,-2.1,0.994428926,"-1, -3, -3, -3, -2, 0, -2, -2, -3, -2",contradiction,10,0.900000,-2.100000
745,SWBD-200,think,negation,"A: But, uh, uh, I don't understand, I guess, why the schools seem to have such a high dropout rate in the big cities. B: Uh, well, I don't pretend to understand that either. Uh, but I'm not quite sure that it's the kind of thing that ought to be blamed on the schools. But then, again, I'm not quite sure where the blame ought to be put. Uh, because the dropout rate is, in those areas, w-, it's high in those areas where also there's poverty and crime. And they all seem to go together. And it seems like if you could eliminate one of the parts of that circle, where you have the dropout rate and crime and, you know, general poverty kind of conditions, that things ought to get better. So, uh, the other two a-, they're all three social issues and could be addressed by the government in any ways. And clearly, to me, is a kind of government thing to fix but it's just like, I don't expect them to know which part is best to fix just like I don't know. it's a complicated issue.",I still don't think I would blame it directly on the school.,he would blame it directly on the school,,present,I,first,singular,negation,SWBD,no,NA,NA,-1.583333333,0.514928651,"-1, -1, -1, -2, -2, -1, -2, -2, -2, -2, -1, -2",contradiction,12,1.000000,-1.583333
746,SWBD-201,think,negation,"B: She says that when her husband died oh, that my uncle had said that he would never put her in a rest home. So it's kind of, uh, I don't know. I mean, I don't think my parents would but she is getting pretty bad like she has to have like a little toilet right by her bed and, it's, A: Uh-huh. B: and my mom has to take care of her pretty much so it gets, I don't know. it's a hard decision,",but I don't think I would do it to my parents personally.,she would do it to her parents,,present,I,first,singular,negation,SWBD,no,NA,NA,-1.6,1.173787791,"-2, -3, 1, 0, -2, -2, -2, -2, -2, -2",contradiction,10,0.800000,-1.600000
748,SWBD-203,think,negation,"A: Big time there, sure is. B: It surely is. A:",I don't think I'd go to work without a bulletproof vest on myself.,he would go to work without a bulletproof vest,,present,I,first,singular,negation,SWBD,no,NA,NA,-1.3,1.82878223,"2, 2, -1, -2, -3, -3, -2, -2, -2, -2",contradiction,10,0.800000,-1.300000
751,SWBD-206,think,negation,"A: Well, presumably those who find out such information, if they are doing it, I would prefer to not to be known, and, I mean, you know, the classic, oh, I don't know C I  conspiracy theories or whatever, would have such parties trying to do it without your knowledge. So there's,, things that invade that second type of privacy where you do know about them and possibly things that invade that second type of privacy without you knowing about it, and I can't talk about the second one other than to generate paranoia. It's a surmise and, I'd like to think that it's quite low, at least in this country. B: to surmise. It is there. A:",I don't think I'd like the KGB monitoring my phone or anything like that.,he would like the KGB monitoring his phone,,present,I,first,singular,negation,SWBD,no,NA,NA,-2.5,0.534522484,"-3, -3, -2, -2, -3, -3, -2, -2",contradiction,8,1.000000,-2.500000
753,SWBD-208,think,negation,"A: and I'm saying to myself, well, you know, you dump your little turnip off to, uh, you know, this child care place and they don't pay very much and why would they be interested in your little turnip unless, you know, one of the motivations in the hidden agenda is well that's somebody to molest, you know. B: Uh-huh. A: And, uh, that's a terrible kind of thing",and I don't think my children have ever been subject to that,her children have been subject to that,,present,I,first,singular,negation,SWBD,no,NA,NA,-1.555555556,0.726483157,"-2, -2, -1, -2, -1, -2, -2, 0, -2",contradiction,9,0.888889,-1.555556
754,SWBD-209,think,negation,"B: That might be kind of tough, huh. A: It really would, yes, yes, and like I said, my sister's still in it,","and I really don't think my mother'd want to be there, either.",his mother would want to be there,,present,I,first,singular,negation,SWBD,no,NA,NA,-2.166666667,0.577350269,"-2, -2, -2, -2, -3, -3, -2, -2, -3, -2, -2, -1",contradiction,12,1.000000,-2.166667
756,SWBD-210,think,negation,"A: and they kind of are in different spectrums, I think. Um, one of them is Quantum Leap B: Okay. A: and the other one is Night Court. And I think they're real different",", I mean, I don't think they have anything in common,",Quantum Leap and Night Court have anything in common,,present,I,first,singular,negation,SWBD,no,NA,NA,-2.555555556,0.527046277,"-3, -2, -2, -3, -3, -3, -2, -2, -3",contradiction,9,1.000000,-2.555556
757,SWBD-211,think,negation,"B: I mean, you can't guarantee that they wouldn't escape from prison and do it again. A: Right.  And then do it all over again.  Uh-huh. B:",And I don't think that rehabilitation is effective.,rehabilitation is effective,,present,I,first,singular,negation,SWBD,no,NA,NA,-2.125,0.353553391,"-2, -2, -2, -2, -3, -2, -2, -2",contradiction,8,1.000000,-2.125000
758,SWBD-212,think,negation,B: I'll give it that. It is fun to play. If you don't value your very much. A: You've played it then? B:,"But, you know, I don't think rugby will ever be professional",rugby will be professional,,present,I,first,singular,negation,SWBD,no,NA,NA,-2.272727273,0.646669791,"-2, -1, -2, -2, -2, -2, -3, -3, -3, -3, -2",contradiction,11,1.000000,-2.272727
759,SWBD-213,think,negation,"B: Oh, well that's good. A: but she really doesn't.","Nobody thought she would adjust,",she would adjust,,past,nobody,third,singular,negation,SWBD,no,NA,NA,-2.444444444,1.013793755,"0, -3, -2, -3, -2, -3, -3, -3, -3",contradiction,9,0.888889,-2.444444
762,SWBD-216,think,negation,"B: What am I afraid of? A: Yes. B: Um, I don't know if I'm really afraid of spending too much.","I just, uh, don't think that I need them, you know.",she needs them,,present,I,first,singular,negation,SWBD,no,NA,NA,-1.9,0.737864787,"-2, -2, -2, -3, -2, -2, -2, -2, -2, 0",contradiction,10,0.900000,-1.900000
763,SWBD-217,know,negation,"A: That's fairly interesting. B: I bet that would be, rather interesting. Uh, that's, uh, self improvement, well, that's kind of a hobby but it is self improvement from the standpoint of probably relaxing, uh. A: Yeah,",I don't know that I read anything strictly labeled self improvement.,she reads anything strictly labeled self improvement,,present,I,first,singular,negation,SWBD,yes,NA,NA,-1.5,0.707106781,"-2, 0, -2, -1, -2, -1, -2, -1, -2, -2",contradiction,10,0.900000,-1.500000
764,SWBD-218,feel,negation,"A: So that's not too bad. B: No, uh, I really think that, here in Indiana at least we pay uh, just too much tax. I worked in a factory, uh, last summer and, on the average, I was losing twenty percent of every paycheck to taxes",and I don't feel that I really get a whole lot of return from that.,she really gets a whole lot of return from taxes,,present,I,first,singular,negation,SWBD,no,NA,NA,-2.222222222,0.971825316,"-3, -3, -2, -2, 0, -3, -2, -2, -3",contradiction,9,0.888889,-2.222222
765,SWBD-219,say,negation,"B: They're seen as senile. A: and oh, the old-timer made with the old way and nobody respects the traditions. And, you know, it's","I, I'm not saying that I do either",she respects the traditions either,,present,I,first,singular,negation,SWBD,no,NA,NA,-1.5,0.9258201,"-3, -2, -1, -2, 0, -2, -1, -1",contradiction,8,0.875000,-1.500000
766,SWBD-22,swear,modal,"A: They might be, but not at the human factors level. they're, B: Well, I heard it on the news today,",I could swear it was IBM.,it was IBM,AB,present,I,first,singular,modal,SWBD,no,NA,NA,2.1,0.875595036,"1, 2, 1, 3, 3, 3, 3, 2, 1, 2",entailment,10,1.000000,2.100000
768,SWBD-221,feel,negation,"A: But, uh, B: Okay.  Uh, uh, I've had one or two American cars I think, and they were okay. I had a Pontiac once and I never had a problem with it, but, uh, my mother had a Dodge at one point and I had driven it a few times","and I really did not feel that I would buy a Dodge just from,",she would buy a Dodge,,past,I,first,singular,negation,SWBD,no,NA,NA,-2.375,0.51754917,"-2, -2, -2, -3, -2, -3, -2, -3",contradiction,8,1.000000,-2.375000
769,SWBD-222,think,negation,"B: there's, and you just miss the little things, A: Yeah. B: and, uh, A:","Well, I do not think I would put her in day care for joint, situation right now, unless it was like one other child with a person.",she would put her in day care right now,,present,I,first,singular,negation,SWBD,no,NA,NA,-1.75,0.88640526,"-1, -1, -1, -3, -2, -3, -2, -1",contradiction,8,1.000000,-1.750000
770,SWBD-223,think,negation,"A: Not that they won't appoint them but there is no budget for them, I guess. and the courthouse that goes with them and the bailiffs and the uh, court clerks. B: Huh.  Yeah. Whatever. A: So it seems, uh, no, I do not think I would change it.","The more I verbalize it, I do not think I would want to change the system.",she would want to change the system,,present,I,first,singular,negation,SWBD,no,NA,NA,-1.909090909,1.445997611,"2, -3, -3, -1, -2, -3, -3, -2, -2, -2, -2",contradiction,11,0.909091,-1.909091
771,SWBD-224,think,negation,"B: And other than that I do not think it should be allowable. I think it should be illegal for them to want to do that. it's kind of the big brother syndrome, I mean, I just, anything like that just kind of scares me. A: I tend to view it,","even though I don't think I'd work for a company that did that, I sort of want to defend an employer's rights uh, in addition to an individual's rights,",she would work for a company that did that,,present,I,first,singular,negation,SWBD,no,NA,NA,-1.454545455,1.035725481,"-2, -1, -2, -2, -2, -1, 1, -1, -2, -1, -3",contradiction,11,0.909091,-1.454545
772,SWBD-225,think,negation,"B: And, uh, the injector pump went bad so I found a outfit down here to rebuild it. And, uh, reinstalled that B: and that was probably one of the most miserable things I had gotten into in a long time. A:",I don't think I'd know where to start with a diesel.,she'd know where to start with a diesel,,present,I,first,singular,negation,SWBD,no,NA,NA,-2.125,0.640869944,"-3, -2, -2, -2, -3, -2, -1, -2",contradiction,8,1.000000,-2.125000
774,SWBD-227,think,negation,"B: I think that not only applies inside the public school system, but in society itself. there's been too much negative reinforcement. How much, like, the caught being good slips. How about, just the John Q citizen out there on the street? A: Yeah, well that's true. I think, really though, I mean, that's one thing that, I mean, my kids definitely get spanked when they need to be spanked. But I really do try to use positive, uh, reinforcement with them at home, also. And it really helps. And I mean, they don't get spanked very often, but they do when they deserve it, you know.","But, uh, I don't think any kid should be exempt from being spanked.",some kid should be exempt from being spanked,,present,I,first,singular,negation,SWBD,no,NA,NA,-2.3,1.251665557,"1, -2, -2, -3, -3, -2, -3, -3, -3, -3",contradiction,10,0.900000,-2.300000
775,SWBD-228,think,negation,"B: I understand we are doing care of the elderly, right? A: Yes. B: And how do you feel about putting someone in the nursing home? A:","Well, I don't think that uh, any of my relatives would really like to go there.",some of her relatives would really like to go there,,present,I,first,singular,negation,SWBD,no,NA,NA,-2.25,0.707106781,"-3, -2, -3, -1, -2, -2, -3, -2",contradiction,8,1.000000,-2.250000
776,SWBD-229,believe,negation,"B: Oh, you found that out tonight? A: Yeah. B: I haven't even heard that, that's great. I think he deserves every penny of it. A: Yeah. B:","But, there are some others out there that I don't believe deserve the money they're getting.",some others out there don't deserve the money they're getting,,present,I,first,singular,negation,SWBD,no,NA,NA,1.454545455,2.067057637,"2, 2, 3, 3, -2, 2, 2, 3, -3, 3, 1",entailment,11,0.818182,1.454545
777,SWBD-23,think,modal,"A: Yeah, that's true., but, uh, I think, I mean even more than that, even, I mean if you drop out in high school you should still be able to read, you know? Which, I mean it sounds like, uh, B: Uh-huh.  Yeah. That's true. A:","now I think maybe it's started changing in the past few years because, uh, they have these, uh, sort of, -tory tests you have to take before you get a diploma.",it's started changing in the past few years,EP,present,I,first,singular,modal,SWBD,no,NA,NA,1.5,0.971825316,"2, 1, 0, 2, 1, 3, 1, 1, 3, 1",entailment,10,0.900000,1.500000
779,SWBD-231,think,negation,"A: It's divided, yeah. B: Wow! A: It really is, so we've got our Cowboys here","and, uh, I don't think anybody roots differently",somebody roots differently,,present,I,first,singular,negation,SWBD,no,NA,NA,-2.272727273,0.646669791,"-3, -2, -3, -2, -2, -2, -3, -3, -1, -2, -2",contradiction,11,1.000000,-2.272727
781,SWBD-233,think,negation,"B: Um, in fact, Los Alamos, uh, has, uh, done a fair amount of research, uh, in recycling things in general. Um, it involves, for instance, uh, creating biological organisms which can remove heavy elements like selenium, and barium and, uh, other things from, uh, waste material in general. uh, and purify the waste of specific, uh, uh, nasty elements. A: Well, that's pretty, uh, upscale, uh, trash, uh, uh, situation.","I don't think anybody around here would understand all those exotic techniques, you know, getting rid of the heavy metals.",someone around here would understand all those exotic techniques,,present,I,first,singular,negation,SWBD,no,NA,NA,-1.888888889,1.054092553,"-2, -3, 0, -2, -2, -1, -1, -3, -3",contradiction,9,0.888889,-1.888889
782,SWBD-234,think,negation,"B: if you get it on sale, A: Yeah, yeah, so we bought that or we bought the filets, and then the chicken, or turkey nuggets,","and I don't think anybody in my house knows the difference, unless you tell them.",someone in his house knows the difference,,present,I,first,singular,negation,SWBD,no,NA,NA,-2.222222222,0.666666667,"-3, -2, -2, -3, -1, -2, -3, -2, -2",contradiction,9,1.000000,-2.222222
785,SWBD-237,think,negation,"A: Have you followed that very much or, B: Uh, not really.",I don't think anything will ever take over the NFL.,something will take over the NFL,,present,I,first,singular,negation,SWBD,no,NA,NA,-2.2,1.619327707,"-3, 2, -3, -3, -3, -3, -2, -3, -1, -3",contradiction,10,0.900000,-2.200000
786,SWBD-238,think,negation,"B: All right, well. A:","Um, short term, I don't think anything's going to be done about it or probably should be done about it.",something's going to be done about it,,present,I,first,singular,negation,SWBD,no,NA,NA,-2.25,0.46291005,"-3, -2, -2, -2, -2, -2, -3, -2",contradiction,8,1.000000,-2.250000
788,SWBD-24,see,modal,"B: I'm not sure I want an eighteen year old to make that kind of decision. Uh, I mean, that doesn't sound right. Um, I guess I see overall beneficial, if we're going from that point of view. A: Uh-huh. B: Um. you know, in the past, I don't know how old you are, but when I was, uh, in high school, it was the beginning of Vietnam and so forth. And many of my peers were being drafted. A: Uh-huh. B:",And I could see that many of them had conscientious objections to war or whatever.,many of her peers had conscientious objections to war,AB,past,I,first,singular,modal,SWBD,yes,NA,NA,2.555555556,0.527046277,"3, 2, 3, 3, 3, 2, 2, 3, 2",entailment,9,1.000000,2.555556
792,SWBD-243,know,negation,"A: Oh, yes. Animals have a way of talking. B: Alfie did. I tell you if I could have gotten a hold of that cat that day. A:","I don't know uh, that I'd trade my dog in for the world.",he would trade his dog in for the world,,present,I,first,singular,negation,SWBD,yes,NA,NA,-2.125,1.125991626,"-3, -2, -2, -3, -3, -3, 0, -1",contradiction,8,0.875000,-2.125000
794,SWBD-245,know,negation,"A: but at the same time I think it would do them a world of good. B: Yeah. A: But there's a, B:","I don't know that you could require everyone yeah, to do it for a whole year, or two years or something like that,",speaker A could require everyone to do it for a whole year,,present,I,first,singular,negation,SWBD,yes,NA,NA,-2,0,"-2, -2, -2, -2, -2, -2, -2, -2",contradiction,8,1.000000,-2.000000
795,SWBD-246,know,negation,"A: Is, uh, kind of fun. It's best done when you have leisure time and I had more of that in my childhood days than I have now. And I grew up in an area that, uh, was just a few feet from a rather large lake, and a few more miles from that was a even larger lake and we had a variety of boats at our disposal. Uh, I worked for a camp for a number of years. My father was on staff there, and we had every kind of things from canoes to paddle boats, sailboats, speedboats, you name it, they had it and we did a lot of, water sports. But I think, uh, the thing I liked the best was, uh, we spent about a summer couple of guys, uh, restored an old wooden boat that was built back in the mid-thirties and got a new canvas sail for it and had a real big old four- foot center board that went down in the middle to keep you upright when the waves, or the wind came from the side and we got that thing in the water and had a real good time with it. If you ever got it dumped over, though, it was a mess to get back up. It wasn't like the newer ones that have nice chambers that keep it afloat or keep it, uh, upright again. This one you had to work with. You get out of the water again and get it upright. And, uh, sailing was kind of nice to learn the maneuvers you had to make to work your way down a lake or work back up against the wind, as it were, tacking back and forth and, uh, more than once we'd get out there on a really stormy day and, uh, the storm or the wind was due to the front blowing and as soon as the front came over, it was calm. So you're out in the middle of nowhere with a paddle and you paddle your way back in and hope it doesn't start raining on you right away. And that didn't always work. We oftentimes got wet. But, uh, it's a nice hobby to have. Nowadays I don't think I could afford the boat or the time, nor do we live that close to a lake anymore, so things change, I guess. What are your memories of boating, or current, B: Uh, about the only memories that I have of boating, uh, my husband's family had a motor boat, uh, when we got engaged and they took us out on the lake several times. And, uh, I really did enjoy that.","I don't know that I ever learned to drive it or anything,",she ever learned to drive the motor boat,,present,I,first,singular,negation,SWBD,yes,NA,NA,-1.727272727,1.954016842,"-2, -2, -3, -2, 3, -3, -3, -3, -3, -2, 1",contradiction,11,0.818182,-1.727273
797,SWBD-248,think,negation,"A: you know, then, we thought, well we can use it for, you know, some personal things. We di-, for us it really took, you know, a business application to justify the expense of it. B: Uh-huh.  Oh, definitely, definitely. I know my stepfather bought my mother a little personal computer, oh, I guess, probably three years ago for Christmas, and, you know, it's got some stuff on it. It's got a nice little word processing software on it, you know, and some budgeting type things and stuff.",And I don't think she's ever touched it you know.,her mother has ever touched the computer,,present,I,first,singular,negation,SWBD,no,NA,NA,-1.1,1.523883927,"-2, 1, -2, -2, -3, -1, -1, 2, -2, -1",contradiction,10,0.800000,-1.100000
798,SWBD-249,think,negation,"A: Yeah. Now that's a very good suggestion. B: Uh, just something to, i-, rather than throw someone into that environment, uh, you know, it A: Yeah.",I don't think student teaching is enough.,student teaching is enough,,present,I,first,singular,negation,SWBD,no,NA,NA,-2.3,0.948683298,"-3, -2, -3, -3, -2, 0, -3, -3, -2, -2",contradiction,10,0.900000,-2.300000
799,SWBD-25,say,modal,"A: I got a friend who goes there, by the way. I want to talk to you about that afterward, okay. B: Okay. Uh, I've, the high school I went to uh, was a good one also.","And well, I guess you could say one of the problems with the public education system is the disparity between different schools.",one of the problems with the public education system is the disparity between different schools,AB,present,you,second,unknown,modal,SWBD,no,NA,NA,1.7,1.766981104,"2, 2, -3, 2, 1, 2, 3, 3, 2, 3",entailment,10,0.900000,1.700000
800,SWBD-250,think,negation,"A: They have to for international trade. B: Yeah. A: But, I guess it's easier to switch back and forth than it used to be, uh, because uh, of computers coming into everything. B: Uh-huh. Yeah,",I don't think switching back and forth is that big a deal.,switching back and forth is that big a deal,,present,I,first,singular,negation,SWBD,no,NA,NA,-1.9,1.449137675,"-2, -2, -3, 2, -2, -2, -2, -3, -2, -3",contradiction,10,0.900000,-1.900000
802,SWBD-252,see,negation,"A: And now it's election time again so they're trying to lower them. B: Oh. A: So they're just talk about lowering them but they never do, they just keep raising them. B:",I've never seen taxes really go down.,taxes would really go down,,past,I,first,singular,negation,SWBD,yes,NA,NA,-2.3,0.483045892,"-2, -2, -3, -2, -2, -3, -2, -2, -2, -3",contradiction,10,1.000000,-2.300000
803,SWBD-253,know,negation,"B: Yeah, I mean, there would be loopholes just like there is in anything else. A: Right, you know, they'd figure a way around that one in a heartbeat. But,, I'm wondering if there's another issue here, and maybe this is why this has died out. Can you go into, and this wasn't the question but it may be the more of the issue versus should young adults, can they go in there and can anyone go well, out of the Kurdish community is a little bit extreme at this time, but say, I think Bangladesh would have been a good example or some really desperate situation and teach them to farm and teach them and it doesn't do any good. B: Yeah. A:",I don't know that it does.,teaching them to farm does any good,,present,I,first,singular,negation,SWBD,yes,NA,NA,-1.6,1.0749677,"-2, -3, -2, -2, 0, -1, -1, 0, -2, -3",contradiction,10,0.800000,-1.600000
805,SWBD-255,think,negation,"B: they did things for people, you know, for their communities, for their, uh, families, for their friends, where now, I'm not sure they really do. A: Yes.  Yeah. Well, I think sometimes through groups and organizations, um, uh, when they asked the question I thought, well that sounds wonderful. And then, I wondered if people were unwilling",but I think even if you went in with a negative attitude I don't think it would stay negative very long.,that attitude would stay negative very long,,present,I,first,singular,negation,SWBD,no,NA,NA,-1.363636364,1.026910636,"-2, -1, -2, -2, -2, -2, -1, 0, -2, 1, -2",contradiction,11,0.818182,-1.363636
806,SWBD-256,think,negation,"B: And, you know, the whole electronic classroom idea. I don't know if I I'm yeah, in favor of, yeah, A:",I don't think that's going to work.,that is going to work,,present,I,first,singular,negation,SWBD,no,NA,NA,-2.375,0.51754917,"-2, -3, -3, -2, -2, -3, -2, -2",contradiction,8,1.000000,-2.375000
808,SWBD-258,think,negation,"B: I, think because they were scheduling a video release of it in July and then when it won all those awards, uh, they pushed it back to August, so. But, yeah, that one is definitely worth seeing, it's really good. A: Now did you see, uh, Driving Miss Daisy? B: Yeah,","and you know, I didn't think that one was near as good.",that one was as good,,past,I,first,singular,negation,SWBD,no,NA,NA,-2.5,0.534522484,"-2, -2, -3, -3, -2, -3, -3, -2",contradiction,8,1.000000,-2.500000
809,SWBD-259,bother,negation,"A: and so you just put the empty ones back out there and he took them away and you know, put another gallon of glass bottle in there. B: Yeah. A: So, uh, yeah, B: So, uh, you know, I look back at, uh, my childhood and I'd say, you know, they were doing things then that we should be doing now","and so it doesn't bother me at all that we're, uh, kind of starting to put the pressure on people to get away from all this, uh, throwaway society that got developed in the sixties and seventies.",people are starting to put pressure on people to get away from all this throwaway society that got developed in the sixties and seventies,,present,it,third,singular,negation,SWBD,no,NA,NA,1.5,1,"2, 1, -1, 2, 2, 2, 1, 1, 3, 1, 2, 2",entailment,12,0.916667,1.500000
810,SWBD-26,say,modal,"B: Right. And they repacked the wheel bearings. A: and they repacked the the wheel bearings. Yeah but, uh, I've had considerable experience.","you might say I'm, uh, uh, good back yard mechanic",she is a good back yard mechanic,EP,present,you,second,unknown,modal,SWBD,no,NA,NA,2.375,0.744023809,"3, 3, 3, 2, 2, 3, 1, 2",entailment,8,1.000000,2.375000
812,SWBD-261,think,negation,"A: and, uh, I was kind of interested to hear cause they had some people from the EP  and lots of different places B: Uh-huh. A: and, uh, they had basically decided that there is going to be a real problem here within a few years on solid waste. B:","Uh, I didn't think that was a new revelation.",that was a new revelation,,past,I,first,singular,negation,SWBD,no,NA,NA,-1.833333333,0.717740563,"-1, -1, -2, -3, -1, -2, -3, -2, -2, -2, -1, -2",contradiction,12,1.000000,-1.833333
814,SWBD-263,think,negation,"A: But like I said if I voted for Bush, or like when, uh, Gary Hart was running, a lot of women would have voted for him just because he was nicer looking, B: Hart?  Uh-huh. A: not that I think he was good looking, but, he was young. B: Yeah.  Yeah. A:","And then, I didn't think that was right, because he may have been a good president, or whatever.",that was right,,past,I,first,singular,negation,SWBD,no,NA,NA,-1.545454545,1.035725481,"-3, -2, -1, -3, 0, -2, 0, -2, -1, -2, -1",contradiction,11,0.818182,-1.545455
815,SWBD-264,think,negation,"A: I don't much care for Michael J Fox anyway. B: Yeah. Well, the last two I saw him in, one of those Back To The Future, Part Three deals and that was crummy also.",I didn't think that was any good,that was any good,,past,I,first,singular,negation,SWBD,no,NA,NA,-2.3,0.948683298,"-1, -3, -3, -3, -1, -3, -3, -3, -1, -2",contradiction,10,1.000000,-2.300000
818,SWBD-267,think,negation,"A: Uh, well, it would depend on when you go it's not excessively crowded on the weekends. B: See I'd want to be there in the mornings like from nine thirty to ten thirty. A:","Oh, I don't think that would be bad at all.",that would be bad,,present,I,first,singular,negation,SWBD,no,NA,NA,-1.6,2.270584849,"-3, 3, -3, -3, -3, 2, -3, -1, -2, -3",contradiction,10,0.800000,-1.600000
820,SWBD-269,think,negation,"B: I think in s-, and it, just would depend upon the circumstances and the extent of the abuse and if another alternative was available. A: Uh-huh.  Uh-huh.  Um.  Uh-huh. You know, now, I wonder what you think about this and, uh, unfortunately, we don't get to do it, but, uh, it used to be a long time ago, I guess in Biblical times when they had punishment, if somebody did something, for example, to your family, then you had the right to administer the punishment. So if somebody killed somebody in your family, then uh, if that person was caught and found guilty, you had the right to, uh, execute that person. And I know that, uh, if somebody had done something to my family, I would feel that I had the right to get revenge on them","uh, but, I don't think that's done much anywhere.",that's done much anywhere,,present,I,first,singular,negation,SWBD,no,NA,NA,-2.125,0.640869944,"-3, -3, -2, -2, -2, -1, -2, -2",contradiction,8,1.000000,-2.125000
823,SWBD-271,feel,negation,"A: I spend a lot of time reading about these things. I'm quite interested. I find it very exciting for the coverage we have now, today. B: Yes and I think we do get pretty good coverage.","I don't feel that the American people is being shortchanged by uh, the news coverage.",the American people are being shortchanged by the news coverage,,present,I,first,singular,negation,SWBD,no,NA,NA,-2.6,0.516397779,"-3, -2, -3, -3, -3, -2, -3, -3, -2, -2",contradiction,10,1.000000,-2.600000
825,SWBD-273,think,negation,"B: our land is in acres, our people aren't going to understand what an amount of something is. A: Right.  Yeah, I agree with you. I don't think we should either even though I know there are benefits to the metric system,",I don't think the benefits of the metric system outweigh the disadvantages that would happen to the people in America,the benefits of the metric system outweigh the disadvantages that would happen to the people in America,,present,I,first,singular,negation,SWBD,no,NA,NA,-1.875,1.356202682,"-2, -1, -3, 1, -3, -2, -2, -3",contradiction,8,0.875000,-1.875000
827,SWBD-275,think,negation,"A: So, I don't know I'm looking for a good year. I guess we're always looking for a good year. B: So, obviously though, do you think they're going to do anything in the playoffs to make it to the Super Bowl this year or who do you like to do that this year? A: Uh, no",I don't think the Cowboys have got a chance.,the Cowboys have got a chance,,present,I,first,singular,negation,SWBD,no,NA,NA,-2.5,0.755928946,"-3, -3, -2, -3, -3, -2, -3, -1",contradiction,8,1.000000,-2.500000
828,SWBD-276,feel,negation,"B: Uh, uh, I've had one or two American cars I think, and they were okay. I had a Pontiac once and I never had a problem with it, but, uh, my mother had a Dodge at one point and I had driven it a few times and I really did not feel that I would buy a Dodge just from, A: Um. B: well, actually, I had uh, a Dodge Omni at one point A: Uh-huh. B:","and that was, I think, what really prejudiced me against American cars because I did not feel that it was a very quality, uh, car.",the Dodge Omni was a very quality car,,past,I,first,singular,negation,SWBD,no,NA,NA,-2,1.772810521,"-1, -3, -2, -3, -3, -3, -3, 2",contradiction,8,0.875000,-2.000000
829,SWBD-277,know,negation,"A: Well, because we finally negotiated that I was losing my mind, uh, he sleeps in the laundry room and then he goes out for the day. But this is a beautiful dog and he is wonderful with our little girls and he's, comes from a purebred line and there's nothing you could say bad about him, except that I was more of a cat or a small dog person that you could sit in the chair and cuddle. B: Right.  Right. A: And this is huge. You know, course, when he runs around the yard, he just digs,","he doesn't know that he's tearing up things,",the dog's tearing up things,,present,he,third,singular,negation,SWBD,yes,NA,NA,2.444444444,1.666666667,"3, 3, 3, 3, 3, -2, 3, 3, 3",entailment,9,0.888889,2.444444
833,SWBD-280,think,negation,"B: everyone I talk to, they says, you know, it's real easy to say that. A: we didn't damage enough of their arsenal. We damaged most of it but we should have made sure we got everything. B: Yeah,",I don't think the higher ups were thinking about what this guy's going to do with the rest of his war machine.,the higher ups were thinking about what this guy's going to do with the rest of his war machine,,present,I,first,singular,negation,SWBD,no,NA,NA,-1.636363636,1.026910636,"-2, -2, -2, -1, -2, -2, -3, -1, -2, -2, 1",contradiction,11,0.909091,-1.636364
835,SWBD-282,think,negation,"A: And you also get a lot of, uh, juries are extremely, uh, and from what I hear, I have some friends who do expert witness testimony and they say that, uh, juries are extremely vulnerable to, uh, sort of emotional pitches, you know, the prosecutor will want to, oh, I don't know show the mugging victim, you know, show the nice person he was and what a family life, and basically get the jury to be very sympathetic with the victim, or, uh, if it's a corporation, that was, uh, you know, harming some individual or something like that, they get very much, well, you know, it's just a big faceless corporation. let's make them pay as much as possible. Things like that. B: Uh-huh. A: So, not, I mean, I'm, the problem is I can't guarantee that a judge would necessarily be much better than a jury, but I'd be real nervous having a jury not at least fully agree on what the settlements would be, things like that. B: Ri-, ",I don't think the judge should just make the decision alone.,the judge should just make the decision alone,,present,I,first,singular,negation,SWBD,no,NA,NA,-2.111111111,1.054092553,"-1, -2, -3, 0, -2, -3, -3, -3, -2",contradiction,9,0.888889,-2.111111
836,SWBD-283,think,negation,"A: uh, but then when you quantify things and might also hold criminal trials for how many years is appropriate, uh, that they might leave it to somebody else who, uh, has expertise in that. B: Right, I agree, too.",I don't think the jury should be the ones that put the sentencings down.,the jury should be the ones that put the sentencings down,,present,I,first,singular,negation,SWBD,no,NA,NA,-2.1,0.737864787,"-2, -3, -2, -2, -1, -3, -1, -2, -3, -2",contradiction,10,1.000000,-2.100000
837,SWBD-284,know,negation,"A: Boy that's scary, isn't it. B: Oh, can you imagine, because it happens in the middle of the night,","so you know, these parents didn't know the kid was gone until the kid is knocking on the door screaming, let me in.",the kid was gone,,past,parent,third,plural,negation,SWBD,yes,NA,NA,1.916666667,1.505042031,"3, 1, 2, 3, 3, 3, -1, 2, 3, 2, 3, -1",entailment,12,0.833333,1.916667
838,SWBD-285,think,negation,"B: Oh, I see. A: um, and I think I'm getting a better caliber of student at the private school, because I think their parents pay more,","and I think the kids are a little bit more challenged, because their parents are probably college educated, where at the public school, I don't think as many parents are college educated,",as many parents are college educated at the public school,,present,I,first,singular,negation,SWBD,no,NA,NA,-1.5,1.354006401,"-3, 0, -2, -1, -2, -1, -3, -3, 1, -1",contradiction,10,0.800000,-1.500000
840,SWBD-287,think,negation,"B: I think that not only applies inside the public school system, but in society itself. there's been too much negative reinforcement. How much, like, the caught being good slips. How about, just the John Q citizen out there on the street? A: Yeah, well that's true. I think, really though, I mean, that's one thing that, I mean, my kids definitely get spanked when they need to be spanked. But I really do try to use positive, uh, reinforcement with them at home, also. And it really helps. And I mean, they don't get spanked very often, but they do when they deserve it, you know. But, uh, I don't think any kid should be exempt from being spanked. I mean, I think I wouldn't mind if a teacher spanked my child. But, you know, that's just my personal opinion, and that's not going to,","I mean, I don't think that law will ever change.",the law will change,,present,I,first,singular,negation,SWBD,no,NA,NA,-1.7,1.251665557,"-2, -2, -2, -3, -2, -3, -2, 1, -2, 0",contradiction,10,0.800000,-1.700000
841,SWBD-288,think,negation,"B: but, uh, I can definitely, uh, see on down the road, you know, where we do have kids and are getting to that age, that's going to be a definite concern. A: Yeah, you talked before, about the school funding.",I think there's only going to be one solution to school funding which I don't think will be necessarily the best way,the one solution to school funding will be necessarily the best way,,present,I,first,singular,negation,SWBD,no,NA,NA,-1.125,1.457737974,"-1, -2, -2, -1, 2, -1, -1, -3",contradiction,8,0.875000,-1.125000
842,SWBD-289,think,negation,"B: Yeah, I mean it's. True. Yeah. A: I think that's a lot more realistic. Uh, I think that we should be spending more time",and again I don't think the Peace Corps is as successful now simply because it doesn't fit the circumstance anymore.,the Peace Corps is as successful now,,present,I,first,singular,negation,SWBD,no,NA,NA,-2.375,0.51754917,"-3, -2, -3, -2, -2, -2, -2, -3",contradiction,8,1.000000,-2.375000
844,SWBD-290,think,negation,"B: Right, I think I've seen some statistics that say that, uh, it's more expensive to kill somebody than to keep them in prison for life. A: Right because you've got all the prison expenses, plus all the legal expenses. B: Right. A:","Uh, and, you know, it certainly doesn't seem to be a deterrent. Uh, for one thing because it's used so infrequently and for another thing because I honestly don't think the people that are committing the crimes that would be eligible, you know, really care.",the people that are committing the eligible crimes really care,,present,I,first,singular,negation,SWBD,no,NA,NA,-2,0.755928946,"-2, -3, -2, -3, -1, -2, -1, -2",contradiction,8,1.000000,-2.000000
846,SWBD-292,think,negation,"A: I think so, I think, B: I really do. Oh, yeah, it's going to take, uh, you know,","the police, I don't think can do it alone, you know.",the police can do it alone,,present,I,first,singular,negation,SWBD,no,NA,NA,-1.5,0.849836586,"0, -1, -2, -2, -2, -2, -2, -2, 0, -2",contradiction,10,0.800000,-1.500000
849,SWBD-295,feel,negation,"A: How do you feel about that. B: I don't really, I more, I don't know about the government as much as, uh, the people, uh, I wouldn't consider to be a threat at all",and I really don't feel much like the Soviet Union itself is a threat anymore.,the Soviet Union itself is a threat still,,present,I,first,singular,negation,SWBD,no,NA,NA,-2,0.426401433,"-2, -2, -3, -1, -2, -2, -2, -2, -2, -2, -2, -2",contradiction,12,1.000000,-2.000000
850,SWBD-296,feel,negation,"B: So the original question, do we think they're you know, a security threat? A: Yeah. B: Um, yes and no. A: Yeah, I can go with that answer too. The only yes I could go to is if uh, a renegade crew decides to launch an attack or an accidental launching or something to that effect to a nuclear exchange, but I don't even see that occurring. Uh, because their internal strifes are more important right now than concentrating on any kind of outside affairs that they used to be adapted to I guess. B: Um, no. ","Well, I don't really feel that the Soviets really want to blow up the world.",the Soviets really want to blow up the world,,present,I,first,singular,negation,SWBD,no,NA,NA,-1.5,1.433720878,"-3, -1, -2, -1, -2, -3, 2, -1, -2, -2",contradiction,10,0.900000,-1.500000
851,SWBD-297,think,negation,"B: Because too often, there can be extremism that hurts from any direction, regardless of whatever you're arguing or concerned about. A: Yeah.  Right. Yeah, I know, you're right, they would lobby that and I see that, and that's why, you know, I'm like, okay, what's my role in this thing,, you know, what's my part, B: Yeah. A:",because I don't think the system is going to get fixed.,the system is going to get fixed,,present,I,first,singular,negation,SWBD,no,NA,NA,-2.4,0.699205899,"-2, -3, -3, -3, -1, -3, -2, -2, -2, -3",contradiction,10,1.000000,-2.400000
853,SWBD-299,think,negation,"B: Well, that's I meant when I said the school. A: Yeah. I don't blame it on the teachers in the school. although I think that, I do know for a fact that some of the teachers that I know personally get paid an awful lot more than, well, they do quite well for themselves. B: Huh.","Well, that's odd because I don't think the teachers in my school district, uh, were well paid.",the teachers in her school district were well paid,,present,I,first,singular,negation,SWBD,no,NA,NA,-1.2,1.549193338,"-2, -2, -1, 2, -2, 1, -2, -2, -1, -3",contradiction,10,0.800000,-1.200000
855,SWBD-30,think,modal,"B: That's what I've heard too. Uh, A: It seems bizarre to me.","I don't quite understand it, although I think probably the worst thing that's happening at least the modern world today, is television.",the worst thing that's happening in the modern world is television,EP,present,I,first,singular,modal,SWBD,no,NA,NA,2.625,0.51754917,"2, 2, 3, 3, 3, 2, 3, 3",entailment,8,1.000000,2.625000
857,SWBD-301,think,negation,"B: I think the, uh, I think a lot of the commentators on, like the major networks, like right, it's kind of appropriate right now because of the election stuff going on, but, um, it seems that, um, they kind of get to throw their opinions into how they, you know, report on the news. A: Right. And I think even in the elections, they choose who they're going to follow and who they're not, and basically you know, if a candidate can get them to follow, then the news will, you know, kind of publicize his name. B: Yeah.  Yeah, exactly. A:",I don't think that the way I get the news is the right way to get it.,the way she gets the news is the right way to get it,,present,I,first,singular,negation,SWBD,no,NA,NA,-2,0.942809042,"-2, -3, 0, -3, -2, -3, -2, -2, -2, -1",contradiction,10,0.900000,-2.000000
859,SWBD-303,realize,negation,"B: That was surprising to me. A: Um. B: I missed that question, totally, I mean really bad. I'm trying to think, I didn't miss too many, I can't remember what my score was, but I did exceeding well. I was surprised.",But I didn't realize that our garbage isn't being decomposed.,their garbage isn't being decomposed,,past,I,first,singular,negation,SWBD,yes,NA,NA,1,2,"1, 1, 3, 1, -2, 3, 2, 2, 2, -3",entailment,10,0.800000,1.000000
861,SWBD-305,think,negation,"B: And it seems like when the winds blow, it goes right through you. It's really different from Utah's weather. I thought Utah was cold, but I think Iowa is a lot colder. A: Yeah, see, that's how it is in Texas, too because when it's cold, it's really cold. So, B: Yeah,",I don't think there is any mountains to stop the wind.,there are some mountains to stop the wind,,present,I,first,singular,negation,SWBD,no,NA,NA,-1.75,0.707106781,"-2, -3, -2, -2, -2, -1, -1, -1",contradiction,8,1.000000,-1.750000
862,SWBD-306,think,negation,"B: And the long-range views are just kind of, become a thing of the past. A: Yeah you, B: And, uh, A:",I don't think there can be anymore long range planning.,there can be some more long range planning,,present,I,first,singular,negation,SWBD,no,NA,NA,-1.555555556,1.130388331,"-2, 1, -2, -3, -2, -1, -2, -1, -2",contradiction,9,0.888889,-1.555556
864,SWBD-308,recognize,negation,"B: If, uh, you've some kid uh, who's from a broken family, the schools are supposed to fill that void. It's gotten way beyond uh, you know, teaching classes and maybe providing extracurricular sports activities or something like, oh, were kind of traditionally the school's roles. A: Yeah.  Yeah, it's interesting because, uh, we're just having conversation on this, uh, with a couple of people yesterday. And I was expressing my frustrations that, uh, so many problems, I work in a high school, are that kids don't have a degree of self-discipline which may be reflected in society at large. Uh, and you can't expect in a classroom for a particular course an hour a day to counteract, uh, sixteen or seventeen years of influence at home. B: Right. A:","Um, and, it's seen more so because when you call parents up, many parents won't even recognize that there is a problem",there is a problem,,future,parent,third,plural,negation,SWBD,yes,NA,NA,1.625,1.597989809,"3, 2, -2, 2, 3, 1, 2, 2",entailment,8,0.875000,1.625000
866,SWBD-31,tell,modal,"A: And, with just a curtain, of course, between us and, uh, B: Right. A: they revived the man and cleared out his airway and so forth, and he was definitely,","just by looking at him and the way he acted, you could tell he was in need of nursing home care,",the man was in need of nursing home care,AB,past,you,second,unknown,modal,SWBD,no,NA,NA,2.7,0.483045892,"3, 2, 2, 2, 3, 3, 3, 3, 3, 3",entailment,10,1.000000,2.700000
868,SWBD-311,think,negation,"A: Well, got any problems on Mockingbird with crime or is that a crime free zone there? B: No,","I don't think there is any such thing, as a crime free zone any longer.",there is some such thing as a crime free zone,,present,I,first,singular,negation,SWBD,no,NA,NA,-1.888888889,1.536590743,"-3, -2, -2, 2, -2, -2, -2, -3, -3",contradiction,9,0.888889,-1.888889
869,SWBD-312,think,negation,"A: and I guess I would like, I don't know, the European countries certainly, uh, none of them have capital punishment and they don't have a crime problem either. B: Oh, really. A: No, you can't, they don't execute anybody in Britain or France and I don't believe they do in Germany or Italy either and they don't have the crime problems we do.",I don't really think that there is too much of a relationship between the two.,there is too much of a relationship between the two,,present,I,first,singular,negation,SWBD,no,NA,NA,-1.5,1.195228609,"-1, -1, 1, -3, -2, -2, -2, -2",contradiction,8,0.875000,-1.500000
870,SWBD-313,think,negation,"B: Well, you've got, well, any of the big cities you've got the different rival gangs and they're having their little turf wars over their little drug kingdoms and such, A: Uh-huh. B: And they get out their little Mac tens, they get out their little uzis and they're going to fight with them. And it doesn't matter what restrictions you put on that type of weapon or a class three firearm. If they want it they'll get it. I don't care if they've got to go down into New Mexico to get it they'll get it and they'll get across the border. Now my position, although, I have absolutely no use for a fully automatic weapon, anyway. A: Uh-huh. B:","Since I am a law-abiding citizen and I have never had a felony, if I wanted to buy one, I don't think there should be that big of a restriction on it.",there should be that big of a restriction on it,,present,I,first,singular,negation,SWBD,no,NA,NA,-2.636363636,0.504524979,"-3, -2, -3, -3, -2, -3, -3, -3, -2, -2, -3",contradiction,11,1.000000,-2.636364
872,SWBD-315,think,negation,"B: Although they've got, uh, Meals On Wheels, Which I understand is a really good, you know, way to handle that so that at least they eat. A: Yeah.  Uh-huh. So as a family you all just visited nursing homes or probably in College Station there wasn't a whole lot of choice. B: No,","I don't think there was. Um,",there was a whole lot of choice,,present,I,first,singular,negation,SWBD,no,NA,NA,-2.111111111,0.600925213,"-2, -2, -2, -2, -2, -2, -3, -1, -3",contradiction,9,1.000000,-2.111111
873,SWBD-316,know,negation,"A: But, uh, B: Yeah, yeah.  But it was, yeah, just lots of little lakes and, of course, it was, you know, a little more expensive to live on the lake, but I just thought that was grand.","And I think a lot of people didn't really know that there were all those lakes out there unless you were from that area and kind of spotted them,",there were all those lakes out there,,past,people,third,plural,negation,SWBD,yes,NA,NA,2.1,1.595131482,"2, 1, 3, 3, 3, 3, -2, 3, 3, 2",entailment,10,0.900000,2.100000
876,SWBD-319,think,negation,"B: Yeah, and it almost seems like in order to avoid, uh, some of the scandal, you would have to have the kind of wife that you would only find, say in the Bobsy twins or, something like that. A: Right.  You know, I also think it would be funny if we could know everything about the people that were in there and throw them out.",I don't think there would be too many left.,there would be too many left,,present,I,first,singular,negation,SWBD,no,NA,NA,-1.75,1.669045921,"-2, 2, -3, -3, -3, -2, -2, -1",contradiction,8,0.875000,-1.750000
877,SWBD-32,find,modal,"A: Oh, you mean, uh, learning type, uh, yeah? I mean actual experiments they would have to get your permission. B: Yes. A: But, yeah,","I suppose, uh, if there is a psychology department or an education department around, you might find that they're pushing one form of education or another,",the psychology department is pushing one form of education or another,EP,present,you,second,unknown,modal,SWBD,yes,NA,NA,1.2,1.475729575,"1, 2, 3, 2, 3, 1, 0, -2, 1, 1",entailment,10,0.800000,1.200000
879,SWBD-321,see,negation,"B: And they have said no. A: Yeah and then during the week you see these women, in the you know, just because you put on a pair of hose with them doesn't make them not shorts anymore, you know. B: Yeah. A:","I mean I've never seen them do it without hose,",these women would wear shorts without hose,,past,I,first,singular,negation,SWBD,yes,NA,NA,-1.1,1.595131482,"-1, -1, -3, -2, -1, -2, 2, -1, -3, 1",contradiction,10,0.800000,-1.100000
880,SWBD-322,think,negation,"A: so I don't know if I wasn't drug tested based on that or because the man who hired me didn't request the drug test, because I know that my company does drug testing on occasion. B: Right. Well, for instance, does the company you worked for before have the right or do they have the ability to say, hey, we've already drug tested her and she came up negative. A: Well, no,","I don't think they can force another company to not drug test me just by saying that I didn't, I mean,",they can force another company to not drug test her,,present,I,first,singular,negation,SWBD,no,NA,NA,-1.636363636,0.674199862,"-1, -2, -2, -2, -2, -2, -1, 0, -2, -2, -2",contradiction,11,0.909091,-1.636364
881,SWBD-323,think,negation,"B: Uh, with regard uh, to jury trials. I really feel as though, uh, uh, whatever system has been used historically, in particular jurisdiction, you know, is really the only kinds of things that you can use. Because the jurisprudence is, you know, based uh, you know, on accumulated body of law. And if you have a situation where you change that body of law, then all of sudden they could start going back and digging up all these cases uh, that would be handled differently were they judged by today's standards.",So I really don't think they can really do much of anything to change it.,they can really do something to change it,,present,I,first,singular,negation,SWBD,no,NA,NA,-2.125,0.353553391,"-2, -2, -3, -2, -2, -2, -2, -2",contradiction,8,1.000000,-2.125000
884,SWBD-326,think,negation,"B: Right, you know, like In packaging A: Yeah. B: and, uh, you know, just goodness. A: Yeah,","I don't think they do the packaging at this plant,",they do the packaging at this plant,,present,I,first,singular,negation,SWBD,no,NA,NA,-1.8,0.632455532,"-3, -2, -2, -2, -1, -2, -1, -2, -2, -1",contradiction,10,1.000000,-1.800000
886,SWBD-328,think,negation,"A: The one thing I sometimes wonder about, um, in civil cases is, uh, whether, especially sort of in, uh, maybe like product liability, or medical malpractice, where there's, um, sort of a very technical decision to be made sometimes B: Yes. A: you know, it's not just a matter um, of, you know, did this guy rip off this guy, and it's just a matter of interpreting a contract, it's sort of a matter of, um, you know, sometimes getting into very technical issues, and I wonder um, if the system works adequately in educating the jurors about, uh, whatever, um, you know, issue is under discussion. B:",I don't think that they educate them enough to really know what's going on.,they educate the jurors enough to really know what's going on,,present,I,first,singular,negation,SWBD,no,NA,NA,-2.125,0.353553391,"-2, -2, -2, -3, -2, -2, -2, -2",contradiction,8,1.000000,-2.125000
888,SWBD-33,think,modal,"B: The kind you have sounds very interesting, though. A: Well, um, they're really sweet dogs.","uh, we thought probably our neighborhood in Houston had more of this breed than any other place just because of, um, the family that had them and bred them.",their neighborhood in Houston had more of this breed than any other place because of the family that had them and bred them,EP,past,we,first,plural,modal,SWBD,no,NA,NA,1.75,0.707106781,"2, 1, 3, 2, 1, 2, 2, 1",entailment,8,1.000000,1.750000
890,SWBD-331,believe,negation,"A: and I guess I would like, I don't know, the European countries certainly, uh, none of them have capital punishment and they don't have a crime problem either. B: Oh, really. A: No, you can't, they don't execute anybody in Britain or France",and I don't believe they do in Germany or Italy either.,they execute anybody in Germany or Italy,,present,I,first,singular,negation,SWBD,no,NA,NA,-1.5,1.511857892,"2, -2, -2, -2, -2, -2, -3, -1",contradiction,8,0.875000,-1.500000
891,SWBD-332,think,negation,"B: You know, back around, you know, in the twenties and thirties when they were growing up, uh, you know, they were all located together, in one small community. A: Right, right.  Right. B: And I mean when time went on the family grew and moved away and so forth. And now when they come together it's generally, you know, like say the kids of those people who are not, you know, anywhere near one another",and I do not think they feel the closeness that they used to be there. Which is a shame,they feel the closeness that they used to be there,,present,I,first,singular,negation,SWBD,no,NA,NA,-2.444444444,0.527046277,"-2, -3, -3, -3, -2, -2, -2, -3, -2",contradiction,9,1.000000,-2.444444
892,SWBD-333,think,negation,A: it was so fattening. B: That sounds good. A:,"But, I don't think we gained any weight from it",they gained any weight from it,,present,I,first,singular,negation,SWBD,no,NA,NA,-1.777777778,0.666666667,"-3, -1, -2, -1, -2, -2, -1, -2, -2",contradiction,9,1.000000,-1.777778
897,SWBD-338,think,negation,"A: Uh, well, that gets. Some of the punk, um, when I was in high school, that was, uh, one of the big things, was punk music, and, uh, or some of it has a lot to say, the lyrics do, but the actual, B:","I don't think they have a whole lot to say, even.",they have a whole lot to say,,present,I,first,singular,negation,SWBD,no,NA,NA,-2.25,0.707106781,"-1, -3, -2, -2, -2, -3, -3, -2",contradiction,8,1.000000,-2.250000
902,SWBD-342,think,negation,"A: but that is one of my solutions. Uh... B: I know here in Dallas that they have just instituted in the last couple of years, uh, a real long period of time that you can absentee vote before the elections.",And I do not think they have seen a really high improvement.,they have seen a really high improvement,,present,I,first,singular,negation,SWBD,no,NA,NA,-2.1,0.567646212,"-2, -2, -3, -1, -2, -2, -2, -2, -2, -3",contradiction,10,1.000000,-2.100000
904,SWBD-344,think,negation,"B: Uh, my son's teacher has twenty-seven students. A: Uh-huh. B: And that's certainly is a lot of students for one person to deal with on an every day basis. Uh A: Yeah.  Perhaps. B:","but more than that, I don't think that they have the authority to command the attention of the children.",they have the authority to command the attention of the children,,present,I,first,singular,negation,SWBD,no,NA,NA,-2.090909091,1.044465936,"-3, -2, -3, 0, -3, -2, -3, -1, -2, -3, -1",contradiction,11,0.909091,-2.090909
905,SWBD-345,think,negation,"A: They, probably not enough, but I'm sure I lot of it's filtered down enough to the common folks that they have gotten wind, of what they're missing out on. B: Yeah, I think they're starting to realize,","but I just don't think they have the resources, if you were to compare, uh, the Americans to the Soviets as far as home computers are concerned or Fax machines and cellular phones, and state of the art equipment that we are so used to.",they have the resources,,present,I,first,singular,negation,SWBD,no,NA,NA,-2.125,0.640869944,"-2, -2, -2, -3, -2, -2, -3, -1",contradiction,8,1.000000,-2.125000
908,SWBD-348,think,negation,"A: But, I'm not real sure that we promised them anything. B: Uh-huh. A: I, that would have been stupid, B: Yeah. A:",and I don't think we did it.,they did it,,present,I,first,singular,negation,SWBD,no,NA,NA,-2,0.534522484,"-2, -2, -3, -1, -2, -2, -2, -2",contradiction,8,1.000000,-2.000000
909,SWBD-349,say,negation,"B: And, uh, I think they've all developed kind of an interest in reading also. A: That's re-, yeah. B:",I'm not saying they read all the right things,they read all the right things,,present,I,first,singular,negation,SWBD,no,NA,NA,-1.545454545,0.820199532,"-1, -1, -2, -1, -1, -1, -1, -1, -3, -2, -3",contradiction,11,1.000000,-1.545455
910,SWBD-35,say,modal,"B: I look at our big green containers, and I say, well, they work fine and I keep mine outside the garage so that I don't have any odors but it's clearly a place where, uh, uh, A: Oh, right. B: it will be interesting to see how well that works and I'm glad the community is doing it. Uh, it's one of those things that kind of has to be forced on people. Uh, I don't know what you saw back, uh, years ago,","but for me the thing that strikes me is uh, growing up in rural South Dakota where, hey the farmers brought their eggs to town and the local hatchery would candle them and package them is that, uh, in the fifties, uh, you could say we had the recycling going on then that we should have now. Which was all the milk bottles were glass",they had the recycling going on then that they should have now,AB,present,you,second,unknown,modal,SWBD,no,NA,NA,2.25,1.055289706,"3, 3, 1, 1, 3, 2, 3, 3, 3, 0, 2, 3",entailment,12,0.916667,2.250000
911,SWBD-350,think,negation,"B: And so that's what they were trying to do with the tax situation. And, of course, that's when he said well you render unto Caesar's what is Caesar's, you render unto God what is God's. A: Right. B: And, uh, you know, of course, there,","I don't think they really cared about the answer,",they really cared about the answer,,present,I,first,singular,negation,SWBD,no,NA,NA,-1.727272727,1.678744119,"-3, 1, -2, -2, -2, -2, -3, -2, -3, 2, -3",contradiction,11,0.818182,-1.727273
912,SWBD-351,think,negation,A: Your turn. B: Okay.,"Uh, I don't think they should abolish it.",they should abolish it,,present,I,first,singular,negation,SWBD,no,NA,NA,-1.7,1.159501809,"-1, -2, -1, -2, 1, -2, -2, -2, -3, -3",contradiction,10,0.900000,-1.700000
913,SWBD-352,think,negation,"B: And they go down the line ten years and then on some little technicality they get out and on the streets again doing the same they did before. A: Uh-huh. B: And, you know, that's about the only thing.","Like for theft and stuff like that or manslaughter, you know, I don't think they should do that.",they should do that,,present,I,first,singular,negation,SWBD,no,NA,NA,-1.9,1.791957341,"-2, -3, -3, -2, 3, -2, -3, -3, -2, -2",contradiction,10,0.900000,-1.900000
915,SWBD-354,think,negation,"A: Oh, wow! But maybe you shouldn't be held responsible for something you did several years ago. B: So,  I know. A: That's the other thing. I mean a lot of people as kids or, you know, young people get into some things that they get out of later on",and I don't think they should really have to pay for that forever.,they should really have to pay for that forever,,present,I,first,singular,negation,SWBD,no,NA,NA,-2.375,0.744023809,"-3, -3, -2, -2, -2, -3, -3, -1",contradiction,8,1.000000,-2.375000
916,SWBD-355,think,negation,"B: I wish they'd put those, that's why I say, did you stay up late to watch this Red Dwarf. It came on after Doctor Who, on Saturday nights, here at least. A: Uh-huh. B: And it should, of course I li- really it was,","I don't think they should show it during prime time,",they should show it during prime time,,present,I,first,singular,negation,SWBD,no,NA,NA,-2.416666667,0.900336637,"-3, -2, -2, -2, -2, -3, -3, 0, -3, -3, -3, -3",contradiction,12,0.916667,-2.416667
917,SWBD-356,see,negation,"B: Oh, I do too. A: So anyway it's still, B: Uh-huh, uh-huh. ","And, you know, if she wanted to go to combat, I do not see that they should stop her.",they should stop her,,present,I,first,singular,negation,SWBD,yes,NA,NA,-2.125,0.83452296,"-3, -1, -2, -2, -3, -2, -3, -1",contradiction,8,1.000000,-2.125000
918,SWBD-357,think,negation,"B: Uh, I have, uh, I guess a lot of thoughts about the Vietnam War, um, I guess I feel like I was pretty young while it was going on and so there's probably a lot of things I remember and a lot of things that I really didn't have a clue as to what was happening. B: Yeah. A: Um, looking back, like maybe some of the things that I know now, I'm not sure I do believe it was worth the cost in dollars and lives. That was one of the questions that she asked us to think about, because we never went to war.",I don't think we were committed to winning it and getting out,they were committed to winning the Vietnam War and getting out,,present,I,first,singular,negation,SWBD,no,NA,NA,-1.75,0.707106781,"-2, -3, -1, -1, -2, -2, -2, -1",contradiction,8,1.000000,-1.750000
920,SWBD-359,think,negation,"B: um, they try to encourage you to follow a specific curriculum, although you don't have to. A: Uh-huh. B: And then if you have particular religious beliefs they're kind of monitored. You know, they will allow you to, I can't think of any examples but certain religious groups don't want their children in public schools because the influence. And maybe they were a group of Mennonites or something like that. A: Uh-huh. B:",I don't think they're were in this area,they were in this area,,present,I,first,singular,negation,SWBD,no,NA,NA,-1.444444444,1.013793755,"-2, -2, -2, -2, -1, 1, -2, -1, -2",contradiction,9,0.888889,-1.444444
921,SWBD-36,say,modal,"B: That's right, it's all their fault. A: Well, I mean, it's more our fault than theirs at this point because they saw the light, um, I don't know why they um, were more able than we were","except I think, that they probably just said well, we're just going to start using the things now",they're just going to start using the things now,EP,past,they,third,plural,modal,SWBD,no,NA,NA,1.625,0.916125381,"0, 1, 2, 2, 3, 2, 1, 2",entailment,8,0.875000,1.625000
923,SWBD-361,think,negation,"A: I, that would have been stupid, B: Yeah. A: and I don't think we did it. Everything else we handled in this seemed to be perfectly right.",I don't think they would have done that.,they would have done that,,present,I,first,singular,negation,SWBD,no,NA,NA,-2.333333333,0.5,"-2, -2, -3, -2, -3, -2, -2, -2, -3",contradiction,9,1.000000,-2.333333
924,SWBD-362,think,negation,"A: I really don't. But no, when the time comes hopefully we'll really look around before I decide on one for my parents B: Uh-huh. A: really do, because I have been raised in one, you know, so there's lot of things I know to look for. B: Yeah. A:","And I don't think they'd want to go where they used to work, either you know.",they would want to go where they used to work,,present,I,first,singular,negation,SWBD,no,NA,NA,-1.818181818,1.401298099,"-2, -1, -2, -2, -2, -2, -3, -3, -3, -2, 2",contradiction,11,0.909091,-1.818182
926,SWBD-364,think,negation,"A: Really. If they were to take half of what they spend on that and put it on some economic, you know, intergovernmental or inter United States like programs that one really might. B: Yeah. A: I believe in paying my share, and I don't mind, uh, paying for some of these fringe benefits that people are entitled to. But I just sometimes feel like I'm being used.","But, uh, again I don't think we'll be able to do anything about it,",they'll be able to do anything about it,,present,I,first,singular,negation,SWBD,no,NA,NA,-2,0.707106781,"-2, -1, -1, -2, -2, -3, -3, -2, -2",contradiction,9,1.000000,-2.000000
927,SWBD-365,say,negation,"B: And as far as like them, uh, entertaining the rights that they should have. A: Uh-huh. B: I mean, we educate them, we feed them, we take care of them and they no sooner get out on the street and they're back in again. A: Uh-huh. B:","I'm not saying they're all bad,",they're all bad,,present,I,first,singular,negation,SWBD,no,NA,NA,-1.555555556,1.333333333,"-3, -1, -1, -1, -3, -1, -3, 1, -2",contradiction,9,0.888889,-1.555556
929,SWBD-367,think,negation,"A: Yeah, you're probably right, two years might be a little too long. B: Yeah, and there will be a lot of rebellion in that","and when you get people who have no desire to be there in the first place, I don't think that they're going to be serving anybody.",they're going to be serving somebody,,present,I,first,singular,negation,SWBD,no,NA,NA,-2.1,0.567646212,"-2, -3, -2, -2, -2, -1, -2, -2, -3, -2",contradiction,10,1.000000,-2.100000
930,SWBD-368,think,negation,A: How did Radio Shack work? B: If you go in and buy anything they want your phone number.,"And I don't think they're going to call me and ask me how it's functioning,",they're going to call him,,present,I,first,singular,negation,SWBD,no,NA,NA,-1.4,1.646545205,"2, -2, -2, -1, -3, -2, -2, 1, -2, -3",contradiction,10,0.800000,-1.400000
932,SWBD-37,see,modal,"A: Yes, um, I think that Plano has really done a fantastic job. I mean, at least their plans are good. Um, however, I was,","maybe you saw in the paper this morning that, um, they've had some problems with, the recycling on plastic,",they've had some problem with the recycling on plastic,EP,past,you,second,unknown,modal,SWBD,yes,NA,NA,2.545454545,0.522232968,"3, 2, 3, 3, 2, 2, 3, 2, 3, 2, 3",entailment,11,1.000000,2.545455
933,SWBD-370,think,negation,"B: But, I do n't get into uh, the real women libber movement, you know. A: No, I do n't either.",I do n't think they're ever going to prove that men and women are equal.,that they're going to prove that men and women are equal,,present,I,first,singular,negation,SWBD,no,NA,NA,-2.333333333,0.5,"-2, -3, -3, -2, -2, -2, -3, -2, -2",contradiction,9,1.000000,-2.333333
934,SWBD-371,think,negation,B: That's it. A: And that's not one of those things that you can turn the wheel back and reverse everything. B: Uh-huh.,"Well, right now our laws are so liberal that, uh, even with the death penalty in effect, I do n't think that, uh, they're going to use it, uh, too frequently, uh, unfortunately.",they're going to use it too frequently,,present,I,first,singular,negation,SWBD,no,NA,NA,-1.875,0.991031209,"-2, -2, -1, -2, -2, -3, -3, 0",contradiction,8,0.875000,-1.875000
935,SWBD-372,think,negation,"B: So, let's talk about the, uh, wonderful abuses in the State of Pennsylvania of personal property taxes whereby you can purchase something mail order and after the fact, the State of Pennsylvania can find out about it and send you a bill for the sales tax appropriate to that item that you purchased as well as interest and penalties from the time that you bought it. What do you think? Is Pennsylvania kind of out of line there? A:","Well, actually, I do n't think they're out of line.",they're out of line,,present,I,first,singular,negation,SWBD,no,NA,NA,-1.888888889,1.615893286,"-2, -3, -3, -2, -2, -3, 2, -3, -1",contradiction,9,0.888889,-1.888889
936,SWBD-373,think,negation,"A: I do too. I believe about ten years ago that we went through a terrible time, but I don't, I believe that they're better now, you know, wh-, B: I think so.",I don't think they're shoddy,they're shoddy,,present,I,first,singular,negation,SWBD,no,NA,NA,-2,1.095445115,"-2, -3, -3, -3, 0, -2, -2, -2, -2, 0, -3",contradiction,11,0.818182,-2.000000
937,SWBD-376,think,negation,"B: you know, sometimes I would go over, but you know, it wouldn't hit me in a big way because I knew that, uh, I would have it covered in that respect. A: Right.  Right. That's good.","I don't think we've gone that far, to pay it you know, in advance before we spend it,",they've gone that far,,present,I,first,singular,negation,SWBD,no,NA,NA,-1.4,1.349897115,"-2, 2, -2, -2, -2, -2, -2, 0, -2, -2",contradiction,10,0.800000,-1.400000
940,SWBD-379,think,negation,"A: but, it was interesting to, I don't know if they're making them better or not, it's hard to say. I think they more of their parts plastic, which, you know, makes things break easier, but I think the technology is better. B: I think technology is better, I'm not sure. I think you've got a good point with the plastic and that. A: About quality. B:","I don't think necessarily that, things are being made better uh, you know,",things are being made better,,present,I,first,singular,negation,SWBD,no,NA,NA,-1.625,1.685018016,"-3, -2, -1, -1, -3, -2, 2, -3",contradiction,8,0.875000,-1.625000
943,SWBD-381,think,negation,"A: Good morning. Um, I mean, if I start this I just wanted to say that, um, one of the things that I don't think we really understood about the middle eastern situation is that they're a totally different type of people than we are, and I mean they think differently and their idea of what is justice is totally different from ours. and right now, I think that that's been proven in the fact that, um, they have just, well, anyway, I just think that, you know, the United States policy over there, I think we should just leave them alone. I really do. in a major way because um, that whole region over there, I think needs to settle its own differences within itself. B: Yeah. A: And that's the course that they should go, I mean, you know, we can maybe help them a little bit, prompt them,",but I don't think this intervention at such high levels should be going on.,this intervention at such high levels should be going on,,present,I,first,singular,negation,SWBD,no,NA,NA,-2.363636364,0.504524979,"-2, -2, -2, -3, -2, -3, -2, -2, -3, -2, -3",contradiction,11,1.000000,-2.363636
944,SWBD-382,know,negation,"B: and, you know, they just love kittens. A: Yeah. B: They just are fascinated. A: Oh, yeah. B:",So she doesn't know that this is a cat yet.,this is a cat,,present,she,third,singular,negation,SWBD,yes,NA,NA,2.2,1.229272594,"3, 0, 3, 3, 3, 3, 0, 3, 2, 2",entailment,10,0.800000,2.200000
945,SWBD-383,think,negation,"A: Yeah, but, uh, I guess most of the things that happen around here are pretty, uh, innocuous. Although, uh, from what I hear in the news, and I saw an episode of the TV show, COPS uh, one time that was in Pittsburgh, B: Uh-huh. A: and, uh, it did surprise me, because, you know, they were doing drug arrests and things like that,","but I don't really think those things happen too often because, like I said, from what's reported in the news, at least, it's not all that common.",those things happen too often,,present,I,first,singular,negation,SWBD,no,NA,NA,-1.9,1.100504935,"-3, -2, -2, -2, -2, -2, 1, -3, -2, -2",contradiction,10,0.900000,-1.900000
948,SWBD-386,think,negation,"A: People are always mo-, you know, one out of every seven people moves every year. Uh, that is almost a fourteen percent turnover every, you know, B: Uh-huh. A: if you compound that, uh, eh- eh, if it is difficult to register to vote, that would remove your eligibility to vote. B:","But I do not think it is difficult enough to prevent people who are motivated in the first place, or, who are not just motivated who really believe that their voice is heard.",voter registration is difficult enough to prevent people who are motivated in the first place,,present,I,first,singular,negation,SWBD,no,NA,NA,-1.8,0.788810638,"-2, -2, -3, -2, 0, -1, -2, -2, -2, -2",contradiction,10,0.900000,-1.800000
951,SWBD-389,think,negation,"A: It was just a side benefit. B: Yeah, yeah, because, I'm not big or anything, but I'm not in great shape, But when I worked out, I got in pretty good shape. I didn't build up muscle, though, I just got real good and toned. A: Yeah. B:",I don't think women look good with muscles.,women look good with muscles,,present,I,first,singular,negation,SWBD,no,NA,NA,-1.8,2.043961296,"2, -3, -3, -2, -3, 2, -3, -3, -2, -3",contradiction,10,0.800000,-1.800000
953,SWBD-390,think,negation question,"A: and, they seem pretty, you know, they don't have the hard body. They don't have that perfect look, and an awful lot of exercise is sort of image conscious. But you know, they live to a hundred and ten some, you know, B: Yeah, A: And, that's, B:","Well, don't you think a lot of that is diet too?",a lot of that is diet  too,,present,you,second,unknown,question,SWBD,no,NA,NA,1.25,1.288057029,"3, 2, 2, -2, 2, 1, 2, 0, 1, 1, 2, 1",entailment,12,0.833333,1.250000
954,SWBD-391,think,negation question,"B: All right, well. A: Um, short term, I don't think anything's going to be done about it or probably should be done about it. B: Right. ","Uh, are you saying you don't think anything should be done in the short term?",anything should be done in the short term,,present,you,second,unknown,question,SWBD,no,NA,NA,0,0,"0, 0, 0, 0, 0, 0, 0, 0, 0",neutral,9,1.000000,0.000000
957,SWBD-394,think,negation question,"A: I do too, so she couldn't possibly turn them out like some of these popular writers, B: Huh-uh. A: but oh, her books are just incredible.","I don't think they've ever made a movie, do you?",they've ever made a movie,,present,I,first,singular,question,SWBD,no,NA,NA,-1.363636364,0.924416278,"-1, -1, -2, -3, -2, -2, -1, -2, 0, 0, -1",contradiction,11,0.818182,-1.363636
959,SWBD-396,think,question,"B: Right. And I'm sure that would make a big difference, too. You know, you've got, A: Yeah. Well, what about a voluntary program?",Do you think that would be a good idea?,a voluntary program would be a good idea,,present,you,second,unknown,question,SWBD,no,NA,NA,0.090909091,0.301511345,"0, 0, 0, 0, 1, 0, 0, 0, 0, 0, 0",neutral,11,0.909091,0.090909
960,SWBD-397,think,question,"B: I can understand that very easily. I've had a class on, um, R Base and also in Paradox A: Uh-huh. B: and both of those seem very easy to use compared to D Base. A: Uh-huh.",Do you think D Base is more flexible or allows you to do more.,D Base is more flexible,,present,you,second,unknown,question,SWBD,no,NA,NA,0,0,"0, 0, 0, 0, 0, 0, 0, 0",neutral,8,1.000000,0.000000
961,SWBD-398,notice,question,"B: You know, how can you help depending on the day care center, you know, A: Yeah. B: you got to when you hear about all the horrible things that happen in day care centers,","have you ever noticed they're always like a family owned center where the mother and the daughter and the son run it, you know, kind of thing.",day care centers are always like a family owned center,,past,you,second,unknown,question,SWBD,yes,NA,NA,2.5,0.755928946,"3, 1, 3, 3, 2, 3, 3, 2",entailment,8,1.000000,2.500000
962,SWBD-399,know,question,"A: It's no more costly than renting one. The last, see I went about two or three weeks ago and saw FX TWO and that is a really good movie, if you like special effects, kind of gory and lots of, you know action. B: Uh-huh.  I have not done that one, I don't know if I have even heard of that one. A:","Um, do you know that I don't follow performers,",he doesn't follow performers,,present,you,second,unknown,question,SWBD,yes,NA,NA,2,2.138089935,"3, 3, 3, 3, -3, 1, 3, 3",entailment,8,0.875000,2.000000
963,SWBD-4,know,conditional,"B: So again, it never really penalizes, the company doing the wrong. A: Right. That will, B: They can go right on doing the same old thing they always used to. A: Huh. B:","And if they know some practice is wrong, you know,",some practice is wrong,,present,they,third,plural,conditional,SWBD,yes,NA,NA,1.272727273,1.103712743,"-1, 1, 2, 1, 1, 2, 1, 2, 0, 3, 2",entailment,11,0.818182,1.272727
965,SWBD-400,think,question,"A: Now the best, the supporting actor, he was good, but from what I heard, the guy who got it was better, so you know, I can see that. B: Yeah. A: But, oh, B:",You think my daughter would like it?,her daughter would like it,,present,you,second,unknown,question,SWBD,no,NA,NA,-0.2,0.632455532,"0, 0, 0, 0, 0, 0, 0, -2, 0, 0",neutral,10,0.900000,-0.200000
966,SWBD-401,know,question,"A: in a lot of parts, yeah. I know Texas is supposed to be flat, but you know, down by the Denison Dam there's a lot of, uh, B: Uh-huh.  Sherman and Denison,",do you know my grandparents live in Durant?,her grandparents live in Durant,,present,you,second,unknown,question,SWBD,yes,NA,NA,3,0,"3, 3, 3, 3, 3, 3, 3, 3, 3, 3",entailment,10,1.000000,3.000000
967,SWBD-402,know,question,"A: Um, yeah, I guess that's not an easy solution. there's no easy solution for that. B: Uh-huh.  I don't know that there is an easy solution, but if you could find a way to prevent some of it, and I'm not sure what it would be. It would be money better spent than, A: Uh-huh. B:",do you know it costs more to keep an inmate on death row than it does to send a kid to Harvard?,it costs more to keep an inmate on death row that it does to send a kid of Harvard,,present,you,second,unknown,question,SWBD,yes,NA,NA,1.75,1.58113883,"2, 2, 2, 2, 3, -2, 2, 3",entailment,8,0.875000,1.750000
970,SWBD-405,think,question,"B: So am I. A: Are you, B:","You know, I think it's kind of coming back around to that, don't you,",it's kind of coming back around to that,,present,I,first,singular,question,SWBD,no,NA,NA,1.416666667,1.240112409,"1, 1, 2, -2, 2, 1, 2, 2, 1, 2, 3, 2",entailment,12,0.916667,1.416667
971,SWBD-406,know,question,"B: the Arabs all of a sudden uh, are cheering for Baker on his drive to reconcile relations with the Israelis, so it's like, A: Well, Baker is really not very much pro Israel. B: Yeah I, A:","And did you know John Sununu is, uh, half Arab?",John Sununu is half Arab,,past,you,second,unknown,question,SWBD,yes,NA,NA,1.777777778,0.833333333,"2, 3, 2, 2, 2, 2, 1, 2, 0",entailment,9,0.888889,1.777778
972,SWBD-408,hypothesize,question,"B: how'd you like to own a piece of property where your lake is going sour because of acid rain. A: Right.  Right. B: It's, uh, really a serious issue for those of us up in this, uh, sector up here. A:","um, or do you hypothesize that most of the, uh, smog or air pollution comes from vehicles",most of the smog or air pollution comes from vehicles,,present,you,second,unknown,question,SWBD,no,NA,NA,0,0,"0, 0, 0, 0, 0, 0, 0, 0, 0, 0",neutral,10,1.000000,0.000000
975,SWBD-410,think,question,"B: Um, gee, I don't, I mean, I guess it's the stuff that comes out of automobile exhaust, you know, they say in the paper nitrous oxides and ozone and all that. A: Right. B: So, I believe them but I'm not a chemist. A:","uh, do you think that those are bigger contributors than things like acid rain and some of the pollutants that come from, uh, industrial areas, factories and so on?",nitrous oxides and ozone are bigger contributors than things like acid rain,,present,you,second,unknown,question,SWBD,no,NA,NA,0,0,"0, 0, 0, 0, 0, 0, 0, 0, 0",neutral,9,1.000000,0.000000
979,SWBD-414,find,question,"A: Boy that really takes someone who is bold to do that. B: Well, yeah, it's pretty bad. A:","Well, now, do you find that security is very good in a town home?",security is very good in a town home,,present,you,second,unknown,question,SWBD,yes,NA,NA,0.090909091,0.301511345,"0, 0, 0, 0, 0, 0, 0, 1, 0, 0, 0",neutral,11,0.909091,0.090909
985,SWBD-42,believe,modal negation,"A: I thought Carter was good too, and that was, yeah, B: Did you? I always liked him, I thought he was great at the time and I just couldn't get over the fact that Reagan beat him.","you know, that I just couldn't believe that he got voted out.",Carter got voted out,AB,past,I,first,singular,negation,SWBD,no,NA,NA,2,1.885618083,"3, 3, 3, 3, 3, 2, -1, -2, 3, 3",entailment,10,0.800000,2.000000
987,SWBD-421,think,question,"A: Well I, uh, when is your next one, uh, scheduled now. B: Well it's like, the last one was my high school graduation the next one was when I graduated from college, so I guess about two more years. A: Yes, well,",and do you think you'll have a baby to take back with you.,speaker B will have a baby to take back with her,,present,you,second,unknown,question,SWBD,no,NA,NA,0,0,"0, 0, 0, 0, 0, 0, 0, 0",neutral,8,1.000000,0.000000
989,SWBD-423,think,question,"B: Yeah, it's called VCX or something like that. Also called Delta Clipper, which is a decent name for something like that. A: Wow.  Well, I don't know.","you think you'd, uh, go up in space if you had a chance?",speaker B would go up in space if he had a chance,,present,you,second,unknown,question,SWBD,no,NA,NA,-0.2,0.632455532,"0, 0, 0, 0, -2, 0, 0, 0, 0, 0",neutral,10,0.900000,-0.200000
994,SWBD-428,think,question,"A: Uh, I saw Seven Eleven that was hiring. B: Well, I'm sure with the new, uh, contract awarding","I think it went to Lockheed, didn't it?",the contract went to Lockheed,,present,I,first,singular,question,SWBD,no,NA,NA,1.090909091,0.70064905,"1, 1, 0, 0, 1, 2, 1, 1, 2, 1, 2",entailment,11,0.818182,1.090909
999,SWBD-432,think,question,"A: That most of it is plea bargained, uh, half way through or most of the cases are plea bargained anyway. B: Right. A: But, uh, uh, how do you feel uh, about the jury system itself?",do you think that should be changed?,the jury system should be changed,,present,you,second,unknown,question,SWBD,no,NA,NA,0.375,1.060660172,"0, 0, 3, 0, 0, 0, 0, 0",neutral,8,0.875000,0.375000
1003,SWBD-436,think,question,B: and both of those seem very easy to use compared to D Base. A: Uh-huh. Do you think D Base is more flexible or allows you to do more.,Or do you think the others are pretty much compatible these days?,the others are pretty much compatible these days,,present,you,second,unknown,question,SWBD,no,NA,NA,0.2,0.632455532,"0, 2, 0, 0, 0, 0, 0, 0, 0, 0",neutral,10,0.900000,0.200000
1004,SWBD-437,think,question,"B: But I think with the way the future is, um, economy wise, I don't think it's going to be realistic. A: I know. Unfortunately, that's probably true.","Um, do you think the parents spend quality time with their kids",the parents spend quality time with their kids,,present,you,second,unknown,question,SWBD,no,NA,NA,-0.375,1.060660172,"0, 0, 0, 0, -3, 0, 0, 0",neutral,8,0.875000,-0.375000
1006,SWBD-439,think,question,"B: although in my case I might have been more, uh, sympathetic with the person who got caught, I don't know. A: Uh-huh.  So, uh, were the, uh, sentences that the judge handed out what you thought to be fair, or would,","if you were deciding, do you think that they would have been different.",the sentences would have been different,,present,you,second,unknown,question,SWBD,no,NA,NA,-0.166666667,0.577350269,"0, 0, 0, 0, 0, 0, -2, 0, 0, 0, 0, 0",neutral,12,0.916667,-0.166667
1013,SWBD-445,guess,question,A: I think there really is. B: It's kind of an easy thing to talk about. A:,"Oh, I guess the work force would be the main, wouldn't it.",the work force would be the main,,present,I,first,singular,question,SWBD,no,NA,NA,1.416666667,0.668557923,"1, 1, 1, 1, 1, 2, 3, 1, 1, 2, 2, 1",entailment,12,1.000000,1.416667
1015,SWBD-447,think,question,"B: Uh-huh. So, yeah, that's the thing is just to look at the school system in the area that you move into before you. A: Uh-huh. Of course we have a slight problem in that, uh, the number of the illiterate in America is mushrooming at this point, and, uh, you know, where our kids might be in a great school, we're still paying an awful lot of taxes for people who are on welfare and unemployment because they can't read, you know. B: Uh-huh. A: So. B:","But do you think that there should be, um, nationwide, um, curriculum?",there should be a nationwide curriculum,,present,you,second,unknown,question,SWBD,no,NA,NA,0,0,"0, 0, 0, 0, 0, 0, 0, 0, 0",neutral,9,1.000000,0.000000
1017,SWBD-449,understand,question,"A: Oh, okay. uh, you ready to begin? B: We might as well. A: Oh, okay. Okay. B:","I understand we are doing care of the elderly, right?",they are doing care of the elderly,,present,I,first,singular,question,SWBD,yes,NA,NA,1.2,1.316561177,"2, 1, -2, 1, 3, 2, 1, 2, 1, 1",entailment,10,0.900000,1.200000
1019,SWBD-450,think,question,"B: And yet, uh, I we-, I hope to see employer based, you know, helping out. You know, child, uh, care centers at the place of employment and things like that, that will help out. A: Uh-huh. B: What do you think,","do you think we are, setting a trend?",they are setting a trend,,present,you,second,unknown,question,SWBD,no,NA,NA,0.1,0.316227766,"0, 0, 0, 0, 0, 0, 0, 0, 1, 0",neutral,10,0.900000,0.100000
1020,SWBD-451,think,question,"A: that's one difference. There really wasn't a lot of difference. B: I didn't, see I never even heard that there was a book tied in with that movie. That's interesting. That was a good movie, too. A:","Well, do you think we covered baseball?",they covered baseball,,present,you,second,unknown,question,SWBD,no,NA,NA,-0.1,0.737864787,"-2, 0, 0, 0, 0, 0, 0, 0, 1, 0",neutral,10,0.800000,-0.100000
1021,SWBD-452,think,question,"A: So, we're comparable. B: Yeah. A: As a matter of fact, I just paid my Richardson taxes because I live in Richardson and supplemented the Robin Hoods very thoroughly, I think. B: Yeah,","I think Yeah, we have got it on the line, don't we.",they have got it on the line,,present,I,first,singular,question,SWBD,no,NA,NA,1.8,1.032795559,"3, 2, 1, 2, 0, 3, 1, 3, 2, 1",entailment,10,0.900000,1.800000
1022,SWBD-453,think,question,"B: Yeah, that's probably true. You know A: But, I think that's a small, uh, number could, B:","but even through those groups, do you think that they participate as much as maybe they used to?",they participate as much as maybe they used to,,present,you,second,unknown,question,SWBD,no,NA,NA,0,0,"0, 0, 0, 0, 0, 0, 0, 0",neutral,8,1.000000,0.000000
1025,SWBD-456,think,question,"A: Sometimes you hear things on the radio that, you know, could be true or couldn't be. B: Uh-huh. A: Uh, do you feel like this is, I guess they're spending a billion or so a year on this AIDS research. B: Uh-huh. A:",Do you think they should spend more?,they should spend more,,present,you,second,unknown,question,SWBD,no,NA,NA,0.272727273,0.904534034,"0, 0, 3, 0, 0, 0, 0, 0, 0, 0, 0",neutral,11,0.909091,0.272727
1026,SWBD-457,think,question,"B: when you've lost something or uh, uh, don't have what other people have that's when you tend to realize, you know, what's out there and you know, what you have and what you don't have. A: Yeah I agree. B: So the original question,","do we think they're you know, a security threat?",they're a security threat,,present,we,first,plural,question,SWBD,no,NA,NA,0.1,0.316227766,"0, 0, 0, 0, 0, 0, 0, 1, 0, 0",neutral,10,0.900000,0.100000
1029,SWBD-46,say,modal negation,"A: It's depressing. B: Uh-huh, it is, and you know, you don't spi-, well. Speaking for myself I don't sleep as well, when I am not exercising, and uh, it's harder to get out of bed in the morning and all kinds of stuff, your body just gets used to it. Yeah, I don't particularly enjoy it. Well I used to lift weights an awful lot, and stuff like that. I do enjoy riding bike,","but as far as the working out and lifting and things like that. Uh, I can't say I really enjoyed it all that much,",he really enjoyed working out and lifting all that much,AB,present,I,first,singular,negation,SWBD,no,NA,NA,-2.4,0.516397779,"-2, -2, -2, -2, -2, -3, -2, -3, -3, -3",contradiction,10,1.000000,-2.400000
1030,SWBD-460,think,question,"A: And I haven't quite figured that out, if they figure they have got it won or if there's no real hurry because the first three quarters or, uh, uh, if something happens that that adrenalin starts flowing. They say, hey, we got to do something now. And then start playing the game the way the game should be played toward the last few minutes. B: Yeah. A: So, I don't know I'm looking for a good year. I guess we're always looking for a good year. B:","So, obviously though, do you think they're going to do anything in the playoffs to make it to the Super Bowl this year",they're going to do anything in the playoffs to make it to the Super Bowl this year,,present,you,second,unknown,question,SWBD,no,NA,NA,-0.090909091,0.70064905,"0, 0, 0, -2, 0, 0, 0, 0, 1, 0, 0",neutral,11,0.818182,-0.090909
1031,SWBD-461,guess,question,"A: Well, I don't know, uh, I have a hard time getting, uh, people on the telephone. B: Oh really. A: Uh-huh, getting through to anybody. Sometimes I call off and on all day, B: Huh. A:","but anyway, uh, I guess we're supposed to be talking about family reunions aren't we.",they're supposed to be talking about family reunions,,present,I,first,singular,question,SWBD,no,NA,NA,2,0.5,"1, 2, 2, 2, 2, 2, 2, 3, 2",entailment,9,1.000000,2.000000
1033,SWBD-463,think,question,"B: uh, but it's worked out for my family, to have my cake and eat it too, kind of thing. A: Yeah.  Yeah, that's a good deal. Where do you think this is going in the future,","I mean, do you think things are going to change,",things are going to change,,present,you,second,unknown,question,SWBD,no,NA,NA,0.4,0.843274043,"2, 0, 2, 0, 0, 0, 0, 0, 0, 0",neutral,10,0.800000,0.400000
1036,SWBD-466,think,question,"A: Yeah, thirty years ago I had a college job, uh, working as a programmer and we had to write code in binary and, uh, have it punched in on those little cardboard cards which, I don't think exists anymore. B: I know.  No. A: You never see one of those punch cards anymore. B:","Uh, I think TV has a lot to do with the changes, too. Don't you?",TV has a lot to do with the changes,,present,I,first,singular,question,SWBD,no,NA,NA,0.8,1.032795559,"2, -1, 1, 1, 1, -1, 1, 2, 1, 1",entailment,10,0.800000,0.800000
1037,SWBD-467,think,question,"A: Yeah. The radio doesn't really have much news sometimes. The stations I listen to are just mainly music. B: Yeah, I think you pretty much have to listen to all news station to get any news at all. A: Yeah.","Do you think that TV is, uh, pretty accurate.",TV is pretty accurate,,present,you,second,unknown,question,SWBD,no,NA,NA,0,0,"0, 0, 0, 0, 0, 0, 0, 0",neutral,8,1.000000,0.000000
1038,SWBD-468,notice,question,"A: No, not really. I spends a lot of time with our income tax, though. especially, this year and last year. Um, I have been married for just a few years, so I've had to really switch around from the EZ form to the, uh, B: Schedule A. A: Right. B: Well, yeah. A: All the deductions and all that. B:","Did you notice that when they passed the new simplified tax act, it seemed like it made everything harder?",when they passed the new simplified tax act  it seemed like it made everything harder,,past,you,second,unknown,question,SWBD,yes,NA,NA,2.090909091,0.53935989,"2, 2, 2, 2, 2, 1, 3, 3, 2, 2, 2",entailment,11,1.000000,2.090909
1040,SWBD-47,say,modal negation,"A: uh I picked up a bunch of Craftsman tools from the forties that my wife's father owned when he was alive B: Uh-huh. A: and so I do have a band saw and a router and, uh, things like that out in the garage.",But I can't say I use them very often.,he uses them very often,AB,present,I,first,singular,negation,SWBD,no,NA,NA,-2.125,1.726888201,"2, -2, -3, -2, -3, -3, -3, -3",contradiction,8,0.875000,-2.125000
1041,SWBD-470,know,negation question,"A: Yeah, it's interesting because, uh, we're just having conversation on this, uh, with a couple of people yesterday. And I was expressing my frustrations that, uh, so many problems, I work in a high school, are that kids don't have a degree of self-discipline which may be reflected in society at large. Uh, and you can't expect in a classroom for a particular course an hour a day to counteract, uh, sixteen or seventeen years of influence at home. B: Right. A: Um, and, it's seen more so because when you call parents up, many parents won't even recognize that there is a problem and they'll say, oh, well, my kid, I've never heard anything about this before. This is the first time there have been problems.","and, you wonder, don't these parents know that teachers talk,",teachers talk,,present,parent,third,plural,question,SWBD,yes,NA,NA,2.444444444,1.666666667,"3, -2, 3, 3, 3, 3, 3, 3, 3",entailment,9,0.888889,2.444444
1042,SWBD-48,feel,modal negation,"A: Right, they don't want anyone with particular experience or knowledge of the legal system. B: Exactly.  Uh-huh, exactly. Uh, A: And they tend, and since anyone can get out of it who basically says they don't want to do it, I mean, you know, it's anyone can get out of jury just about, uh, so, uh, it's not really my peers that, let's say I were arrested falsely or not and put up for a jury","I wouldn't feel that, uh, I would be being tried by a jury of my peers.",he would be being tried by a jury of his peers,CI,present,I,first,singular,negation,SWBD,no,NA,NA,-1.454545455,1.572490786,"-2, -1, -2, -3, -2, -2, -2, 3, -1, -2, -2",contradiction,11,0.909091,-1.454545
1044,SWBD-50,believe,modal negation,"B: Yeah, it is. A: For instance, B: I'm a historian, and my father had kept them, I think, since nineteen twenty-seven uh, but he burned the ones from twenty-seven to fi-, A: My goodness. B:","I could not believe he did that,",his father burned the ones from twenty-seven,AB,past,I,first,singular,negation,SWBD,no,NA,NA,2.25,1.38873015,"3, 3, 2, 3, 3, -1, 3, 2",entailment,8,0.875000,2.250000
1048,SWBD-54,say,modal negation,B: not going to help. It's never helped my personal situation.,I can't say it would help with theirs either.,it would help with their personal situation,AB,present,I,first,singular,negation,SWBD,no,NA,NA,-2,1.414213562,"-2, -3, -1, -3, 0, -3, -3, -1, -3, 1, -3, -3",contradiction,12,0.833333,-2.000000
1049,SWBD-55,imagine,modal negation,"B: What you want. where do they get it?. A: Well, I don't know, I guess they don't have it at home, B:","I can't imagine it would stay fresh long enough to,",it would stay fresh long enough,AB,present,I,first,singular,negation,SWBD,no,NA,NA,-1.375,1.597989809,"-1, 2, -1, -2, -3, -1, -3, -2",contradiction,8,0.875000,-1.375000
1050,SWBD-56,see,modal negation,"B: so there's only been really one working. A: Uh-huh, same here. Uh-huh. B: And, uh, it works for me",but I can't see that it would work for probably the majority of people.,it would work for probably the majority of people,AB,present,I,first,singular,negation,SWBD,yes,NA,NA,-1.375,1.505940617,"-2, -2, -2, -2, -1, -1, 2, -3",contradiction,8,0.875000,-1.375000
1055,SWBD-60,say,modal negation,"B: Well, that's kind of the way I feel about rock and roll sometimes, too, I guess. They don't really, has kind of the same sound over and over, and the other thing I don't like about it is they have a tendency to play the instrumental so loud that you can't understand what the lyrics are A: Um. Right. B: you can't understand what they're saying on some of those songs which probably is just as well on some of them, too. A: Yeah.","And I can't say that I like a lot of the very modern, uh, rock and roll,",she likes a lot of the very modern rock and roll,AB,present,I,first,singular,negation,SWBD,no,NA,NA,-1.4,1.712697677,"-1, 1, 2, -2, -3, -3, -2, -3, -2, -1",contradiction,10,0.800000,-1.400000
1056,SWBD-61,say,modal negation,"A: so I watch the fish, you know. Whatever I can do to keep myself occupied. I like to have the TV on, because that usually keeps me, um, more occupied. It kind of takes the time away and I don't realize, that's really the only time I ever watch TV, is when I'm on the bike. and then usually after I'm done riding the bike, just to cool myself down, I usually take a walk, you know, and that just kind of uh, gets me, you know, to where I'm not quite as tired I guess. But it's definitely a task. B: You think so? A:",I can't say that I really enjoy it.,she really enjoys it,AB,present,I,first,singular,negation,SWBD,no,NA,NA,-2.5,0.527046277,"-2, -3, -2, -3, -2, -3, -2, -3, -2, -3",contradiction,10,1.000000,-2.500000
1059,SWBD-65,believe,modal negation,"A: Yes, yes it is. Down in the more southern and western areas. And, of course we are, um, about two hours from the northern border, straight south, B: Yeah. A: and, uh, very windy.","It's amazing to me because I have only lived in Dallas for three years, and I can not believe that the wind blows all the time.",the wind blows all the time,AB,present,I,first,singular,negation,SWBD,no,NA,NA,1.7,1.766981104,"3, 2, 2, 2, 2, -3, 3, 3, 1, 2",entailment,10,0.900000,1.700000
1061,SWBD-67,say,modal negation,"B: Yeah. I understood that. you know, I work full time and I have two kids so my spare time usually involves something with the kids. A: Yeah. B: You know, hobbies,",I can't really say that we have hobbies.,they have hobbies,AB,present,I,first,singular,negation,SWBD,no,NA,NA,-1.875,0.83452296,"-2, -3, -1, -3, -2, -2, -1, -1",contradiction,8,1.000000,-1.875000
1062,SWBD-68,believe,modal negation,"A: But, no it would seem like it would be the same way on the California coastline, wouldn't it? B: Oh, gosh, I think I would hate to live in California, the smog there. A: Uh-huh. B:","I mean, I can't believe they have warnings here, which it's mainly just when it gets real, real hot.",they have warnings here,AB,present,I,first,singular,negation,SWBD,no,NA,NA,2.333333333,1.435481125,"2, 2, 3, 3, -2, 3, 3, 2, 3, 3, 3, 3",entailment,12,0.916667,2.333333
1063,SWBD-69,believe,modal negation,"B: No, it was, I didn't like the way it ended. A: I know, well the only reason I know why it ended is on Arsenio Hall one night, Christopher Reeves told, that, you know, B: Uh-huh. A:",I can't believe they killed them.,they killed them,AB,present,I,first,singular,negation,SWBD,no,NA,NA,2.2,1.475729575,"3, 2, 3, 3, 3, -1, 3, 3, 3, 0",entailment,10,0.800000,2.200000
1065,SWBD-70,believe,modal negation,"B: Yeah. Those are pretty. A: Number one turned out just great,",and the lady said she couldn't believe that they know that I had done it in the color that they had decorated the nursery,they know that she had done it in the colors that they had decorated the nursery,AB,past,she,third,singular,negation,SWBD,no,NA,NA,1.909090909,1.300349603,"3, 3, 1, 3, 3, -1, 2, 1, 2, 3, 1",entailment,11,0.909091,1.909091
1070,SWBD-75,think,negation,"A: That is the reason, I don't play over there. B: Yeah. A: I like the course, but I don't play over there because, they don't, uh, you know don't allow you to pull a cart. B: Right. A:","And, I don't think a cart damages the turf.",a cart damages the turf,,present,I,first,singular,negation,SWBD,no,NA,NA,-2.125,0.640869944,"-3, -2, -2, -3, -2, -2, -1, -2",contradiction,8,1.000000,-2.125000
1072,SWBD-77,think,negation,"A: Okay. Uh, one of the things they talked about was, uh, what do we think about a judge making the decision? B: Uh-huh. A: And I really don't agree with that. I think that the trial by jury is better, uh, you know, having a unanimous decision rather than to have one person be responsible.","I don't think that they could be objective in every case, every time.",a judge could be objective in every case,,present,I,first,singular,negation,SWBD,no,NA,NA,-2.5,0.534522484,"-2, -3, -3, -2, -2, -3, -3, -2",contradiction,8,1.000000,-2.500000
1073,SWBD-78,think,negation,"B: I do not know. I wonder where he gets it? You know, you must, I think TV is bad. Because they, uh, show all sorts of violence on, A: That and I do not think a lot of parents, I mean, I do not know how it is in the Air Force base. But, uh, I just do not think a lot of people, because of the economy, both need to work, you know.",I just do not think a lot of parents are that involved any more.,a lot of parents are that involved,,present,I,first,singular,negation,SWBD,no,NA,NA,-2,0.852802865,"-3, -3, -1, -1, -2, -2, -2, -2, -3, -1, -1, -3",contradiction,12,1.000000,-2.000000
1074,SWBD-79,think,negation,"A: Highland Park's thinking about going that route. B: Uh-huh. A: So it, and then I think that's going to push teachers to dress a lot more professionally than they do. B: Yeah,",I don't think a lot of teachers are very professional,a lot of teachers are very professional,,present,I,first,singular,negation,SWBD,no,NA,NA,-2,1.309307341,"-3, -2, 1, -2, -3, -2, -3, -2",contradiction,8,0.875000,-2.000000
1076,SWBD-80,think,negation,"A: Now the part about where you said the apartment complex puts up signs that says no soliciting, I've even gone so far as to put that, I've got a storm door on the front of the house and I've put, in, I don't know how much clearer it can be, it's a red sign with silver letters saying no soliciting. I guess I should make another one that says religious or otherwise, cause I still get, B: Yeah, yeah, that's true, yeah. No I didn't go that far but, uh, yeah I probably could do the same thing, uh, you know, I don't have a storm door, but I'm sure I could rig up something.",But you know I don't think that that would stop people.,a no soliciting sign would stop people,,present,I,first,singular,negation,SWBD,no,NA,NA,-1.545454545,1.12815215,"-2, -2, 0, -1, -2, -2, 1, -2, -2, -2, -3",contradiction,11,0.818182,-1.545455
1079,SWBD-83,think,negation,A: That's true. B: And they're going to be really struggling,and I don't think that America is currently the type of environment where struggling up from the bottom is necessarily considered to be good.,America is currently the type of environment where struggling up from the bottom is necessarily considered to be good,,present,I,first,singular,negation,SWBD,no,NA,NA,-1.8,1.316561177,"1, -3, -1, -3, -1, -2, -1, -3, -2, -3",contradiction,10,0.900000,-1.800000
1080,SWBD-84,think,negation,"B: But I like dogs and my husband likes cats. So we haven't reached a real agreement on that yet. If we get a place where we can have both, it'll be great, but until then, A: Yeah, I like both,","but since I'm in an apartment, I don't think an apartment is big enough for a dog.",an apartment is big enough for a dog,,present,I,first,singular,negation,SWBD,no,NA,NA,-2.1,0.737864787,"-1, -1, -2, -2, -2, -3, -2, -3, -2, -3",contradiction,10,1.000000,-2.100000
1082,SWBD-86,think,negation,"A: Okay. Well, let's see, well, we keep our paper bags lined up in the garage for glass and, uh, plastics and, uh, we make the dump over to the Wal-Mart bins there as soon as they're full. I guess we collect milk cartons and whatever other plastics are acceptable. B: Are you in the part of town where, uh, they have gotten into the other containers yet for recycling? A: No, no,",I didn't think that anybody had those at all yet.,anybody had recycling containers at all yet,,past,I,first,singular,negation,SWBD,no,NA,NA,-1.75,0.707106781,"-2, -1, -1, -3, -2, -1, -2, -2",contradiction,8,1.000000,-1.750000
1083,SWBD-87,believe,negation,"B: he refuted it, it just was not effective enough to... A: Well, he didn't refute it til the last two weeks of the campaign. He didn't believe anybody would believe that. And indeed his trend started upward. B:","Well see, I didn't believe anybody would believe that either.",anybody would believe that,,past,I,first,singular,negation,SWBD,no,NA,NA,-1.777777778,1.56347192,"-3, 2, -2, -2, -2, -3, -1, -2, -3",contradiction,9,0.888889,-1.777778
1085,SWBD-89,think,negation,"A: Yeah, I think that's what aggravates a lot of people, is somebody does get a life sentence in place of the death penalty, and they wind up back on the streets after five years or six years or like the kid on the news tonight out in Mesquite who was out in six months.. B: Uh-huh. Yeah, it's just our criminal system is just so, I guess, overloaded, but the problem is not so much with the prison system, you know, I mean, because the cops are out there doing their job enforcing the laws, and the prison system are just, you know, they're trying to cope with them, but, you know, the thing about capital punishment I, you know,","a lot of people don't think it would be a deterrent, uh, to future crime,",capital punishment would be a deterrent to future crimes,,present,people,third,singular,negation,SWBD,no,NA,NA,-1.583333333,0.900336637,"-3, -2, -2, -2, -2, 0, -2, -2, -1, -1, -2, 0",contradiction,12,0.833333,-1.583333
1087,SWBD-90,believe,negation,"A: No, it doesn't. B: And, of course, your court system when you get into the appeals,",I don't believe criminal is in a court by itself.,criminal is in a court by itself,,present,I,first,singular,negation,SWBD,no,NA,NA,-1.875,0.640869944,"-2, -2, -2, -1, -1, -2, -2, -3",contradiction,8,1.000000,-1.875000
1091,SWBD-94,realize,negation,"B: And she got kind of fearful of being on her own. She never really ate very well. It was one thing. She hardly ever took care of herself A: Yeah. B: and she didn't eat. She ate very poor so I think she was, you know, bad, uh, nutrition on top of it. And, uh, she got to the point she didn't want to alone anymore. So, A:","So often I think though, elderly people don't realize that their diet is that bad.",elderly people's diet is that bad,,present,people,third,singular,negation,SWBD,yes,NA,NA,1.818181818,0.873862898,"1, 2, 2, 0, 2, 2, 3, 2, 1, 3, 2",entailment,11,0.909091,1.818182
1092,SWBD-95,think,negation,"A: That's okay. B: Uh, yeah, this is, the, uh, mutual defense thing was, uh, we, it was complicated,",and I don't think everybody knows the whole situation.,everybody knows the whole situation,,present,I,first,singular,negation,SWBD,no,NA,NA,-1.666666667,1.414213562,"-3, -2, -2, -2, -2, 2, -2, -2, -2",contradiction,9,0.888889,-1.666667
1094,SWBD-97,think,negation,"A: or you know, it doesn't seem that it's going to make much of a difference. B: Uh-huh. It, I mean, I don't know,",I don't think George Bush will make the American people happy with ninety-seven cents a week.,George Bush will make American people happy with ninety-seven cents a week,,present,I,first,singular,negation,SWBD,no,NA,NA,-2.555555556,0.527046277,"-2, -3, -2, -3, -3, -3, -3, -2, -2",contradiction,9,1.000000,-2.555556
1095,SWBD-98,think,negation,"B: Well, I was never there for any sentencing. Uh, I finally got empaneled on one case, uh, on my next to the last day, and, uh, we got into the, uh, jury room to, uh, decide the case, and there was one guy on the jury who announced to everybody that he didn't need to deliberate, because he'd already decided that the guy was, uh, not guilty, and he would never vote for guilty. A: Huh. B: So, uh, they appointed me jury foreman","and I, uh, didn't think that, uh, going in without deliberating allowed us to reach a verdict,",going in without deliberating allowed them to reach a verdict,,past,I,first,singular,negation,SWBD,no,NA,NA,-1.545454545,1.507556723,"-1, -2, -2, 0, -2, -3, 2, -3, -3, -2, -1",contradiction,11,0.818182,-1.545455
1096,SWBD-99,believe,negation,"B: And the tanks came in and, you know, pretty much took care of that. A: Exactly. B: And, A: Yeah, uh, that, personally I don't see as Gorbachev as being maybe a threat, and I think he's actually, honestly trying to do some change. B: Uh-huh. A:","But I don't believe that he, in this first pass around, you know, being the first one to really turn things around or attempt to is going to be allowed to get away with it either.",Gorbachev is going to be allowed to get away with doing some change,,present,I,first,singular,negation,SWBD,no,NA,NA,-1.363636364,1.206045378,"-3, -1, -1, -2, -3, 0, -2, 1, -1, -2, -1",contradiction,11,0.818182,-1.363636
1106,WSJ-110,believe,negation,The notion that tracking is somehow ``undemocratic'' is absurd.  The purpose of education is to encourage young men and women to realize their full academic potential.,No one in his right mind actually believes that we all have an equal academic potential.,we all have an equal academic potential,,present,no one,third,singular,negation,WSJ,no,0.75,2.052872552,-1.733333333,2.313521332,"2, -3, -3, 3, 3, -3, -2, -3, -3, -3, -3, -2, -3, -3, -3",contradiction,15,0.800000,-1.733333
1114,WSJ-120,mean,negation,"Robert Erwin, president of Biosource, called Plant Genetic's approach ``interesting'' and ``novel,'' and ``complementary rather than competitive.'' ``There is a large market out there hungry for hybrid seeds,'' he said.","Mr. Robinson of Delta & Pine, the seed producer in Scott, Miss., said Plant Genetic's success in creating genetically engineered male steriles doesn't automatically mean it would be simple to create hybrids in all crops.",it would be simple to create hybrids in all crops,,present,success,third,singular,negation,WSJ,no,0.666666667,1.302677895,-1.533333333,0.915475416,"-3, -2, 0, -1, -1, -1, -2, -2, 0, -2, -1, -2, -2, -1, -3",contradiction,15,0.866667,-1.533333
1120,WSJ-128,show,modal,"His attorneys claim he was framed by the FBI and New York police as part of a campaign to destroy the black liberation movement of the 1960s. Because the federal Freedom of Information Act wasn't law at that time, the FBI wasn't required to turn over information on its investigations when Mr. Ferguson appealed his conviction in the 1960s.","But in federal court in Manhattan, Judge Patterson said the FBI records could show that Mr. Ferguson's arrest was the result of questionable legal practices.",Mr. Ferguson's arrest was the result of questionable legal practices,EP,future,the FBI records,third,plural,modal,WSJ,no,0.818181818,1.940009372,1.666666667,1.046536237,"0, 3, 3, 2, 2, 2, 3, 1, 1, 1, 1, 0, 1, 3, 2",entailment,15,0.866667,1.666667
1126,WSJ-133,mean,negation,"The trend toward lower rents may seem surprising given that some communities in New York are bemoaning the loss of favorite local businesses to high rents.  But, despite the recent softening, for many of these retailers there's still been too big a jump from the rental rates of the late 1970s, when their leases were signed.","Certainly, the recent drop in prices doesn't mean Manhattan comes cheap.",Manhattan comes cheap,,present,the drop,third,singular,negation,WSJ,no,-2.666666667,0.707106781,-2.133333333,0.743223353,"-3, -2, -1, -2, -3, -2, -3, -2, -3, -1, -2, -3, -2, -1, -2",contradiction,15,1.000000,-2.133333
1131,WSJ-17,demand,negation,"Mr. Steinberg made a $59.7 million profit on the sale to Disney of his investment in the company in 1984. But lawyers said Mr. Steinberg probably faced much more potential liability because, when he sued Disney during his takeover battle, he filed on behalf of all shareholders.","When Disney offered to pay Mr. Steinberg a premium for his shares, the New York investor didn't demand the company also pay a premium to other shareholders.",the company would also pay a premium to other shareholders,,past,the NY investor,third,singular,negation,WSJ,no,0.125,1.246423455,-1.333333333,1.447493729,"-3, -3, -1, 2, -3, -1, 1, -2, -1, -2, -2, -2, -2, -1, 0",contradiction,15,0.800000,-1.333333
1134,WSJ-2,suggest,negation,"The best moments in the show occur at the beginning and the end (and occasionally in the middle), when Mr. Mason slips into his standup mode and starts meting out that old-fashioned Jewish mischief to other people as well as to himself.  But too often, these routines lack spark because this sitcom, like all sitcoms, is timid about confronting Mr. Mason's stock in trade - ethnic differences.",I'm not suggesting that the producers start putting together episodes about topics like the Catholic-Jewish dispute over the Carmelite convent at Auschwitz.,the producers should start putting together episodes about topics like the Catholic-Jewish dispute over the Carmelite convent at Auschwitz,,present,I,first,singular,negation,WSJ,no,0,1.256561725,-2.055555556,1.211329956,"-2, -3, -3, -2, -2, -3, -2, -1, -3, -2, -2, -3, -1, -3, -2, 2, -3, -2",contradiction,18,0.944444,-2.055556
1141,WSJ-30,hope,modal,The FCC effort collapsed. The networks and studios have bickered ever since.,"Network officials involved in the studio talks may hope the foreign influx builds more support in Washington, but that seems unlikely.",the foreign influx will build more support in Washington,EP,present,officials,third,plural,modal,WSJ,no,-0.555555556,1.666666667,-1.533333333,0.915475416,"-3, -2, -1, -3, 0, -1, -1, -2, 0, -1, -2, -2, -2, -2, -1",contradiction,15,0.866667,-1.533333
1142,WSJ-31,believe,question,But what we may not know is just what makes somebody a sucker.  What makes people blurt out their credit-card numbers to a caller they 've never heard of?,Do they really believe that the number is just for verification and is simply a formality on the road to being a grand-prize winner?,the number is just for verification and is simply a formality on the road to being a grand-prize winner,,present,they,third,plural,question,WSJ,no,-2.181818182,1.07871978,-2.533333333,0.915475416,"-3, -3, -3, -3, -3, -2, -3, -3, -2, 0, -1, -3, -3, -3, -3",contradiction,15,0.933333,-2.533333
1148,WSJ-37,expect,negation,The South Korean government is signing a protocol today establishing formal diplomatic relations with Poland. The two are also signing a trade agreement.,"South Korean government officials said they don't expect that Seoul can loan money to Warsaw, but it can ``offer experience.''",Seoul can loan money to Warsaw,,present,they,third,plural,negation,WSJ,no,0.818181818,1.167748416,-2.133333333,1.125462868,"-3, -2, -3, 1, -3, -2, -3, -3, -2, -2, -3, -3, -1, -1, -2",contradiction,15,0.933333,-2.133333
1150,WSJ-39,find,modal,"Most zero-coupon CDs are in maturities of six to nine years, and they usually double in value by maturity.  But investors who bought zero-coupon CDs in the secondary market aren't the only ones who may be surprised to learn the full amount of their investments isn't insured.",People who paid a premium for standard CDs purchased on the secondary market could also find that those premiums aren't insured if the institutions that issued the CDs failed.,those premiums aren't insured if the institutions that issued the CDs failed,EP,present,people,third,plural,modal,WSJ,yes,1.909090909,0.831209415,2,1.414213562,"-1, 1, 3, 3, 3, 2, -2, 2, 2, 2, 2, 3, 3, 3, 3, 2, 2, 3",entailment,18,0.888889,2.000000
1151,WSJ-41,mean,negation,"In finding ``good news'' in Berkeley's new freshman admissions plan (``The Privileged Class,'' editorial, Sept. 20), you're reading the headline but not the story. The plan indeed raises from 40% to 50% the number of freshmen applicants admitted strictly by academic criteria.",But that doesn't mean ``half of the students attending Berkeley'' will be admitted this way.,half of the students attending Berkeley will be admitted this way,,present,that,third,singular,negation,WSJ,no,1.5,1.243163121,-1.666666667,1.046536237,"-2, 0, -3, -2, -2, -1, -2, -2, -3, 0, 0, -1, -3, -2, -2",contradiction,15,0.800000,-1.666667
1156,WSJ-49,think,negation,"By late last night, Globe Managing Editor Thomas Mulvoy, bending to the will of his troops, scrapped the new drawings.  For a few days at least, he says, no pictures or drawings of any kind will adorn the columns.","Trouble was, nobody thought they looked right.",the columns looked right,,past,nobody,third,singular,negation,WSJ,no,-0.181818182,1.834021909,-2.0625,1.52616076,"-3, 1, -3, -3, 1, -3, 0, -1, -3, -3, -1, -3, -3, -3, -3, -3",contradiction,16,0.812500,-2.062500
1159,WSJ-52,understand,modal,"We can not, however, join the political chorus that as one proclaims how offputting it is that Mrs. Thatcher refuses to get along by going along.  It is refreshing to see at least one world figure who knows what she believes in and is not inclined to reflexively compromise those beliefs.","Perhaps Mrs. Thatcher understands better than those distressed at her style that ultimately history and Britain's voters will decide who is right about Europe, sanctioning South Africa or running Britain's economy.",ultimately history and Britain's voters will decide who is right about Europe,EP,present,Mrs Tatcher,third,singular,modal,WSJ,yes,0.3,1.059349905,1.466666667,1.505545305,"3, 3, 0, -1, -2, 2, 2, 1, 2, 1, 1, 2, 3, 3, 2",entailment,15,0.800000,1.466667
1167,WSJ-60,suggest,negation,GM confirmed it received U.S. antitrust clearance to boost its holding. Sansui Electric agreed to sell a 51% stake to Polly Peck of Britain for $110 million.,"Still, analysts said the accord doesn't suggest Japan is opening up to more foreign takeovers.",Japan is opening up to more foreign takeovers,,present,the accord,third,singular,negation,WSJ,no,1.1,0.737864787,-1.2,1.014185106,"-2, -2, -1, -1, 0, -2, -2, -2, -1, -1, 1, -1, 0, -1, -3",contradiction,15,0.800000,-1.200000
1170,WSJ-64,realize,modal,"So who knows? In a generation or two some of the New Crowd may attain true respectability, perhaps to be displaced in turn by a later flock of unscrupulous raptors.","Or perhaps Wall Street, when it has suffered enough, will realize that finance is a service industry, and change its ethos.",finance is a service industry,EP,future,Wall Street,third,singular,modal,WSJ,yes,0.333333333,0.866025404,2.375,0.885061203,"3, 1, 2, 2, 2, 3, 3, 3, 3, 3, 2, 3, 0, 2, 3, 3",entailment,16,0.937500,2.375000
1173,WSJ-68,know,negation,"After the discarded mural was found outside the school by a concerned Stamford graduate, it eventually was turned over to Hiram Hoelzer, a professional art restorer. Throughout the 1970s, Stamford school and city officials made no effort to locate the mural.","Apparently the officials didn't even know the mural was missing until 1980, when a researcher found that the painting was in Mr. Hoelzer's studio and questioned school officials about it.",the mural was missing,,past,the officials,third,plural,negation,WSJ,yes,0.4,2.796823595,2.555555556,0.615698763,"2, 3, 3, 3, 3, 2, 3, 3, 3, 1, 3, 2, 3, 3, 2, 2, 3, 2",entailment,18,1.000000,2.555556
1174,WSJ-69,think,negation,"``We aren't inclined to prune stock portfolios now,'' says Steven G. Einhorn, chairman of the investment policy committee of Goldman, Sachs & Co. ``Investors should stay with their stocks.''","We expect a choppy and sloppy market for a short period, but we don't think it will be ugly.",it will be ugly,,present,we,first,plural,negation,WSJ,no,0.777777778,1.201850425,-1.0625,0.997914492,"-2, 0, -1, -2, -2, -2, -1, -1, -1, -2, 1, -2, -1, 1, -1, -1",contradiction,16,0.812500,-1.062500
1175,WSJ-71,find,negation,"Robert H. Knight's Oct. 5 editorial-page article bemoaning violence in comedy movies (``Hollywood, You Slay Me'') is interesting, but somewhat off-base.","As a fan of older movies from the 1920s on, I do not find modern comedies contain violence, sex and foul language to any greater degree than other recent movies.",modern comedies contain violence,,present,I,first,singular,negation,WSJ,yes,-0.363636364,1.566698904,-1.888888889,1.906301898,"-3, -2, -2, -3, -3, -3, -3, 3, -3, -1, -1, -2, -3, -3, -3, -2, 3, -3",contradiction,18,0.888889,-1.888889
1178,WSJ-75,forget,negation,"``There's still room for boutique properties,'' says James Barrett, president of MarCor Resorts Inc. Off the Strip, MarCor is building the Rio, a hotel-casino with a Brazilian theme and only 430 rooms -- all of them suites.","Despite the proliferation of tourist distractions, Las Vegans haven't forgot that gambling is still what the town is all about.",gambling is still what the town is all about,,past,Las Vegans,third,plural,negation,WSJ,yes,0.363636364,1.433368569,2.5,0.730296743,"3, 3, 3, 1, 2, 2, 3, 3, 1, 2, 3, 2, 3, 3, 3, 3",entailment,16,1.000000,2.500000
1180,WSJ-77,see,modal,"Occasionally, gross chromosome damage was visible.  Dr. Knudson found that some children with the eye cancer had inherited a damaged copy of chromosome No. 13 from a parent who had had the disease.",Under a microscope he could actually see that a bit of chromosome 13 was missing.,a bit of chromosome 13 was missing,AB,past,he,third,singular,modal,WSJ,yes,-0.4,2.412928143,2.5625,0.727438428,"1, 3, 3, 1, 3, 2, 3, 2, 3, 3, 3, 3, 2, 3, 3, 3",entailment,16,1.000000,2.562500
1182,WSJ-79,notice,negation,,Richard Breeden had n't noticed that his new desk had just four telephone lines and one phone .,Richard Breeden's new desk had just four telephone lines and one phone,,past,Breeden,third,singular,negation,WSJ,yes,NA,NA,1.75,2.081665999,"3, 3, 1, 1, 3, 3, -3, 3, 0, 2, 3, 3, 3, -3, 3, 3",entailment,16,0.812500,1.750000
1194,WSJ-92,think,negation,``Everyone was a little concerned about the general narrowness of the rally and failure of the OTC market to get into plus territory. It's just a strange feeling.'',I don't think anyone left the place whistling Dixie.'',anyone left the place whistling Dixie,,present,I,first,singular,negation,WSJ,no,-1.5,1.445997611,-1.8,1.82051798,"-2, 3, -2, -3, -2, -3, -3, -2, -2, 2, -2, -3, -2, -3, -3",contradiction,15,0.866667,-1.800000
1195,WSJ-93,know,negation,"The city's Campaign Finance Board has refused to pay Mr. Dinkins $95,142 in matching funds because his campaign records are incomplete.  The campaign has blamed these reporting problems on computer errors.","And, says Mr. Dinkins, he didn't know the man his campaign paid for a get-out-the-vote effort had been convicted of kidnapping.",the man Mr. Dinkins' campaign paid for a get-out-the-vote effort had been convicted of kidnapping,,past,he,third,singular,negation,WSJ,yes,-0.818181818,1.401298099,1.8125,1.470544117,"3, 3, -2, 3, 3, 3, 3, 1, 2, 1, 1, 0, 3, 1, 3, 1",entailment,16,0.875000,1.812500
1198,WSJ-97,expect,modal,"Under the Racketeer Influenced and Corrupt Organizations law, or RICO, the government has the authority to seek to freeze or seize a defendant's assets before trial.  According to individuals familiar with Mr. Antar's case, prosecutors issued their warning this week after one of Mr. Antar's attorneys asked whether legal fees might be subject to seizure.","In a letter, prosecutors told Mr. Antar's lawyers that because of the recent Supreme Court rulings, they could expect that any fees collected from Mr. Antar may be seized.",any fees collected from Mr. Antar may be seized,AB,present,they,third,plural,modal,WSJ,no,1.6,1.264911064,2.058823529,1.477776549,"1, 3, -3, 3, 3, 3, 2, 2, 1, 2, 2, 3, 2, 2, 3, 3, 3",entailment,17,0.941176,2.058824
1199,WSJ-98,believe,negation,"Talks between the two sides could unravel, of course, as they have more than once since Sony announced its plans to hire Mr. Guber and Mr. Peters.  But both sides appear to be more willing now to meet each other's terms to resolve the issue.","And although Warner has said it wanted the producers to fulfill the terms of their contract, the producers said in sworn court declarations that they didn't believe the relationship could be repaired after the acrimony of the legal battle.",the relationship could be repaired after the acrimony of the legal battle,,present,they,third,plural,negation,WSJ,no,1.083333333,1.378954369,-1.733333333,1.751190072,"-1, -3, -3, -1, -2, 1, -3, -3, -3, -3, 2, -2, -3, -3, 1",contradiction,15,0.800000,-1.733333
